Process,PID,User,Handle,Type,Share Flags,Name,Access Mask
ReetFPS.exe,15040,DESKTOP-M4PIKSF\dani,0x00000004,Event,,,READ_CONTROL|DELETE|SYNCHRONIZE|WRITE_DAC|WRITE_OWNER|EVENT_ALL_ACCESS
ReetFPS.exe,15040,DESKTOP-M4PIKSF\dani,0x00000008,Event,,,READ_CONTROL|DELETE|SYNCHRONIZE|WRITE_DAC|WRITE_OWNER|EVENT_ALL_ACCESS
ReetFPS.exe,15040,DESKTOP-M4PIKSF\dani,0x0000000C,Key,,HKLM\SOFTWARE\Microsoft\Windows NT\CurrentVersion\Image File Execution Options,QUERY_VALUE|ENUMERATE_SUB_KEYS
ReetFPS.exe,15040,DESKTOP-M4PIKSF\dani,0x00000010,TpWorkerFactory,,,READ_CONTROL|DELETE|WRITE_DAC|WRITE_OWNER|0xF00FF
ReetFPS.exe,15040,DESKTOP-M4PIKSF\dani,0x00000014,IoCompletion,,,READ_CONTROL|DELETE|SYNCHRONIZE|WRITE_DAC|WRITE_OWNER|0x1F0003
ReetFPS.exe,15040,DESKTOP-M4PIKSF\dani,0x00000018,WaitCompletionPacket,,,0x0001
ReetFPS.exe,15040,DESKTOP-M4PIKSF\dani,0x0000001C,Event,,,READ_CONTROL|DELETE|SYNCHRONIZE|WRITE_DAC|WRITE_OWNER|EVENT_ALL_ACCESS
ReetFPS.exe,15040,DESKTOP-M4PIKSF\dani,0x00000020,IRTimer,,,SYNCHRONIZE|0x100002
ReetFPS.exe,15040,DESKTOP-M4PIKSF\dani,0x00000024,WaitCompletionPacket,,,0x0001
ReetFPS.exe,15040,DESKTOP-M4PIKSF\dani,0x00000028,IRTimer,,,SYNCHRONIZE|0x100002
ReetFPS.exe,15040,DESKTOP-M4PIKSF\dani,0x0000002C,WaitCompletionPacket,,,0x0001
ReetFPS.exe,15040,DESKTOP-M4PIKSF\dani,0x00000030,EtwRegistration,,,0x0804
ReetFPS.exe,15040,DESKTOP-M4PIKSF\dani,0x00000034,EtwRegistration,,,0x0804
ReetFPS.exe,15040,DESKTOP-M4PIKSF\dani,0x00000038,EtwRegistration,,,0x0804
ReetFPS.exe,15040,DESKTOP-M4PIKSF\dani,0x0000003C,EtwRegistration,,,0x0804
ReetFPS.exe,15040,DESKTOP-M4PIKSF\dani,0x00000040,Directory,,\KnownDlls,QUERY|TRAVERSE
ReetFPS.exe,15040,DESKTOP-M4PIKSF\dani,0x00000044,Event,,,READ_CONTROL|DELETE|SYNCHRONIZE|WRITE_DAC|WRITE_OWNER|EVENT_ALL_ACCESS
ReetFPS.exe,15040,DESKTOP-M4PIKSF\dani,0x00000048,Event,,,READ_CONTROL|DELETE|SYNCHRONIZE|WRITE_DAC|WRITE_OWNER|EVENT_ALL_ACCESS
ReetFPS.exe,15040,DESKTOP-M4PIKSF\dani,0x0000004C,File,RW-,C:\Windows,SYNCHRONIZE|EXECUTE
ReetFPS.exe,15040,DESKTOP-M4PIKSF\dani,0x00000050,Event,,,READ_CONTROL|DELETE|SYNCHRONIZE|WRITE_DAC|WRITE_OWNER|EVENT_ALL_ACCESS
ReetFPS.exe,15040,DESKTOP-M4PIKSF\dani,0x00000054,Directory,,\KnownDlls32,QUERY|TRAVERSE
ReetFPS.exe,15040,DESKTOP-M4PIKSF\dani,0x00000058,Event,,,READ_CONTROL|DELETE|SYNCHRONIZE|WRITE_DAC|WRITE_OWNER|EVENT_ALL_ACCESS
ReetFPS.exe,15040,DESKTOP-M4PIKSF\dani,0x0000005C,TpWorkerFactory,,,READ_CONTROL|DELETE|WRITE_DAC|WRITE_OWNER|0xF00FF
ReetFPS.exe,15040,DESKTOP-M4PIKSF\dani,0x00000060,IoCompletion,,,READ_CONTROL|DELETE|SYNCHRONIZE|WRITE_DAC|WRITE_OWNER|0x1F0003
ReetFPS.exe,15040,DESKTOP-M4PIKSF\dani,0x00000064,WaitCompletionPacket,,,0x0001
ReetFPS.exe,15040,DESKTOP-M4PIKSF\dani,0x00000068,Event,,,READ_CONTROL|DELETE|SYNCHRONIZE|WRITE_DAC|WRITE_OWNER|EVENT_ALL_ACCESS
ReetFPS.exe,15040,DESKTOP-M4PIKSF\dani,0x0000006C,IRTimer,,,SYNCHRONIZE|0x100002
ReetFPS.exe,15040,DESKTOP-M4PIKSF\dani,0x00000070,WaitCompletionPacket,,,0x0001
ReetFPS.exe,15040,DESKTOP-M4PIKSF\dani,0x00000074,IRTimer,,,SYNCHRONIZE|0x100002
ReetFPS.exe,15040,DESKTOP-M4PIKSF\dani,0x00000078,WaitCompletionPacket,,,0x0001
ReetFPS.exe,15040,DESKTOP-M4PIKSF\dani,0x0000007C,EtwRegistration,,,0x0804
ReetFPS.exe,15040,DESKTOP-M4PIKSF\dani,0x00000080,EtwRegistration,,,0x0804
ReetFPS.exe,15040,DESKTOP-M4PIKSF\dani,0x00000084,EtwRegistration,,,0x0804
ReetFPS.exe,15040,DESKTOP-M4PIKSF\dani,0x00000088,Directory,,\KnownDlls32,QUERY|TRAVERSE
ReetFPS.exe,15040,DESKTOP-M4PIKSF\dani,0x0000008C,Event,,,READ_CONTROL|DELETE|SYNCHRONIZE|WRITE_DAC|WRITE_OWNER|EVENT_ALL_ACCESS
ReetFPS.exe,15040,DESKTOP-M4PIKSF\dani,0x00000090,Event,,,READ_CONTROL|DELETE|SYNCHRONIZE|WRITE_DAC|WRITE_OWNER|EVENT_ALL_ACCESS
ReetFPS.exe,15040,DESKTOP-M4PIKSF\dani,0x00000094,File,RW-,C:\ReetFPS - Optimizer,SYNCHRONIZE|EXECUTE
ReetFPS.exe,15040,DESKTOP-M4PIKSF\dani,0x00000098,SchedulerSharedData,,,0x0001
ReetFPS.exe,15040,DESKTOP-M4PIKSF\dani,0x0000009C,EtwRegistration,,,0x0804
ReetFPS.exe,15040,DESKTOP-M4PIKSF\dani,0x000000A0,EtwRegistration,,,0x0804
ReetFPS.exe,15040,DESKTOP-M4PIKSF\dani,0x000000A4,ALPC Port,,,READ_CONTROL|DELETE|SYNCHRONIZE|WRITE_DAC|WRITE_OWNER|CONNECT
ReetFPS.exe,15040,DESKTOP-M4PIKSF\dani,0x000000A8,Event,,,READ_CONTROL|DELETE|SYNCHRONIZE|WRITE_DAC|WRITE_OWNER|EVENT_ALL_ACCESS
ReetFPS.exe,15040,DESKTOP-M4PIKSF\dani,0x000000AC,WaitCompletionPacket,,,0x0001
ReetFPS.exe,15040,DESKTOP-M4PIKSF\dani,0x000000B0,Mutant,,\Sessions\1\BaseNamedObjects\SM0:15040:168:WilStaging_02,READ_CONTROL|DELETE|SYNCHRONIZE|WRITE_DAC|WRITE_OWNER|MUTANT_ALL_ACCESS
ReetFPS.exe,15040,DESKTOP-M4PIKSF\dani,0x000000B4,Directory,,\Sessions\1\BaseNamedObjects,QUERY|TRAVERSE|CREATE_OBJECT|CREATE_SUBDIRECTORY
ReetFPS.exe,15040,DESKTOP-M4PIKSF\dani,0x000000B8,Semaphore,,\Sessions\1\BaseNamedObjects\SM0:15040:168:WilStaging_02_p0,READ_CONTROL|DELETE|SYNCHRONIZE|WRITE_DAC|WRITE_OWNER|SEMAPHORE_ALL_ACCESS
ReetFPS.exe,15040,DESKTOP-M4PIKSF\dani,0x000000BC,EtwRegistration,,,0x0804
ReetFPS.exe,15040,DESKTOP-M4PIKSF\dani,0x000000C0,EtwRegistration,,,0x0804
ReetFPS.exe,15040,DESKTOP-M4PIKSF\dani,0x000000C4,EtwRegistration,,,0x0804
ReetFPS.exe,15040,DESKTOP-M4PIKSF\dani,0x000000C8,EtwRegistration,,,0x0804
ReetFPS.exe,15040,DESKTOP-M4PIKSF\dani,0x000000CC,EtwRegistration,,,0x0804
ReetFPS.exe,15040,DESKTOP-M4PIKSF\dani,0x000000D0,EtwRegistration,,,0x0804
ReetFPS.exe,15040,DESKTOP-M4PIKSF\dani,0x000000D4,EtwRegistration,,,0x0804
ReetFPS.exe,15040,DESKTOP-M4PIKSF\dani,0x000000D8,EtwRegistration,,,0x0804
ReetFPS.exe,15040,DESKTOP-M4PIKSF\dani,0x000000DC,EtwRegistration,,,0x0804
ReetFPS.exe,15040,DESKTOP-M4PIKSF\dani,0x000000E0,Key,,HKLM\SYSTEM\ControlSet001\Control\Nls\CustomLocale,QUERY_VALUE
ReetFPS.exe,15040,DESKTOP-M4PIKSF\dani,0x000000E4,EtwRegistration,,,0x0804
ReetFPS.exe,15040,DESKTOP-M4PIKSF\dani,0x000000E8,IoCompletion,,,READ_CONTROL|DELETE|SYNCHRONIZE|WRITE_DAC|WRITE_OWNER|0x1F0003
ReetFPS.exe,15040,DESKTOP-M4PIKSF\dani,0x000000EC,TpWorkerFactory,,,READ_CONTROL|DELETE|WRITE_DAC|WRITE_OWNER|0xF00FF
ReetFPS.exe,15040,DESKTOP-M4PIKSF\dani,0x000000F0,IRTimer,,,SYNCHRONIZE|0x100002
ReetFPS.exe,15040,DESKTOP-M4PIKSF\dani,0x000000F4,WaitCompletionPacket,,,0x0001
ReetFPS.exe,15040,DESKTOP-M4PIKSF\dani,0x000000F8,IRTimer,,,SYNCHRONIZE|0x100002
ReetFPS.exe,15040,DESKTOP-M4PIKSF\dani,0x000000FC,WaitCompletionPacket,,,0x0001
ReetFPS.exe,15040,DESKTOP-M4PIKSF\dani,0x00000100,Key,,HKLM\SYSTEM\ControlSet001\Control\Session Manager,QUERY_VALUE
ReetFPS.exe,15040,DESKTOP-M4PIKSF\dani,0x00000104,EtwRegistration,,,0x0804
ReetFPS.exe,15040,DESKTOP-M4PIKSF\dani,0x00000108,EtwRegistration,,,0x0804
ReetFPS.exe,15040,DESKTOP-M4PIKSF\dani,0x0000010C,EtwRegistration,,,0x0804
ReetFPS.exe,15040,DESKTOP-M4PIKSF\dani,0x00000110,Key,,HKLM\SYSTEM\ControlSet001\Control\Nls\Sorting\Versions,READ_CONTROL|KEY_READ
ReetFPS.exe,15040,DESKTOP-M4PIKSF\dani,0x00000114,EtwRegistration,,,0x0804
ReetFPS.exe,15040,DESKTOP-M4PIKSF\dani,0x00000118,File,RW-,C:\Windows\WinSxS\x86_microsoft.windows.common-controls_6595b64144ccf1df_6.0.26100.9278_none_85ba527ff7ac5b07,SYNCHRONIZE|EXECUTE
ReetFPS.exe,15040,DESKTOP-M4PIKSF\dani,0x0000011C,Event,,,READ_CONTROL|DELETE|SYNCHRONIZE|WRITE_DAC|WRITE_OWNER|EVENT_ALL_ACCESS
ReetFPS.exe,15040,DESKTOP-M4PIKSF\dani,0x00000120,EtwRegistration,,,0x0804
ReetFPS.exe,15040,DESKTOP-M4PIKSF\dani,0x00000124,EtwRegistration,,,0x0804
ReetFPS.exe,15040,DESKTOP-M4PIKSF\dani,0x00000128,EtwRegistration,,,0x0804
ReetFPS.exe,15040,DESKTOP-M4PIKSF\dani,0x0000012C,EtwRegistration,,,0x0804
ReetFPS.exe,15040,DESKTOP-M4PIKSF\dani,0x00000130,EtwRegistration,,,0x0804
ReetFPS.exe,15040,DESKTOP-M4PIKSF\dani,0x00000134,Event,,,READ_CONTROL|DELETE|SYNCHRONIZE|WRITE_DAC|WRITE_OWNER|EVENT_ALL_ACCESS
ReetFPS.exe,15040,DESKTOP-M4PIKSF\dani,0x00000138,IoCompletion,,,READ_CONTROL|DELETE|SYNCHRONIZE|WRITE_DAC|WRITE_OWNER|0x1F0003
ReetFPS.exe,15040,DESKTOP-M4PIKSF\dani,0x0000013C,WindowStation,,\Sessions\1\Windows\WindowStations\WinSta0,READ_CONTROL|DELETE|WRITE_DAC|WRITE_OWNER|WINSTA_ALL_ACCESS
ReetFPS.exe,15040,DESKTOP-M4PIKSF\dani,0x00000140,EtwRegistration,,,0x0804
ReetFPS.exe,15040,DESKTOP-M4PIKSF\dani,0x00000144,Key,,HKLM\SOFTWARE\Microsoft\Windows NT\CurrentVersion\Image File Execution Options,QUERY_VALUE|ENUMERATE_SUB_KEYS
ReetFPS.exe,15040,DESKTOP-M4PIKSF\dani,0x00000148,Desktop,,\Default,READ_CONTROL|DELETE|WRITE_DAC|WRITE_OWNER|ENUMERATE|READOBJECTS|CREATEWINDOW|CREATEMENU|HOOKCONTROL|JOURNALRECORD|JOURNALPLAYBACK|WRITEOBJECTS|SWITCHDESKTOP
ReetFPS.exe,15040,DESKTOP-M4PIKSF\dani,0x0000014C,WindowStation,,\Sessions\1\Windows\WindowStations\WinSta0,READ_CONTROL|DELETE|WRITE_DAC|WRITE_OWNER|WINSTA_ALL_ACCESS
ReetFPS.exe,15040,DESKTOP-M4PIKSF\dani,0x00000150,Key,,HKLM,READ_CONTROL|DELETE|WRITE_DAC|WRITE_OWNER|KEY_ALL_ACCESS
ReetFPS.exe,15040,DESKTOP-M4PIKSF\dani,0x00000154,Key,,HKLM,READ_CONTROL|KEY_READ
ReetFPS.exe,15040,DESKTOP-M4PIKSF\dani,0x00000158,Key,,HKLM\SOFTWARE\Microsoft\Ole,READ_CONTROL|KEY_READ
ReetFPS.exe,15040,DESKTOP-M4PIKSF\dani,0x0000015C,Event,,,READ_CONTROL|DELETE|SYNCHRONIZE|WRITE_DAC|WRITE_OWNER|EVENT_ALL_ACCESS
ReetFPS.exe,15040,DESKTOP-M4PIKSF\dani,0x00000160,EtwRegistration,,,0x0804
ReetFPS.exe,15040,DESKTOP-M4PIKSF\dani,0x00000164,EtwRegistration,,,0x0804
ReetFPS.exe,15040,DESKTOP-M4PIKSF\dani,0x00000168,EtwRegistration,,,0x0804
ReetFPS.exe,15040,DESKTOP-M4PIKSF\dani,0x0000016C,Event,,,READ_CONTROL|DELETE|SYNCHRONIZE|WRITE_DAC|WRITE_OWNER|EVENT_ALL_ACCESS
ReetFPS.exe,15040,DESKTOP-M4PIKSF\dani,0x00000170,Event,,,READ_CONTROL|DELETE|SYNCHRONIZE|WRITE_DAC|WRITE_OWNER|EVENT_ALL_ACCESS
ReetFPS.exe,15040,DESKTOP-M4PIKSF\dani,0x00000174,Event,,,READ_CONTROL|DELETE|SYNCHRONIZE|WRITE_DAC|WRITE_OWNER|EVENT_ALL_ACCESS
ReetFPS.exe,15040,DESKTOP-M4PIKSF\dani,0x00000178,Event,,,READ_CONTROL|DELETE|SYNCHRONIZE|WRITE_DAC|WRITE_OWNER|EVENT_ALL_ACCESS
ReetFPS.exe,15040,DESKTOP-M4PIKSF\dani,0x0000017C,Event,,,READ_CONTROL|DELETE|SYNCHRONIZE|WRITE_DAC|WRITE_OWNER|EVENT_ALL_ACCESS
ReetFPS.exe,15040,DESKTOP-M4PIKSF\dani,0x00000180,Event,,,READ_CONTROL|DELETE|SYNCHRONIZE|WRITE_DAC|WRITE_OWNER|EVENT_ALL_ACCESS
ReetFPS.exe,15040,DESKTOP-M4PIKSF\dani,0x00000184,EtwRegistration,,,0x0804
ReetFPS.exe,15040,DESKTOP-M4PIKSF\dani,0x00000188,EtwRegistration,,,0x0804
ReetFPS.exe,15040,DESKTOP-M4PIKSF\dani,0x0000018C,EtwRegistration,,,0x0804
ReetFPS.exe,15040,DESKTOP-M4PIKSF\dani,0x00000190,EtwRegistration,,,0x0804
ReetFPS.exe,15040,DESKTOP-M4PIKSF\dani,0x00000194,EtwRegistration,,,0x0804
ReetFPS.exe,15040,DESKTOP-M4PIKSF\dani,0x00000198,EtwRegistration,,,0x0804
ReetFPS.exe,15040,DESKTOP-M4PIKSF\dani,0x0000019C,EtwRegistration,,,0x0804
ReetFPS.exe,15040,DESKTOP-M4PIKSF\dani,0x000001A0,EtwRegistration,,,0x0804
ReetFPS.exe,15040,DESKTOP-M4PIKSF\dani,0x000001A4,EtwRegistration,,,0x0804
ReetFPS.exe,15040,DESKTOP-M4PIKSF\dani,0x000001A8,EtwRegistration,,,0x0804
ReetFPS.exe,15040,DESKTOP-M4PIKSF\dani,0x000001AC,EtwRegistration,,,0x0804
ReetFPS.exe,15040,DESKTOP-M4PIKSF\dani,0x000001B0,EtwRegistration,,,0x0804
ReetFPS.exe,15040,DESKTOP-M4PIKSF\dani,0x000001B4,EtwRegistration,,,0x0804
ReetFPS.exe,15040,DESKTOP-M4PIKSF\dani,0x000001B8,EtwRegistration,,,0x0804
ReetFPS.exe,15040,DESKTOP-M4PIKSF\dani,0x000001BC,EtwRegistration,,,0x0804
ReetFPS.exe,15040,DESKTOP-M4PIKSF\dani,0x000001C0,EtwRegistration,,,0x0804
ReetFPS.exe,15040,DESKTOP-M4PIKSF\dani,0x000001C4,EtwRegistration,,,0x0804
ReetFPS.exe,15040,DESKTOP-M4PIKSF\dani,0x000001C8,Semaphore,,,SYNCHRONIZE|MODIFY_STATE
ReetFPS.exe,15040,DESKTOP-M4PIKSF\dani,0x000001CC,Semaphore,,,SYNCHRONIZE|MODIFY_STATE
ReetFPS.exe,15040,DESKTOP-M4PIKSF\dani,0x000001D0,EtwRegistration,,,0x0804
ReetFPS.exe,15040,DESKTOP-M4PIKSF\dani,0x000001D4,EtwRegistration,,,0x0804
ReetFPS.exe,15040,DESKTOP-M4PIKSF\dani,0x000001D8,EtwRegistration,,,0x0804
ReetFPS.exe,15040,DESKTOP-M4PIKSF\dani,0x000001DC,Semaphore,,,SYNCHRONIZE|MODIFY_STATE
ReetFPS.exe,15040,DESKTOP-M4PIKSF\dani,0x000001E0,Semaphore,,,SYNCHRONIZE|MODIFY_STATE
ReetFPS.exe,15040,DESKTOP-M4PIKSF\dani,0x000001E4,EtwRegistration,,,0x0804
ReetFPS.exe,15040,DESKTOP-M4PIKSF\dani,0x000001E8,EtwRegistration,,,0x0804
ReetFPS.exe,15040,DESKTOP-M4PIKSF\dani,0x000001EC,EtwRegistration,,,0x0804
ReetFPS.exe,15040,DESKTOP-M4PIKSF\dani,0x000001F0,EtwRegistration,,,0x0804
ReetFPS.exe,15040,DESKTOP-M4PIKSF\dani,0x000001F4,EtwRegistration,,,0x0804
ReetFPS.exe,15040,DESKTOP-M4PIKSF\dani,0x000001F8,EtwRegistration,,,0x0804
ReetFPS.exe,15040,DESKTOP-M4PIKSF\dani,0x000001FC,EtwRegistration,,,0x0804
ReetFPS.exe,15040,DESKTOP-M4PIKSF\dani,0x00000200,EtwRegistration,,,0x0804
ReetFPS.exe,15040,DESKTOP-M4PIKSF\dani,0x00000204,EtwRegistration,,,0x0804
ReetFPS.exe,15040,DESKTOP-M4PIKSF\dani,0x00000208,EtwRegistration,,,0x0804
ReetFPS.exe,15040,DESKTOP-M4PIKSF\dani,0x0000020C,EtwRegistration,,,0x0804
ReetFPS.exe,15040,DESKTOP-M4PIKSF\dani,0x00000210,EtwRegistration,,,0x0804
ReetFPS.exe,15040,DESKTOP-M4PIKSF\dani,0x00000214,Event,,,READ_CONTROL|DELETE|SYNCHRONIZE|WRITE_DAC|WRITE_OWNER|EVENT_ALL_ACCESS
ReetFPS.exe,15040,DESKTOP-M4PIKSF\dani,0x00000218,EtwRegistration,,,0x0804
ReetFPS.exe,15040,DESKTOP-M4PIKSF\dani,0x0000021C,File,---,\Device\DeviceApi,READ_CONTROL|SYNCHRONIZE|FILE_GENERIC_READ
ReetFPS.exe,15040,DESKTOP-M4PIKSF\dani,0x00000220,EtwRegistration,,,0x0804
ReetFPS.exe,15040,DESKTOP-M4PIKSF\dani,0x00000224,EtwRegistration,,,0x0804
ReetFPS.exe,15040,DESKTOP-M4PIKSF\dani,0x00000228,EtwRegistration,,,0x0804
ReetFPS.exe,15040,DESKTOP-M4PIKSF\dani,0x0000022C,EtwRegistration,,,0x0804
ReetFPS.exe,15040,DESKTOP-M4PIKSF\dani,0x00000230,EtwRegistration,,,0x0804
ReetFPS.exe,15040,DESKTOP-M4PIKSF\dani,0x00000234,EtwRegistration,,,0x0804
ReetFPS.exe,15040,DESKTOP-M4PIKSF\dani,0x00000238,EtwRegistration,,,0x0804
ReetFPS.exe,15040,DESKTOP-M4PIKSF\dani,0x0000023C,EtwRegistration,,,0x0804
ReetFPS.exe,15040,DESKTOP-M4PIKSF\dani,0x00000240,EtwRegistration,,,0x0804
ReetFPS.exe,15040,DESKTOP-M4PIKSF\dani,0x00000244,EtwRegistration,,,0x0804
ReetFPS.exe,15040,DESKTOP-M4PIKSF\dani,0x00000248,EtwRegistration,,,0x0804
ReetFPS.exe,15040,DESKTOP-M4PIKSF\dani,0x0000024C,EtwRegistration,,,0x0804
ReetFPS.exe,15040,DESKTOP-M4PIKSF\dani,0x00000250,EtwRegistration,,,0x0804
ReetFPS.exe,15040,DESKTOP-M4PIKSF\dani,0x00000254,EtwRegistration,,,0x0804
ReetFPS.exe,15040,DESKTOP-M4PIKSF\dani,0x00000258,EtwRegistration,,,0x0804
ReetFPS.exe,15040,DESKTOP-M4PIKSF\dani,0x0000025C,EtwRegistration,,,0x0804
ReetFPS.exe,15040,DESKTOP-M4PIKSF\dani,0x00000260,EtwRegistration,,,0x0804
ReetFPS.exe,15040,DESKTOP-M4PIKSF\dani,0x00000264,EtwRegistration,,,0x0804
ReetFPS.exe,15040,DESKTOP-M4PIKSF\dani,0x00000268,EtwRegistration,,,0x0804
ReetFPS.exe,15040,DESKTOP-M4PIKSF\dani,0x0000026C,EtwRegistration,,,0x0804
ReetFPS.exe,15040,DESKTOP-M4PIKSF\dani,0x00000270,EtwRegistration,,,0x0804
ReetFPS.exe,15040,DESKTOP-M4PIKSF\dani,0x00000274,EtwRegistration,,,0x0804
ReetFPS.exe,15040,DESKTOP-M4PIKSF\dani,0x00000278,EtwRegistration,,,0x0804
ReetFPS.exe,15040,DESKTOP-M4PIKSF\dani,0x0000027C,Key,,HKCU,READ_CONTROL|DELETE|WRITE_DAC|WRITE_OWNER|KEY_ALL_ACCESS
ReetFPS.exe,15040,DESKTOP-M4PIKSF\dani,0x00000280,Key,,HKLM\SYSTEM\ControlSet001\Control\Nls\Sorting\Ids,READ_CONTROL|KEY_READ
ReetFPS.exe,15040,DESKTOP-M4PIKSF\dani,0x00000284,Event,,,READ_CONTROL|DELETE|SYNCHRONIZE|WRITE_DAC|WRITE_OWNER|EVENT_ALL_ACCESS
ReetFPS.exe,15040,DESKTOP-M4PIKSF\dani,0x00000288,Event,,,READ_CONTROL|DELETE|SYNCHRONIZE|WRITE_DAC|WRITE_OWNER|EVENT_ALL_ACCESS
ReetFPS.exe,15040,DESKTOP-M4PIKSF\dani,0x0000028C,Event,,,READ_CONTROL|DELETE|SYNCHRONIZE|WRITE_DAC|WRITE_OWNER|EVENT_ALL_ACCESS
ReetFPS.exe,15040,DESKTOP-M4PIKSF\dani,0x00000290,Section,,\Windows\Theme1576930837,MAP_READ
ReetFPS.exe,15040,DESKTOP-M4PIKSF\dani,0x00000294,Section,,\Sessions\1\Windows\Theme3516149175,MAP_READ
ReetFPS.exe,15040,DESKTOP-M4PIKSF\dani,0x00000298,EtwRegistration,,,0x0804
ReetFPS.exe,15040,DESKTOP-M4PIKSF\dani,0x0000029C,EtwRegistration,,,0x0804
ReetFPS.exe,15040,DESKTOP-M4PIKSF\dani,0x000002A0,EtwRegistration,,,0x0804
ReetFPS.exe,15040,DESKTOP-M4PIKSF\dani,0x000002A4,EtwRegistration,,,0x0804
ReetFPS.exe,15040,DESKTOP-M4PIKSF\dani,0x000002A8,EtwRegistration,,,0x0804
ReetFPS.exe,15040,DESKTOP-M4PIKSF\dani,0x000002AC,Event,,,READ_CONTROL|DELETE|SYNCHRONIZE|WRITE_DAC|WRITE_OWNER|EVENT_ALL_ACCESS
ReetFPS.exe,15040,DESKTOP-M4PIKSF\dani,0x000002B0,Event,,,READ_CONTROL|DELETE|SYNCHRONIZE|WRITE_DAC|WRITE_OWNER|EVENT_ALL_ACCESS
ReetFPS.exe,15040,DESKTOP-M4PIKSF\dani,0x000002B4,EtwRegistration,,,0x0804
ReetFPS.exe,15040,DESKTOP-M4PIKSF\dani,0x000002B8,EtwRegistration,,,0x0804
ReetFPS.exe,15040,DESKTOP-M4PIKSF\dani,0x000002BC,File,---,\Device\CNG,SYNCHRONIZE|READ_DATA
ReetFPS.exe,15040,DESKTOP-M4PIKSF\dani,0x000002C0,Event,,,READ_CONTROL|DELETE|SYNCHRONIZE|WRITE_DAC|WRITE_OWNER|EVENT_ALL_ACCESS
ReetFPS.exe,15040,DESKTOP-M4PIKSF\dani,0x000002C4,EtwRegistration,,,0x0804
ReetFPS.exe,15040,DESKTOP-M4PIKSF\dani,0x000002C8,EtwRegistration,,,0x0804
ReetFPS.exe,15040,DESKTOP-M4PIKSF\dani,0x000002CC,Event,,,READ_CONTROL|DELETE|SYNCHRONIZE|WRITE_DAC|WRITE_OWNER|EVENT_ALL_ACCESS
ReetFPS.exe,15040,DESKTOP-M4PIKSF\dani,0x000002D0,EtwRegistration,,,0x0804
ReetFPS.exe,15040,DESKTOP-M4PIKSF\dani,0x000002D4,EtwRegistration,,,0x0804
ReetFPS.exe,15040,DESKTOP-M4PIKSF\dani,0x000002D8,EtwRegistration,,,0x0804
ReetFPS.exe,15040,DESKTOP-M4PIKSF\dani,0x000002DC,Event,,,READ_CONTROL|DELETE|SYNCHRONIZE|WRITE_DAC|WRITE_OWNER|EVENT_ALL_ACCESS
ReetFPS.exe,15040,DESKTOP-M4PIKSF\dani,0x000002E0,Thread,,ReetFPS.exe(15040): 15044,READ_CONTROL|DELETE|SYNCHRONIZE|WRITE_DAC|WRITE_OWNER|THREAD_ALL_ACCESS
ReetFPS.exe,15040,DESKTOP-M4PIKSF\dani,0x000002E4,Event,,\BaseNamedObjects\TermSrvReadyEvent,SYNCHRONIZE
ReetFPS.exe,15040,DESKTOP-M4PIKSF\dani,0x000002E8,ALPC Port,,,READ_CONTROL|DELETE|SYNCHRONIZE|WRITE_DAC|WRITE_OWNER|CONNECT
ReetFPS.exe,15040,DESKTOP-M4PIKSF\dani,0x000002EC,Event,,,READ_CONTROL|DELETE|SYNCHRONIZE|WRITE_DAC|WRITE_OWNER|EVENT_ALL_ACCESS
ReetFPS.exe,15040,DESKTOP-M4PIKSF\dani,0x000002F0,File,R-D,C:\Program Files\WindowsApps\Microsoft.LanguageExperiencePacken-GB_26100.137.259.0_neutral__8wekyb3d8bbwe\Windows\System32\en-GB\a284960c04c9bcd1d23289321f222b5f\user32.dll.mui,SYNCHRONIZE|READ_DATA
ReetFPS.exe,15040,DESKTOP-M4PIKSF\dani,0x000002F4,Thread,,ReetFPS.exe(15040): 15060,READ_CONTROL|DELETE|SYNCHRONIZE|WRITE_DAC|WRITE_OWNER|THREAD_ALL_ACCESS
ReetFPS.exe,15040,DESKTOP-M4PIKSF\dani,0x000002F8,EtwRegistration,,,0x0804
ReetFPS.exe,15040,DESKTOP-M4PIKSF\dani,0x000002FC,File,RW-,C:\Windows\WinSxS\x86_microsoft.windows.gdiplus_6595b64144ccf1df_1.1.26100.9444_none_b6a29f5f524122ee,SYNCHRONIZE|EXECUTE
ReetFPS.exe,15040,DESKTOP-M4PIKSF\dani,0x00000300,EtwRegistration,,,0x0804
ReetFPS.exe,15040,DESKTOP-M4PIKSF\dani,0x00000304,Event,,,READ_CONTROL|DELETE|SYNCHRONIZE|WRITE_DAC|WRITE_OWNER|EVENT_ALL_ACCESS
ReetFPS.exe,15040,DESKTOP-M4PIKSF\dani,0x00000308,Section,,,READ_CONTROL|DELETE|WRITE_DAC|WRITE_OWNER|QUERY|MAP_WRITE|MAP_READ
ReetFPS.exe,15040,DESKTOP-M4PIKSF\dani,0x0000030C,Event,,,READ_CONTROL|DELETE|SYNCHRONIZE|WRITE_DAC|WRITE_OWNER|EVENT_ALL_ACCESS
ReetFPS.exe,15040,DESKTOP-M4PIKSF\dani,0x00000310,IoCompletion,,,READ_CONTROL|DELETE|SYNCHRONIZE|WRITE_DAC|WRITE_OWNER|0x1F0003
ReetFPS.exe,15040,DESKTOP-M4PIKSF\dani,0x00000314,Section,,\BaseNamedObjects\__ComCatalogCache__,MAP_READ
ReetFPS.exe,15040,DESKTOP-M4PIKSF\dani,0x00000318,Key,,HKCU,READ_CONTROL|DELETE|WRITE_DAC|WRITE_OWNER|KEY_ALL_ACCESS
ReetFPS.exe,15040,DESKTOP-M4PIKSF\dani,0x0000031C,Thread,,ReetFPS.exe(15040): 15044,READ_CONTROL|DELETE|SYNCHRONIZE|WRITE_DAC|WRITE_OWNER|THREAD_ALL_ACCESS
ReetFPS.exe,15040,DESKTOP-M4PIKSF\dani,0x00000320,EtwRegistration,,,0x0804
ReetFPS.exe,15040,DESKTOP-M4PIKSF\dani,0x00000324,Event,,,READ_CONTROL|DELETE|SYNCHRONIZE|WRITE_DAC|WRITE_OWNER|EVENT_ALL_ACCESS
ReetFPS.exe,15040,DESKTOP-M4PIKSF\dani,0x00000328,Key,,HKLM\SYSTEM\ControlSet001\Services\WinSock2\Parameters\Protocol_Catalog9,READ_CONTROL|DELETE|WRITE_DAC|WRITE_OWNER|KEY_ALL_ACCESS
ReetFPS.exe,15040,DESKTOP-M4PIKSF\dani,0x0000032C,Event,,,READ_CONTROL|DELETE|SYNCHRONIZE|WRITE_DAC|WRITE_OWNER|EVENT_ALL_ACCESS
ReetFPS.exe,15040,DESKTOP-M4PIKSF\dani,0x00000330,Key,,HKLM\SYSTEM\ControlSet001\Services\WinSock2\Parameters\NameSpace_Catalog5,READ_CONTROL|DELETE|WRITE_DAC|WRITE_OWNER|KEY_ALL_ACCESS
ReetFPS.exe,15040,DESKTOP-M4PIKSF\dani,0x00000334,EtwRegistration,,,0x0804
ReetFPS.exe,15040,DESKTOP-M4PIKSF\dani,0x00000338,EtwRegistration,,,0x0804
ReetFPS.exe,15040,DESKTOP-M4PIKSF\dani,0x0000033C,EtwRegistration,,,0x0804
ReetFPS.exe,15040,DESKTOP-M4PIKSF\dani,0x00000340,EtwRegistration,,,0x0804
ReetFPS.exe,15040,DESKTOP-M4PIKSF\dani,0x00000344,EtwRegistration,,,0x0804
ReetFPS.exe,15040,DESKTOP-M4PIKSF\dani,0x00000348,EtwRegistration,,,0x0804
ReetFPS.exe,15040,DESKTOP-M4PIKSF\dani,0x0000034C,Thread,,<Nonexistent process>(10592): 15120,READ_CONTROL|DELETE|SYNCHRONIZE|WRITE_DAC|WRITE_OWNER|THREAD_ALL_ACCESS
ReetFPS.exe,15040,DESKTOP-M4PIKSF\dani,0x00000350,Thread,,<Nonexistent process>(10592): 17040,READ_CONTROL|DELETE|SYNCHRONIZE|WRITE_DAC|WRITE_OWNER|THREAD_ALL_ACCESS
ReetFPS.exe,15040,DESKTOP-M4PIKSF\dani,0x00000354,EtwRegistration,,,0x0804
ReetFPS.exe,15040,DESKTOP-M4PIKSF\dani,0x00000358,EtwRegistration,,,0x0804
ReetFPS.exe,15040,DESKTOP-M4PIKSF\dani,0x0000035C,Mutant,,\...\Installing,SYNCHRONIZE|QUERY_STATE
ReetFPS.exe,15040,DESKTOP-M4PIKSF\dani,0x00000360,EtwRegistration,,,0x0804
ReetFPS.exe,15040,DESKTOP-M4PIKSF\dani,0x00000364,Thread,,<Nonexistent process>(10592): 16864,READ_CONTROL|DELETE|SYNCHRONIZE|WRITE_DAC|WRITE_OWNER|THREAD_ALL_ACCESS
ReetFPS.exe,15040,DESKTOP-M4PIKSF\dani,0x00000368,Thread,,<Nonexistent process>(10592): 13432,READ_CONTROL|DELETE|SYNCHRONIZE|WRITE_DAC|WRITE_OWNER|THREAD_ALL_ACCESS
ReetFPS.exe,15040,DESKTOP-M4PIKSF\dani,0x0000036C,File,---,\Device\KsecDD,SYNCHRONIZE|READ_DATA
ReetFPS.exe,15040,DESKTOP-M4PIKSF\dani,0x00000370,Directory,,,TRAVERSE|CREATE_OBJECT
ReetFPS.exe,15040,DESKTOP-M4PIKSF\dani,0x00000374,Event,,,READ_CONTROL|DELETE|SYNCHRONIZE|WRITE_DAC|WRITE_OWNER|EVENT_ALL_ACCESS
ReetFPS.exe,15040,DESKTOP-M4PIKSF\dani,0x00000378,EtwRegistration,,,0x0804
ReetFPS.exe,15040,DESKTOP-M4PIKSF\dani,0x0000037C,Thread,,ReetFPS.exe(15040): 15064,READ_CONTROL|DELETE|SYNCHRONIZE|WRITE_DAC|WRITE_OWNER|THREAD_ALL_ACCESS
ReetFPS.exe,15040,DESKTOP-M4PIKSF\dani,0x00000380,File,RW-,C:\Windows\WinSxS\x86_microsoft.windows.c..-controls.resources_6595b64144ccf1df_6.0.26100.8117_en-gb_9436f391292f2a0c,SYNCHRONIZE|EXECUTE
ReetFPS.exe,15040,DESKTOP-M4PIKSF\dani,0x00000384,File,R-D,C:\Windows\WinSxS\x86_microsoft.windows.c..-controls.resources_6595b64144ccf1df_6.0.26100.8117_en-gb_9436f391292f2a0c\comctl32.dll.mui,SYNCHRONIZE|READ_DATA
ReetFPS.exe,15040,DESKTOP-M4PIKSF\dani,0x00000388,Key,,HKLM\SOFTWARE\Microsoft\Windows NT\CurrentVersion\Perflib,READ_CONTROL|KEY_READ
ReetFPS.exe,15040,DESKTOP-M4PIKSF\dani,0x0000038C,EtwRegistration,,,0x0804
ReetFPS.exe,15040,DESKTOP-M4PIKSF\dani,0x00000390,EtwRegistration,,,0x0804
ReetFPS.exe,15040,DESKTOP-M4PIKSF\dani,0x00000394,Mutant,,,READ_CONTROL|DELETE|SYNCHRONIZE|WRITE_DAC|WRITE_OWNER|MUTANT_ALL_ACCESS
ReetFPS.exe,15040,DESKTOP-M4PIKSF\dani,0x00000398,Section,,,READ_CONTROL|DELETE|WRITE_DAC|WRITE_OWNER|QUERY|MAP_WRITE|MAP_READ
ReetFPS.exe,15040,DESKTOP-M4PIKSF\dani,0x0000039C,Section,,,READ_CONTROL|DELETE|WRITE_DAC|WRITE_OWNER|QUERY|MAP_WRITE|MAP_READ
ReetFPS.exe,15040,DESKTOP-M4PIKSF\dani,0x000003A0,Thread,,ReetFPS.exe(15040): 16716,READ_CONTROL|DELETE|SYNCHRONIZE|WRITE_DAC|WRITE_OWNER|THREAD_ALL_ACCESS
ReetFPS.exe,15040,DESKTOP-M4PIKSF\dani,0x000003A4,EtwRegistration,,,0x0804
ReetFPS.exe,15040,DESKTOP-M4PIKSF\dani,0x000003A8,EtwRegistration,,,0x0804
ReetFPS.exe,15040,DESKTOP-M4PIKSF\dani,0x000003AC,EtwRegistration,,,0x0804
ReetFPS.exe,15040,DESKTOP-M4PIKSF\dani,0x000003B0,EtwRegistration,,,0x0804
ReetFPS.exe,15040,DESKTOP-M4PIKSF\dani,0x000003B4,EtwRegistration,,,0x0804
ReetFPS.exe,15040,DESKTOP-M4PIKSF\dani,0x000003B8,EtwRegistration,,,0x0804
ReetFPS.exe,15040,DESKTOP-M4PIKSF\dani,0x000003BC,EtwRegistration,,,0x0804
ReetFPS.exe,15040,DESKTOP-M4PIKSF\dani,0x000003C0,EtwRegistration,,,0x0804
ReetFPS.exe,15040,DESKTOP-M4PIKSF\dani,0x000003C4,EtwRegistration,,,0x0804
ReetFPS.exe,15040,DESKTOP-M4PIKSF\dani,0x000003C8,EtwRegistration,,,0x0804
ReetFPS.exe,15040,DESKTOP-M4PIKSF\dani,0x000003CC,EtwRegistration,,,0x0804
ReetFPS.exe,15040,DESKTOP-M4PIKSF\dani,0x000003D0,EtwRegistration,,,0x0804
ReetFPS.exe,15040,DESKTOP-M4PIKSF\dani,0x000003D4,Thread,,<Nonexistent process>(10592): 17136,READ_CONTROL|DELETE|SYNCHRONIZE|WRITE_DAC|WRITE_OWNER|THREAD_ALL_ACCESS
ReetFPS.exe,15040,DESKTOP-M4PIKSF\dani,0x000003D8,Thread,,ReetFPS.exe(15040): 15068,READ_CONTROL|DELETE|SYNCHRONIZE|WRITE_DAC|WRITE_OWNER|THREAD_ALL_ACCESS
ReetFPS.exe,15040,DESKTOP-M4PIKSF\dani,0x000003DC,File,R-D,C:\Windows\Fonts\StaticCache.dat,READ_CONTROL|SYNCHRONIZE|FILE_GENERIC_READ
ReetFPS.exe,15040,DESKTOP-M4PIKSF\dani,0x000003E0,Section,,,READ_CONTROL|DELETE|WRITE_DAC|WRITE_OWNER|QUERY|MAP_READ
ReetFPS.exe,15040,DESKTOP-M4PIKSF\dani,0x000003E4,Key,,HKCR,READ_CONTROL|DELETE|WRITE_DAC|WRITE_OWNER|KEY_ALL_ACCESS
ReetFPS.exe,15040,DESKTOP-M4PIKSF\dani,0x000003E8,EtwRegistration,,,0x0804
ReetFPS.exe,15040,DESKTOP-M4PIKSF\dani,0x000003EC,Event,,\KernelObjects\MaximumCommitCondition,SYNCHRONIZE
ReetFPS.exe,15040,DESKTOP-M4PIKSF\dani,0x000003F0,Section,,\BaseNamedObjects\__ComCatalogCache__,MAP_READ
ReetFPS.exe,15040,DESKTOP-M4PIKSF\dani,0x000003F4,EtwRegistration,,,0x0804
ReetFPS.exe,15040,DESKTOP-M4PIKSF\dani,0x000003F8,Key,,HKCR,READ_CONTROL|DELETE|WRITE_DAC|WRITE_OWNER|KEY_ALL_ACCESS
ReetFPS.exe,15040,DESKTOP-M4PIKSF\dani,0x000003FC,EtwRegistration,,,0x0804
ReetFPS.exe,15040,DESKTOP-M4PIKSF\dani,0x00000404,EtwRegistration,,,0x0804
ReetFPS.exe,15040,DESKTOP-M4PIKSF\dani,0x00000408,ALPC Port,,,READ_CONTROL|DELETE|SYNCHRONIZE|WRITE_DAC|WRITE_OWNER|CONNECT
ReetFPS.exe,15040,DESKTOP-M4PIKSF\dani,0x0000040C,EtwRegistration,,,0x0804
ReetFPS.exe,15040,DESKTOP-M4PIKSF\dani,0x00000410,EtwRegistration,,,0x0804
ReetFPS.exe,15040,DESKTOP-M4PIKSF\dani,0x00000414,EtwRegistration,,,0x0804
ReetFPS.exe,15040,DESKTOP-M4PIKSF\dani,0x00000418,EtwRegistration,,,0x0804
ReetFPS.exe,15040,DESKTOP-M4PIKSF\dani,0x0000041C,EtwRegistration,,,0x0804
ReetFPS.exe,15040,DESKTOP-M4PIKSF\dani,0x00000420,EtwRegistration,,,0x0804
ReetFPS.exe,15040,DESKTOP-M4PIKSF\dani,0x00000424,EtwRegistration,,,0x0804
ReetFPS.exe,15040,DESKTOP-M4PIKSF\dani,0x00000428,EtwRegistration,,,0x0804
ReetFPS.exe,15040,DESKTOP-M4PIKSF\dani,0x0000042C,ALPC Port,,,READ_CONTROL|DELETE|SYNCHRONIZE|WRITE_DAC|WRITE_OWNER|CONNECT
ReetFPS.exe,15040,DESKTOP-M4PIKSF\dani,0x00000430,Event,,,READ_CONTROL|DELETE|SYNCHRONIZE|WRITE_DAC|WRITE_OWNER|EVENT_ALL_ACCESS
ReetFPS.exe,15040,DESKTOP-M4PIKSF\dani,0x00000434,Event,,,READ_CONTROL|DELETE|SYNCHRONIZE|WRITE_DAC|WRITE_OWNER|EVENT_ALL_ACCESS
ReetFPS.exe,15040,DESKTOP-M4PIKSF\dani,0x00000438,Event,,,READ_CONTROL|DELETE|SYNCHRONIZE|WRITE_DAC|WRITE_OWNER|EVENT_ALL_ACCESS
ReetFPS.exe,15040,DESKTOP-M4PIKSF\dani,0x0000043C,WaitCompletionPacket,,,0x0001
ReetFPS.exe,15040,DESKTOP-M4PIKSF\dani,0x00000440,Event,,,READ_CONTROL|DELETE|SYNCHRONIZE|WRITE_DAC|WRITE_OWNER|EVENT_ALL_ACCESS
ReetFPS.exe,15040,DESKTOP-M4PIKSF\dani,0x00000444,Thread,,ReetFPS.exe(15040): 15044,READ_CONTROL|DELETE|SYNCHRONIZE|WRITE_DAC|WRITE_OWNER|THREAD_ALL_ACCESS
ReetFPS.exe,15040,DESKTOP-M4PIKSF\dani,0x00000448,WaitCompletionPacket,,,0x0001
ReetFPS.exe,15040,DESKTOP-M4PIKSF\dani,0x0000044C,Event,,,READ_CONTROL|DELETE|SYNCHRONIZE|WRITE_DAC|WRITE_OWNER|EVENT_ALL_ACCESS
ReetFPS.exe,15040,DESKTOP-M4PIKSF\dani,0x00000450,IoCompletionReserve,,,READ_CONTROL|DELETE|WRITE_DAC|WRITE_OWNER|0xF0003
ReetFPS.exe,15040,DESKTOP-M4PIKSF\dani,0x00000454,WaitCompletionPacket,,,0x0001
ReetFPS.exe,15040,DESKTOP-M4PIKSF\dani,0x00000458,WaitCompletionPacket,,,0x0001
ReetFPS.exe,15040,DESKTOP-M4PIKSF\dani,0x0000045C,EtwRegistration,,,0x0804
ReetFPS.exe,15040,DESKTOP-M4PIKSF\dani,0x00000460,Key,,HKLM\SYSTEM\ControlSet001\Services\ESENT\Performance,READ_CONTROL|KEY_READ|KEY_WRITE
ReetFPS.exe,15040,DESKTOP-M4PIKSF\dani,0x00000464,EtwRegistration,,,0x0804
ReetFPS.exe,15040,DESKTOP-M4PIKSF\dani,0x00000468,EtwRegistration,,,0x0804
ReetFPS.exe,15040,DESKTOP-M4PIKSF\dani,0x0000046C,EtwRegistration,,,0x0804
ReetFPS.exe,15040,DESKTOP-M4PIKSF\dani,0x00000470,EtwRegistration,,,0x0804
ReetFPS.exe,15040,DESKTOP-M4PIKSF\dani,0x00000474,Thread,,ReetFPS.exe(15040): 15044,READ_CONTROL|DELETE|SYNCHRONIZE|WRITE_DAC|WRITE_OWNER|THREAD_ALL_ACCESS
ReetFPS.exe,15040,DESKTOP-M4PIKSF\dani,0x00000478,ALPC Port,,\BaseNamedObjects\[CoreUI]-PID(15040)-TID(15044) 0583c419-9ed5-421d-8c32-755c2f9a0761,READ_CONTROL|DELETE|SYNCHRONIZE|WRITE_DAC|WRITE_OWNER|CONNECT
ReetFPS.exe,15040,DESKTOP-M4PIKSF\dani,0x0000047C,WaitCompletionPacket,,,0x0001
ReetFPS.exe,15040,DESKTOP-M4PIKSF\dani,0x00000480,ALPC Port,,,READ_CONTROL|DELETE|SYNCHRONIZE|WRITE_DAC|WRITE_OWNER|CONNECT
ReetFPS.exe,15040,DESKTOP-M4PIKSF\dani,0x00000484,WaitCompletionPacket,,,0x0001
ReetFPS.exe,15040,DESKTOP-M4PIKSF\dani,0x00000488,Thread,,ReetFPS.exe(15040): 15072,READ_CONTROL|DELETE|SYNCHRONIZE|WRITE_DAC|WRITE_OWNER|THREAD_ALL_ACCESS
ReetFPS.exe,15040,DESKTOP-M4PIKSF\dani,0x0000048C,Thread,,ReetFPS.exe(15040): 15076,READ_CONTROL|DELETE|SYNCHRONIZE|WRITE_DAC|WRITE_OWNER|THREAD_ALL_ACCESS
ReetFPS.exe,15040,DESKTOP-M4PIKSF\dani,0x00000490,Thread,,ReetFPS.exe(15040): 15080,READ_CONTROL|DELETE|SYNCHRONIZE|WRITE_DAC|WRITE_OWNER|THREAD_ALL_ACCESS
ReetFPS.exe,15040,DESKTOP-M4PIKSF\dani,0x00000494,Thread,,ReetFPS.exe(15040): 15084,READ_CONTROL|DELETE|SYNCHRONIZE|WRITE_DAC|WRITE_OWNER|THREAD_ALL_ACCESS
ReetFPS.exe,15040,DESKTOP-M4PIKSF\dani,0x00000498,Thread,,ReetFPS.exe(15040): 15088,READ_CONTROL|DELETE|SYNCHRONIZE|WRITE_DAC|WRITE_OWNER|THREAD_ALL_ACCESS
ReetFPS.exe,15040,DESKTOP-M4PIKSF\dani,0x0000049C,Section,,,READ_CONTROL|DELETE|WRITE_DAC|WRITE_OWNER|QUERY|MAP_WRITE|MAP_READ
ReetFPS.exe,15040,DESKTOP-M4PIKSF\dani,0x000004A0,Event,,,READ_CONTROL|DELETE|SYNCHRONIZE|WRITE_DAC|WRITE_OWNER|EVENT_ALL_ACCESS
ReetFPS.exe,15040,DESKTOP-M4PIKSF\dani,0x000004A4,Event,,,READ_CONTROL|DELETE|SYNCHRONIZE|WRITE_DAC|WRITE_OWNER|EVENT_ALL_ACCESS
ReetFPS.exe,15040,DESKTOP-M4PIKSF\dani,0x000004A8,Event,,,READ_CONTROL|DELETE|SYNCHRONIZE|WRITE_DAC|WRITE_OWNER|EVENT_ALL_ACCESS
ReetFPS.exe,15040,DESKTOP-M4PIKSF\dani,0x000004AC,Event,,,READ_CONTROL|DELETE|SYNCHRONIZE|WRITE_DAC|WRITE_OWNER|EVENT_ALL_ACCESS
ReetFPS.exe,15040,DESKTOP-M4PIKSF\dani,0x000004B0,Event,,,READ_CONTROL|DELETE|SYNCHRONIZE|WRITE_DAC|WRITE_OWNER|EVENT_ALL_ACCESS
ReetFPS.exe,15040,DESKTOP-M4PIKSF\dani,0x000004B4,Thread,,ReetFPS.exe(15040): 15072,READ_CONTROL|DELETE|SYNCHRONIZE|WRITE_DAC|WRITE_OWNER|THREAD_ALL_ACCESS
ReetFPS.exe,15040,DESKTOP-M4PIKSF\dani,0x000004B8,EtwRegistration,,,0x0804
ReetFPS.exe,15040,DESKTOP-M4PIKSF\dani,0x000004BC,Event,,,READ_CONTROL|DELETE|SYNCHRONIZE|WRITE_DAC|WRITE_OWNER|EVENT_ALL_ACCESS
ReetFPS.exe,15040,DESKTOP-M4PIKSF\dani,0x000004C0,EtwRegistration,,,0x0804
ReetFPS.exe,15040,DESKTOP-M4PIKSF\dani,0x000004C4,EtwRegistration,,,0x0804
ReetFPS.exe,15040,DESKTOP-M4PIKSF\dani,0x000004C8,File,---,\Device\Nsi,SYNCHRONIZE|READ_ATTRIBUTES
ReetFPS.exe,15040,DESKTOP-M4PIKSF\dani,0x000004CC,EtwRegistration,,,0x0804
ReetFPS.exe,15040,DESKTOP-M4PIKSF\dani,0x000004D0,EtwRegistration,,,0x0804
ReetFPS.exe,15040,DESKTOP-M4PIKSF\dani,0x000004D4,EtwRegistration,,,0x0804
ReetFPS.exe,15040,DESKTOP-M4PIKSF\dani,0x000004D8,Key,,HKLM\SYSTEM\ControlSet001\Services\Tcpip\Parameters\Interfaces,READ_CONTROL|KEY_READ
ReetFPS.exe,15040,DESKTOP-M4PIKSF\dani,0x000004DC,Key,,HKLM\SYSTEM\ControlSet001\Services\Tcpip6\Parameters\Interfaces,READ_CONTROL|KEY_READ
ReetFPS.exe,15040,DESKTOP-M4PIKSF\dani,0x000004E0,Thread,,ReetFPS.exe(15040): 15072,READ_CONTROL|DELETE|SYNCHRONIZE|WRITE_DAC|WRITE_OWNER|THREAD_ALL_ACCESS
ReetFPS.exe,15040,DESKTOP-M4PIKSF\dani,0x000004E4,Event,,,READ_CONTROL|DELETE|SYNCHRONIZE|WRITE_DAC|WRITE_OWNER|EVENT_ALL_ACCESS
ReetFPS.exe,15040,DESKTOP-M4PIKSF\dani,0x000004E8,ALPC Port,,,READ_CONTROL|DELETE|SYNCHRONIZE|WRITE_DAC|WRITE_OWNER|CONNECT
ReetFPS.exe,15040,DESKTOP-M4PIKSF\dani,0x000004EC,EtwRegistration,,,0x0804
ReetFPS.exe,15040,DESKTOP-M4PIKSF\dani,0x000004F0,EtwRegistration,,,0x0804
ReetFPS.exe,15040,DESKTOP-M4PIKSF\dani,0x000004F4,EtwRegistration,,,0x0804
ReetFPS.exe,15040,DESKTOP-M4PIKSF\dani,0x000004F8,Semaphore,,,READ_CONTROL|DELETE|SYNCHRONIZE|WRITE_DAC|WRITE_OWNER|SEMAPHORE_ALL_ACCESS
ReetFPS.exe,15040,DESKTOP-M4PIKSF\dani,0x000004FC,ALPC Port,,,READ_CONTROL|DELETE|SYNCHRONIZE|WRITE_DAC|WRITE_OWNER|CONNECT
ReetFPS.exe,15040,DESKTOP-M4PIKSF\dani,0x00000500,Section,,,READ_CONTROL|DELETE|WRITE_DAC|WRITE_OWNER|QUERY|MAP_WRITE|MAP_READ
ReetFPS.exe,15040,DESKTOP-M4PIKSF\dani,0x00000504,Event,,,READ_CONTROL|DELETE|SYNCHRONIZE|WRITE_DAC|WRITE_OWNER|EVENT_ALL_ACCESS
ReetFPS.exe,15040,DESKTOP-M4PIKSF\dani,0x00000508,Section,,,READ_CONTROL|DELETE|WRITE_DAC|WRITE_OWNER|QUERY|MAP_WRITE|MAP_READ
ReetFPS.exe,15040,DESKTOP-M4PIKSF\dani,0x0000050C,Mutant,,\Sessions\1\BaseNamedObjects\ESENT_Perf_Library_Lock_PID_3ac0,READ_CONTROL|DELETE|SYNCHRONIZE|WRITE_DAC|WRITE_OWNER|MUTANT_ALL_ACCESS
ReetFPS.exe,15040,DESKTOP-M4PIKSF\dani,0x00000510,IoCompletion,,,READ_CONTROL|DELETE|SYNCHRONIZE|WRITE_DAC|WRITE_OWNER|0x1F0003
ReetFPS.exe,15040,DESKTOP-M4PIKSF\dani,0x00000514,Event,,,READ_CONTROL|DELETE|SYNCHRONIZE|WRITE_DAC|WRITE_OWNER|EVENT_ALL_ACCESS
ReetFPS.exe,15040,DESKTOP-M4PIKSF\dani,0x00000518,File,R-D,C:\Windows\SysWOW64\en-US\fwpuclnt.dll.mui,SYNCHRONIZE|READ_DATA
ReetFPS.exe,15040,DESKTOP-M4PIKSF\dani,0x0000051C,EtwRegistration,,,0x0804
ReetFPS.exe,15040,DESKTOP-M4PIKSF\dani,0x00000520,Key,,HKLM\SYSTEM\ControlSet001\Services\LSM\Performance,READ_CONTROL|KEY_READ|KEY_WRITE
ReetFPS.exe,15040,DESKTOP-M4PIKSF\dani,0x00000524,Mutant,,,READ_CONTROL|DELETE|SYNCHRONIZE|WRITE_DAC|WRITE_OWNER|MUTANT_ALL_ACCESS
ReetFPS.exe,15040,DESKTOP-M4PIKSF\dani,0x00000528,Key,,HKLM\SYSTEM\ControlSet001\Services\.NET CLR Networking\Performance,READ_CONTROL|KEY_READ|KEY_WRITE
ReetFPS.exe,15040,DESKTOP-M4PIKSF\dani,0x0000052C,EtwRegistration,,,0x0804
ReetFPS.exe,15040,DESKTOP-M4PIKSF\dani,0x00000530,EtwRegistration,,,0x0804
ReetFPS.exe,15040,DESKTOP-M4PIKSF\dani,0x00000534,ALPC Port,,,READ_CONTROL|DELETE|SYNCHRONIZE|WRITE_DAC|WRITE_OWNER|CONNECT
ReetFPS.exe,15040,DESKTOP-M4PIKSF\dani,0x00000538,EtwRegistration,,,0x0804
ReetFPS.exe,15040,DESKTOP-M4PIKSF\dani,0x0000053C,Key,,HKLM\SYSTEM\ControlSet001\Services\.NET CLR Data\Performance,READ_CONTROL|KEY_READ|KEY_WRITE
ReetFPS.exe,15040,DESKTOP-M4PIKSF\dani,0x00000540,Mutant,,\Sessions\1\BaseNamedObjects\.NET CLR Data_Perf_Library_Lock_PID_3ac0,READ_CONTROL|DELETE|SYNCHRONIZE|WRITE_DAC|WRITE_OWNER|MUTANT_ALL_ACCESS
ReetFPS.exe,15040,DESKTOP-M4PIKSF\dani,0x00000544,EtwRegistration,,,0x0804
ReetFPS.exe,15040,DESKTOP-M4PIKSF\dani,0x00000548,Mutant,,\Sessions\1\BaseNamedObjects\.NET CLR Networking_Perf_Library_Lock_PID_3ac0,READ_CONTROL|DELETE|SYNCHRONIZE|WRITE_DAC|WRITE_OWNER|MUTANT_ALL_ACCESS
ReetFPS.exe,15040,DESKTOP-M4PIKSF\dani,0x0000054C,Key,,HKLM\SYSTEM\ControlSet001\Services\.NET CLR Networking 4.0.0.0\Performance,READ_CONTROL|KEY_READ|KEY_WRITE
ReetFPS.exe,15040,DESKTOP-M4PIKSF\dani,0x00000550,Mutant,,\Sessions\1\BaseNamedObjects\.NET CLR Networking 4.0.0.0_Perf_Library_Lock_PID_3ac0,READ_CONTROL|DELETE|SYNCHRONIZE|WRITE_DAC|WRITE_OWNER|MUTANT_ALL_ACCESS
ReetFPS.exe,15040,DESKTOP-M4PIKSF\dani,0x00000554,Key,,HKLM\SYSTEM\ControlSet001\Services\.NET Data Provider for Oracle\Performance,READ_CONTROL|KEY_READ|KEY_WRITE
ReetFPS.exe,15040,DESKTOP-M4PIKSF\dani,0x00000558,Mutant,,\Sessions\1\BaseNamedObjects\.NET Data Provider for Oracle_Perf_Library_Lock_PID_3ac0,READ_CONTROL|DELETE|SYNCHRONIZE|WRITE_DAC|WRITE_OWNER|MUTANT_ALL_ACCESS
ReetFPS.exe,15040,DESKTOP-M4PIKSF\dani,0x0000055C,Key,,HKLM\SYSTEM\ControlSet001\Services\.NET Data Provider for SqlServer\Performance,READ_CONTROL|KEY_READ|KEY_WRITE
ReetFPS.exe,15040,DESKTOP-M4PIKSF\dani,0x00000560,Mutant,,\Sessions\1\BaseNamedObjects\.NET Data Provider for SqlServer_Perf_Library_Lock_PID_3ac0,READ_CONTROL|DELETE|SYNCHRONIZE|WRITE_DAC|WRITE_OWNER|MUTANT_ALL_ACCESS
ReetFPS.exe,15040,DESKTOP-M4PIKSF\dani,0x00000564,Key,,HKLM\SYSTEM\ControlSet001\Services\.NET Memory Cache 4.0\Performance,READ_CONTROL|KEY_READ|KEY_WRITE
ReetFPS.exe,15040,DESKTOP-M4PIKSF\dani,0x00000568,Mutant,,\Sessions\1\BaseNamedObjects\.NET Memory Cache 4.0_Perf_Library_Lock_PID_3ac0,READ_CONTROL|DELETE|SYNCHRONIZE|WRITE_DAC|WRITE_OWNER|MUTANT_ALL_ACCESS
ReetFPS.exe,15040,DESKTOP-M4PIKSF\dani,0x0000056C,Key,,HKLM\SYSTEM\ControlSet001\Services\.NETFramework\Performance,READ_CONTROL|KEY_READ|KEY_WRITE
ReetFPS.exe,15040,DESKTOP-M4PIKSF\dani,0x00000570,Mutant,,\Sessions\1\BaseNamedObjects\.NETFramework_Perf_Library_Lock_PID_3ac0,READ_CONTROL|DELETE|SYNCHRONIZE|WRITE_DAC|WRITE_OWNER|MUTANT_ALL_ACCESS
ReetFPS.exe,15040,DESKTOP-M4PIKSF\dani,0x00000574,Key,,HKLM\SYSTEM\ControlSet001\Services\BITS\Performance,READ_CONTROL|KEY_READ|KEY_WRITE
ReetFPS.exe,15040,DESKTOP-M4PIKSF\dani,0x00000578,Mutant,,\Sessions\1\BaseNamedObjects\BITS_Perf_Library_Lock_PID_3ac0,READ_CONTROL|DELETE|SYNCHRONIZE|WRITE_DAC|WRITE_OWNER|MUTANT_ALL_ACCESS
ReetFPS.exe,15040,DESKTOP-M4PIKSF\dani,0x0000057C,Mutant,,\Sessions\1\BaseNamedObjects\LSM_Perf_Library_Lock_PID_3ac0,READ_CONTROL|DELETE|SYNCHRONIZE|WRITE_DAC|WRITE_OWNER|MUTANT_ALL_ACCESS
ReetFPS.exe,15040,DESKTOP-M4PIKSF\dani,0x00000580,Key,,HKLM\SYSTEM\ControlSet001\Services\MSDTC\Performance,READ_CONTROL|KEY_READ|KEY_WRITE
ReetFPS.exe,15040,DESKTOP-M4PIKSF\dani,0x00000584,Mutant,,\Sessions\1\BaseNamedObjects\MSDTC_Perf_Library_Lock_PID_3ac0,READ_CONTROL|DELETE|SYNCHRONIZE|WRITE_DAC|WRITE_OWNER|MUTANT_ALL_ACCESS
ReetFPS.exe,15040,DESKTOP-M4PIKSF\dani,0x00000588,Key,,HKLM\SYSTEM\ControlSet001\Services\MSDTC Bridge 3.0.0.0\Performance,READ_CONTROL|KEY_READ|KEY_WRITE
ReetFPS.exe,15040,DESKTOP-M4PIKSF\dani,0x0000058C,Mutant,,\Sessions\1\BaseNamedObjects\MSDTC Bridge 3.0.0.0_Perf_Library_Lock_PID_3ac0,READ_CONTROL|DELETE|SYNCHRONIZE|WRITE_DAC|WRITE_OWNER|MUTANT_ALL_ACCESS
ReetFPS.exe,15040,DESKTOP-M4PIKSF\dani,0x00000590,Key,,HKLM\SYSTEM\ControlSet001\Services\MSDTC Bridge 4.0.0.0\Performance,READ_CONTROL|KEY_READ|KEY_WRITE
ReetFPS.exe,15040,DESKTOP-M4PIKSF\dani,0x00000594,Mutant,,\Sessions\1\BaseNamedObjects\MSDTC Bridge 4.0.0.0_Perf_Library_Lock_PID_3ac0,READ_CONTROL|DELETE|SYNCHRONIZE|WRITE_DAC|WRITE_OWNER|MUTANT_ALL_ACCESS
ReetFPS.exe,15040,DESKTOP-M4PIKSF\dani,0x00000598,Key,,HKLM\SYSTEM\ControlSet001\Services\PerfDisk\Performance,READ_CONTROL|KEY_READ|KEY_WRITE
ReetFPS.exe,15040,DESKTOP-M4PIKSF\dani,0x0000059C,Mutant,,\Sessions\1\BaseNamedObjects\PerfDisk_Perf_Library_Lock_PID_3ac0,READ_CONTROL|DELETE|SYNCHRONIZE|WRITE_DAC|WRITE_OWNER|MUTANT_ALL_ACCESS
ReetFPS.exe,15040,DESKTOP-M4PIKSF\dani,0x000005A0,Key,,HKLM\SYSTEM\ControlSet001\Services\PerfNet\Performance,READ_CONTROL|KEY_READ|KEY_WRITE
ReetFPS.exe,15040,DESKTOP-M4PIKSF\dani,0x000005A4,Mutant,,\Sessions\1\BaseNamedObjects\PerfNet_Perf_Library_Lock_PID_3ac0,READ_CONTROL|DELETE|SYNCHRONIZE|WRITE_DAC|WRITE_OWNER|MUTANT_ALL_ACCESS
ReetFPS.exe,15040,DESKTOP-M4PIKSF\dani,0x000005A8,Key,,HKLM\SYSTEM\ControlSet001\Services\PerfOS\Performance,READ_CONTROL|KEY_READ|KEY_WRITE
ReetFPS.exe,15040,DESKTOP-M4PIKSF\dani,0x000005AC,Mutant,,\Sessions\1\BaseNamedObjects\PerfOS_Perf_Library_Lock_PID_3ac0,READ_CONTROL|DELETE|SYNCHRONIZE|WRITE_DAC|WRITE_OWNER|MUTANT_ALL_ACCESS
ReetFPS.exe,15040,DESKTOP-M4PIKSF\dani,0x000005B0,Key,,HKLM\SYSTEM\ControlSet001\Services\PerfProc\Performance,READ_CONTROL|KEY_READ|KEY_WRITE
ReetFPS.exe,15040,DESKTOP-M4PIKSF\dani,0x000005B4,Mutant,,\Sessions\1\BaseNamedObjects\PerfProc_Perf_Library_Lock_PID_3ac0,READ_CONTROL|DELETE|SYNCHRONIZE|WRITE_DAC|WRITE_OWNER|MUTANT_ALL_ACCESS
ReetFPS.exe,15040,DESKTOP-M4PIKSF\dani,0x000005B8,Key,,HKLM\SYSTEM\ControlSet001\Services\rdyboost\Performance,READ_CONTROL|KEY_READ|KEY_WRITE
ReetFPS.exe,15040,DESKTOP-M4PIKSF\dani,0x000005BC,Mutant,,\Sessions\1\BaseNamedObjects\rdyboost_Perf_Library_Lock_PID_3ac0,READ_CONTROL|DELETE|SYNCHRONIZE|WRITE_DAC|WRITE_OWNER|MUTANT_ALL_ACCESS
ReetFPS.exe,15040,DESKTOP-M4PIKSF\dani,0x000005C0,Key,,HKLM\SYSTEM\ControlSet001\Services\RemoteAccess\Performance,READ_CONTROL|KEY_READ|KEY_WRITE
ReetFPS.exe,15040,DESKTOP-M4PIKSF\dani,0x000005C4,Mutant,,\Sessions\1\BaseNamedObjects\RemoteAccess_Perf_Library_Lock_PID_3ac0,READ_CONTROL|DELETE|SYNCHRONIZE|WRITE_DAC|WRITE_OWNER|MUTANT_ALL_ACCESS
ReetFPS.exe,15040,DESKTOP-M4PIKSF\dani,0x000005C8,Key,,HKLM\SYSTEM\ControlSet001\Services\ServiceModelEndpoint 3.0.0.0\Performance,READ_CONTROL|KEY_READ|KEY_WRITE
ReetFPS.exe,15040,DESKTOP-M4PIKSF\dani,0x000005CC,Mutant,,\Sessions\1\BaseNamedObjects\ServiceModelEndpoint 3.0.0.0_Perf_Library_Lock_PID_3ac0,READ_CONTROL|DELETE|SYNCHRONIZE|WRITE_DAC|WRITE_OWNER|MUTANT_ALL_ACCESS
ReetFPS.exe,15040,DESKTOP-M4PIKSF\dani,0x000005D0,Key,,HKLM\SYSTEM\ControlSet001\Services\ServiceModelOperation 3.0.0.0\Performance,READ_CONTROL|KEY_READ|KEY_WRITE
ReetFPS.exe,15040,DESKTOP-M4PIKSF\dani,0x000005D4,Mutant,,\Sessions\1\BaseNamedObjects\ServiceModelOperation 3.0.0.0_Perf_Library_Lock_PID_3ac0,READ_CONTROL|DELETE|SYNCHRONIZE|WRITE_DAC|WRITE_OWNER|MUTANT_ALL_ACCESS
ReetFPS.exe,15040,DESKTOP-M4PIKSF\dani,0x000005D8,Key,,HKLM\SYSTEM\ControlSet001\Services\ServiceModelService 3.0.0.0\Performance,READ_CONTROL|KEY_READ|KEY_WRITE
ReetFPS.exe,15040,DESKTOP-M4PIKSF\dani,0x000005DC,Mutant,,\Sessions\1\BaseNamedObjects\ServiceModelService 3.0.0.0_Perf_Library_Lock_PID_3ac0,READ_CONTROL|DELETE|SYNCHRONIZE|WRITE_DAC|WRITE_OWNER|MUTANT_ALL_ACCESS
ReetFPS.exe,15040,DESKTOP-M4PIKSF\dani,0x000005E0,Key,,HKLM\SYSTEM\ControlSet001\Services\SMSvcHost 3.0.0.0\Performance,READ_CONTROL|KEY_READ|KEY_WRITE
ReetFPS.exe,15040,DESKTOP-M4PIKSF\dani,0x000005E4,Mutant,,\Sessions\1\BaseNamedObjects\SMSvcHost 3.0.0.0_Perf_Library_Lock_PID_3ac0,READ_CONTROL|DELETE|SYNCHRONIZE|WRITE_DAC|WRITE_OWNER|MUTANT_ALL_ACCESS
ReetFPS.exe,15040,DESKTOP-M4PIKSF\dani,0x000005E8,Key,,HKLM\SYSTEM\ControlSet001\Services\SMSvcHost 4.0.0.0\Performance,READ_CONTROL|KEY_READ|KEY_WRITE
ReetFPS.exe,15040,DESKTOP-M4PIKSF\dani,0x000005EC,Mutant,,\Sessions\1\BaseNamedObjects\SMSvcHost 4.0.0.0_Perf_Library_Lock_PID_3ac0,READ_CONTROL|DELETE|SYNCHRONIZE|WRITE_DAC|WRITE_OWNER|MUTANT_ALL_ACCESS
ReetFPS.exe,15040,DESKTOP-M4PIKSF\dani,0x000005F0,Key,,HKLM\SYSTEM\ControlSet001\Services\Spooler\Performance,READ_CONTROL|KEY_READ|KEY_WRITE
ReetFPS.exe,15040,DESKTOP-M4PIKSF\dani,0x000005F4,Mutant,,\Sessions\1\BaseNamedObjects\Spooler_Perf_Library_Lock_PID_3ac0,READ_CONTROL|DELETE|SYNCHRONIZE|WRITE_DAC|WRITE_OWNER|MUTANT_ALL_ACCESS
ReetFPS.exe,15040,DESKTOP-M4PIKSF\dani,0x000005F8,Key,,HKLM\SYSTEM\ControlSet001\Services\TapiSrv\Performance,READ_CONTROL|KEY_READ|KEY_WRITE
ReetFPS.exe,15040,DESKTOP-M4PIKSF\dani,0x000005FC,Mutant,,\Sessions\1\BaseNamedObjects\TapiSrv_Perf_Library_Lock_PID_3ac0,READ_CONTROL|DELETE|SYNCHRONIZE|WRITE_DAC|WRITE_OWNER|MUTANT_ALL_ACCESS
ReetFPS.exe,15040,DESKTOP-M4PIKSF\dani,0x00000600,Key,,HKLM\SYSTEM\ControlSet001\Services\Tcpip\Performance,READ_CONTROL|KEY_READ|KEY_WRITE
ReetFPS.exe,15040,DESKTOP-M4PIKSF\dani,0x00000604,Mutant,,\Sessions\1\BaseNamedObjects\Tcpip_Perf_Library_Lock_PID_3ac0,READ_CONTROL|DELETE|SYNCHRONIZE|WRITE_DAC|WRITE_OWNER|MUTANT_ALL_ACCESS
ReetFPS.exe,15040,DESKTOP-M4PIKSF\dani,0x00000608,Key,,HKLM\SYSTEM\ControlSet001\Services\TermService\Performance,READ_CONTROL|KEY_READ|KEY_WRITE
ReetFPS.exe,15040,DESKTOP-M4PIKSF\dani,0x0000060C,Mutant,,\Sessions\1\BaseNamedObjects\TermService_Perf_Library_Lock_PID_3ac0,READ_CONTROL|DELETE|SYNCHRONIZE|WRITE_DAC|WRITE_OWNER|MUTANT_ALL_ACCESS
ReetFPS.exe,15040,DESKTOP-M4PIKSF\dani,0x00000610,Key,,HKLM\SYSTEM\ControlSet001\Services\UGatherer\Performance,READ_CONTROL|KEY_READ|KEY_WRITE
ReetFPS.exe,15040,DESKTOP-M4PIKSF\dani,0x00000614,Mutant,,\Sessions\1\BaseNamedObjects\UGatherer_Perf_Library_Lock_PID_3ac0,READ_CONTROL|DELETE|SYNCHRONIZE|WRITE_DAC|WRITE_OWNER|MUTANT_ALL_ACCESS
ReetFPS.exe,15040,DESKTOP-M4PIKSF\dani,0x00000618,Key,,HKLM\SYSTEM\ControlSet001\Services\UGTHRSVC\Performance,READ_CONTROL|KEY_READ|KEY_WRITE
ReetFPS.exe,15040,DESKTOP-M4PIKSF\dani,0x0000061C,Mutant,,\Sessions\1\BaseNamedObjects\UGTHRSVC_Perf_Library_Lock_PID_3ac0,READ_CONTROL|DELETE|SYNCHRONIZE|WRITE_DAC|WRITE_OWNER|MUTANT_ALL_ACCESS
ReetFPS.exe,15040,DESKTOP-M4PIKSF\dani,0x00000620,Key,,HKLM\SYSTEM\ControlSet001\Services\usbhub\Performance,READ_CONTROL|KEY_READ|KEY_WRITE
ReetFPS.exe,15040,DESKTOP-M4PIKSF\dani,0x00000624,Mutant,,\Sessions\1\BaseNamedObjects\usbhub_Perf_Library_Lock_PID_3ac0,READ_CONTROL|DELETE|SYNCHRONIZE|WRITE_DAC|WRITE_OWNER|MUTANT_ALL_ACCESS
ReetFPS.exe,15040,DESKTOP-M4PIKSF\dani,0x00000628,Key,,HKLM\SYSTEM\ControlSet001\Services\Windows Workflow Foundation 3.0.0.0\Performance,READ_CONTROL|KEY_READ|KEY_WRITE
ReetFPS.exe,15040,DESKTOP-M4PIKSF\dani,0x0000062C,Mutant,,\Sessions\1\BaseNamedObjects\Windows Workflow Foundation 3.0.0.0_Perf_Library_Lock_PID_3ac0,READ_CONTROL|DELETE|SYNCHRONIZE|WRITE_DAC|WRITE_OWNER|MUTANT_ALL_ACCESS
ReetFPS.exe,15040,DESKTOP-M4PIKSF\dani,0x00000630,Key,,HKLM\SYSTEM\ControlSet001\Services\Windows Workflow Foundation 4.0.0.0\Performance,READ_CONTROL|KEY_READ|KEY_WRITE
ReetFPS.exe,15040,DESKTOP-M4PIKSF\dani,0x00000634,Mutant,,\Sessions\1\BaseNamedObjects\Windows Workflow Foundation 4.0.0.0_Perf_Library_Lock_PID_3ac0,READ_CONTROL|DELETE|SYNCHRONIZE|WRITE_DAC|WRITE_OWNER|MUTANT_ALL_ACCESS
ReetFPS.exe,15040,DESKTOP-M4PIKSF\dani,0x00000638,Key,,HKLM\SYSTEM\ControlSet001\Services\WmiApRpl\Performance,READ_CONTROL|KEY_READ|KEY_WRITE
ReetFPS.exe,15040,DESKTOP-M4PIKSF\dani,0x0000063C,Mutant,,\Sessions\1\BaseNamedObjects\WmiApRpl_Perf_Library_Lock_PID_3ac0,READ_CONTROL|DELETE|SYNCHRONIZE|WRITE_DAC|WRITE_OWNER|MUTANT_ALL_ACCESS
ReetFPS.exe,15040,DESKTOP-M4PIKSF\dani,0x00000640,Key,,HKLM\SYSTEM\ControlSet001\Services\WSearchIdxPi\Performance,READ_CONTROL|KEY_READ|KEY_WRITE
ReetFPS.exe,15040,DESKTOP-M4PIKSF\dani,0x00000644,Mutant,,\Sessions\1\BaseNamedObjects\WSearchIdxPi_Perf_Library_Lock_PID_3ac0,READ_CONTROL|DELETE|SYNCHRONIZE|WRITE_DAC|WRITE_OWNER|MUTANT_ALL_ACCESS
ReetFPS.exe,15040,DESKTOP-M4PIKSF\dani,0x00000648,Semaphore,,,READ_CONTROL|DELETE|SYNCHRONIZE|WRITE_DAC|WRITE_OWNER|SEMAPHORE_ALL_ACCESS
ReetFPS.exe,15040,DESKTOP-M4PIKSF\dani,0x0000064C,EtwRegistration,,,0x0804
ReetFPS.exe,15040,DESKTOP-M4PIKSF\dani,0x00000650,Mutant,,,READ_CONTROL|DELETE|SYNCHRONIZE|WRITE_DAC|WRITE_OWNER|MUTANT_ALL_ACCESS
ReetFPS.exe,15040,DESKTOP-M4PIKSF\dani,0x00000654,Section,,,READ_CONTROL|DELETE|WRITE_DAC|WRITE_OWNER|QUERY|MAP_WRITE|MAP_READ
ReetFPS.exe,15040,DESKTOP-M4PIKSF\dani,0x00000658,Mutant,,,READ_CONTROL|DELETE|SYNCHRONIZE|WRITE_DAC|WRITE_OWNER|MUTANT_ALL_ACCESS
ReetFPS.exe,15040,DESKTOP-M4PIKSF\dani,0x0000065C,File,---,\Device\PcwDrv,READ_DATA
ReetFPS.exe,15040,DESKTOP-M4PIKSF\dani,0x00000660,Key,,HKLM\SOFTWARE\WOW6432Node\Microsoft\Windows\CurrentVersion\Internet Settings\5.0\Cache,READ_CONTROL|KEY_READ
ReetFPS.exe,15040,DESKTOP-M4PIKSF\dani,0x00000664,EtwRegistration,,,0x0804
ReetFPS.exe,15040,DESKTOP-M4PIKSF\dani,0x00000668,Key,,HKCU\Software\Microsoft\Windows\CurrentVersion\Internet Settings,READ_CONTROL|KEY_READ
ReetFPS.exe,15040,DESKTOP-M4PIKSF\dani,0x0000066C,EtwRegistration,,,0x0804
ReetFPS.exe,15040,DESKTOP-M4PIKSF\dani,0x00000670,PcwObject,,,READ_CONTROL|DELETE|WRITE_DAC|WRITE_OWNER|0xF0003
ReetFPS.exe,15040,DESKTOP-M4PIKSF\dani,0x00000674,Thread,,ReetFPS.exe(15040): 15100,READ_CONTROL|DELETE|SYNCHRONIZE|WRITE_DAC|WRITE_OWNER|THREAD_ALL_ACCESS
ReetFPS.exe,15040,DESKTOP-M4PIKSF\dani,0x00000678,File,---,\Device\WMIDataDevice,READ_CONTROL|SYNCHRONIZE|FILE_GENERIC_WRITE|FILE_GENERIC_READ
ReetFPS.exe,15040,DESKTOP-M4PIKSF\dani,0x0000067C,Event,,,READ_CONTROL|DELETE|SYNCHRONIZE|WRITE_DAC|WRITE_OWNER|EVENT_ALL_ACCESS
ReetFPS.exe,15040,DESKTOP-M4PIKSF\dani,0x00000680,WmiGuid,,,0x0001
ReetFPS.exe,15040,DESKTOP-M4PIKSF\dani,0x00000684,Event,,,READ_CONTROL|DELETE|SYNCHRONIZE|WRITE_DAC|WRITE_OWNER|EVENT_ALL_ACCESS
ReetFPS.exe,15040,DESKTOP-M4PIKSF\dani,0x00000688,IoCompletion,,,READ_CONTROL|DELETE|SYNCHRONIZE|WRITE_DAC|WRITE_OWNER|0x1F0003
ReetFPS.exe,15040,DESKTOP-M4PIKSF\dani,0x0000068C,File,---,\Device\DeviceApi,READ_CONTROL|SYNCHRONIZE|FILE_GENERIC_READ
ReetFPS.exe,15040,DESKTOP-M4PIKSF\dani,0x00000690,File,---,\Device\DeviceApi,READ_CONTROL|SYNCHRONIZE|FILE_GENERIC_READ
ReetFPS.exe,15040,DESKTOP-M4PIKSF\dani,0x00000694,Thread,,ReetFPS.exe(15040): 15104,READ_CONTROL|DELETE|SYNCHRONIZE|WRITE_DAC|WRITE_OWNER|THREAD_ALL_ACCESS
ReetFPS.exe,15040,DESKTOP-M4PIKSF\dani,0x00000698,Event,,,READ_CONTROL|DELETE|SYNCHRONIZE|WRITE_DAC|WRITE_OWNER|EVENT_ALL_ACCESS
ReetFPS.exe,15040,DESKTOP-M4PIKSF\dani,0x0000069C,Thread,,ReetFPS.exe(15040): 15104,READ_CONTROL|DELETE|SYNCHRONIZE|WRITE_DAC|WRITE_OWNER|THREAD_ALL_ACCESS
ReetFPS.exe,15040,DESKTOP-M4PIKSF\dani,0x000006A0,Key,,HKCR\PackagedCom\TypeLibIndex,READ_CONTROL|KEY_READ
ReetFPS.exe,15040,DESKTOP-M4PIKSF\dani,0x000006A4,Section,,,READ_CONTROL|DELETE|WRITE_DAC|WRITE_OWNER|QUERY|MAP_WRITE|MAP_READ
ReetFPS.exe,15040,DESKTOP-M4PIKSF\dani,0x000006A8,Section,,,READ_CONTROL|DELETE|WRITE_DAC|WRITE_OWNER|QUERY|MAP_WRITE|MAP_READ
ReetFPS.exe,15040,DESKTOP-M4PIKSF\dani,0x000006AC,ALPC Port,,,READ_CONTROL|DELETE|SYNCHRONIZE|WRITE_DAC|WRITE_OWNER|CONNECT
ReetFPS.exe,15040,DESKTOP-M4PIKSF\dani,0x000006B0,EtwRegistration,,,0x0804
ReetFPS.exe,15040,DESKTOP-M4PIKSF\dani,0x000006B4,Event,,,READ_CONTROL|DELETE|SYNCHRONIZE|WRITE_DAC|WRITE_OWNER|EVENT_ALL_ACCESS
ReetFPS.exe,15040,DESKTOP-M4PIKSF\dani,0x000006B8,IoCompletion,,,READ_CONTROL|DELETE|SYNCHRONIZE|WRITE_DAC|WRITE_OWNER|0x1F0003
ReetFPS.exe,15040,DESKTOP-M4PIKSF\dani,0x000006BC,File,R-D,C:\Windows\SysWOW64\wbem\wbemdisp.tlb,READ_CONTROL|SYNCHRONIZE|FILE_GENERIC_READ
ReetFPS.exe,15040,DESKTOP-M4PIKSF\dani,0x000006C0,Event,,,READ_CONTROL|DELETE|SYNCHRONIZE|WRITE_DAC|WRITE_OWNER|EVENT_ALL_ACCESS
ReetFPS.exe,15040,DESKTOP-M4PIKSF\dani,0x000006C4,WaitCompletionPacket,,,0x0001
ReetFPS.exe,15040,DESKTOP-M4PIKSF\dani,0x000006C8,Mutant,,,READ_CONTROL|DELETE|SYNCHRONIZE|WRITE_DAC|WRITE_OWNER|MUTANT_ALL_ACCESS
ReetFPS.exe,15040,DESKTOP-M4PIKSF\dani,0x000006CC,EtwRegistration,,,0x0804
ReetFPS.exe,15040,DESKTOP-M4PIKSF\dani,0x000006D0,Key,,HKCR\PackagedCom\ProgIdIndex,READ_CONTROL|KEY_READ
ReetFPS.exe,15040,DESKTOP-M4PIKSF\dani,0x000006D4,EtwRegistration,,,0x0804
ReetFPS.exe,15040,DESKTOP-M4PIKSF\dani,0x000006D8,Section,,,READ_CONTROL|DELETE|WRITE_DAC|WRITE_OWNER|QUERY|MAP_READ
ReetFPS.exe,15040,DESKTOP-M4PIKSF\dani,0x000006DC,Event,,,READ_CONTROL|DELETE|SYNCHRONIZE|WRITE_DAC|WRITE_OWNER|EVENT_ALL_ACCESS
ReetFPS.exe,15040,DESKTOP-M4PIKSF\dani,0x000006E0,Event,,,READ_CONTROL|DELETE|SYNCHRONIZE|WRITE_DAC|WRITE_OWNER|EVENT_ALL_ACCESS
ReetFPS.exe,15040,DESKTOP-M4PIKSF\dani,0x000006E4,Thread,,ReetFPS.exe(15040): 15080,READ_CONTROL|DELETE|SYNCHRONIZE|WRITE_DAC|WRITE_OWNER|THREAD_ALL_ACCESS
ReetFPS.exe,15040,DESKTOP-M4PIKSF\dani,0x000006E8,Event,,,READ_CONTROL|DELETE|SYNCHRONIZE|WRITE_DAC|WRITE_OWNER|EVENT_ALL_ACCESS
ReetFPS.exe,15040,DESKTOP-M4PIKSF\dani,0x000006EC,Thread,,ReetFPS.exe(15040): 15080,READ_CONTROL|DELETE|SYNCHRONIZE|WRITE_DAC|WRITE_OWNER|THREAD_ALL_ACCESS
ReetFPS.exe,15040,DESKTOP-M4PIKSF\dani,0x000006F0,Event,,,READ_CONTROL|DELETE|SYNCHRONIZE|WRITE_DAC|WRITE_OWNER|EVENT_ALL_ACCESS
ReetFPS.exe,15040,DESKTOP-M4PIKSF\dani,0x000006F4,Key,,HKCR\PackagedCom,READ_CONTROL|KEY_READ
ReetFPS.exe,15040,DESKTOP-M4PIKSF\dani,0x000006F8,EtwRegistration,,,0x0804
ReetFPS.exe,15040,DESKTOP-M4PIKSF\dani,0x000006FC,EtwRegistration,,,0x0804
ReetFPS.exe,15040,DESKTOP-M4PIKSF\dani,0x00000700,EtwRegistration,,,0x0804
ReetFPS.exe,15040,DESKTOP-M4PIKSF\dani,0x00000704,EtwRegistration,,,0x0804
ReetFPS.exe,15040,DESKTOP-M4PIKSF\dani,0x00000708,EtwRegistration,,,0x0804
ReetFPS.exe,15040,DESKTOP-M4PIKSF\dani,0x0000070C,EtwRegistration,,,0x0804
ReetFPS.exe,15040,DESKTOP-M4PIKSF\dani,0x00000710,EtwRegistration,,,0x0804
ReetFPS.exe,15040,DESKTOP-M4PIKSF\dani,0x00000714,Event,,,READ_CONTROL|DELETE|SYNCHRONIZE|WRITE_DAC|WRITE_OWNER|EVENT_ALL_ACCESS
ReetFPS.exe,15040,DESKTOP-M4PIKSF\dani,0x00000718,Event,,,READ_CONTROL|DELETE|SYNCHRONIZE|WRITE_DAC|WRITE_OWNER|EVENT_ALL_ACCESS
ReetFPS.exe,15040,DESKTOP-M4PIKSF\dani,0x0000071C,Event,,,READ_CONTROL|DELETE|SYNCHRONIZE|WRITE_DAC|WRITE_OWNER|EVENT_ALL_ACCESS
ReetFPS.exe,15040,DESKTOP-M4PIKSF\dani,0x00000720,EtwRegistration,,,0x0804
ReetFPS.exe,15040,DESKTOP-M4PIKSF\dani,0x00000724,EtwRegistration,,,0x0804
ReetFPS.exe,15040,DESKTOP-M4PIKSF\dani,0x00000728,EtwRegistration,,,0x0804
ReetFPS.exe,15040,DESKTOP-M4PIKSF\dani,0x0000072C,EtwRegistration,,,0x0804
ReetFPS.exe,15040,DESKTOP-M4PIKSF\dani,0x00000730,Mutant,,\Sessions\1\BaseNamedObjects\SM0:15040:64:WilError_03,READ_CONTROL|DELETE|SYNCHRONIZE|WRITE_DAC|WRITE_OWNER|MUTANT_ALL_ACCESS
ReetFPS.exe,15040,DESKTOP-M4PIKSF\dani,0x00000734,Semaphore,,\Sessions\1\BaseNamedObjects\SM0:15040:64:WilError_03_p0,READ_CONTROL|DELETE|SYNCHRONIZE|WRITE_DAC|WRITE_OWNER|SEMAPHORE_ALL_ACCESS
ReetFPS.exe,15040,DESKTOP-M4PIKSF\dani,0x00000738,Event,,,READ_CONTROL|DELETE|SYNCHRONIZE|WRITE_DAC|WRITE_OWNER|EVENT_ALL_ACCESS
ReetFPS.exe,15040,DESKTOP-M4PIKSF\dani,0x0000073C,Event,,,READ_CONTROL|DELETE|SYNCHRONIZE|WRITE_DAC|WRITE_OWNER|EVENT_ALL_ACCESS
ReetFPS.exe,15040,DESKTOP-M4PIKSF\dani,0x00000740,Mutant,,,READ_CONTROL|DELETE|SYNCHRONIZE|WRITE_DAC|WRITE_OWNER|MUTANT_ALL_ACCESS
ReetFPS.exe,15040,DESKTOP-M4PIKSF\dani,0x00000744,Event,,,READ_CONTROL|DELETE|SYNCHRONIZE|WRITE_DAC|WRITE_OWNER|EVENT_ALL_ACCESS
ReetFPS.exe,15040,DESKTOP-M4PIKSF\dani,0x00000748,IoCompletion,,,READ_CONTROL|DELETE|SYNCHRONIZE|WRITE_DAC|WRITE_OWNER|0x1F0003
ReetFPS.exe,15040,DESKTOP-M4PIKSF\dani,0x0000074C,Event,,,READ_CONTROL|DELETE|SYNCHRONIZE|WRITE_DAC|WRITE_OWNER|EVENT_ALL_ACCESS
ReetFPS.exe,15040,DESKTOP-M4PIKSF\dani,0x00000750,ALPC Port,,\RPC Control\OLE71D19B7242891F4C615830439E0D,READ_CONTROL|DELETE|SYNCHRONIZE|WRITE_DAC|WRITE_OWNER|CONNECT
ReetFPS.exe,15040,DESKTOP-M4PIKSF\dani,0x00000754,Event,,,READ_CONTROL|DELETE|SYNCHRONIZE|WRITE_DAC|WRITE_OWNER|EVENT_ALL_ACCESS
ReetFPS.exe,15040,DESKTOP-M4PIKSF\dani,0x00000758,Section,,,READ_CONTROL|DELETE|WRITE_DAC|WRITE_OWNER|QUERY|MAP_WRITE|MAP_READ
ReetFPS.exe,15040,DESKTOP-M4PIKSF\dani,0x0000075C,ALPC Port,,,READ_CONTROL|DELETE|SYNCHRONIZE|WRITE_DAC|WRITE_OWNER|CONNECT
ReetFPS.exe,15040,DESKTOP-M4PIKSF\dani,0x00000760,ALPC Port,,,READ_CONTROL|DELETE|SYNCHRONIZE|WRITE_DAC|WRITE_OWNER|CONNECT
ReetFPS.exe,15040,DESKTOP-M4PIKSF\dani,0x00000764,Section,,,READ_CONTROL|DELETE|WRITE_DAC|WRITE_OWNER|QUERY|MAP_WRITE|MAP_READ
ReetFPS.exe,15040,DESKTOP-M4PIKSF\dani,0x00000768,EtwRegistration,,,0x0804
ReetFPS.exe,15040,DESKTOP-M4PIKSF\dani,0x0000076C,EtwRegistration,,,0x0804
ReetFPS.exe,15040,DESKTOP-M4PIKSF\dani,0x00000770,EtwRegistration,,,0x0804
ReetFPS.exe,15040,DESKTOP-M4PIKSF\dani,0x00000774,EtwRegistration,,,0x0804
ReetFPS.exe,15040,DESKTOP-M4PIKSF\dani,0x00000778,EtwRegistration,,,0x0804
ReetFPS.exe,15040,DESKTOP-M4PIKSF\dani,0x0000077C,Key,,HKCU\Software\Microsoft\Windows\CurrentVersion\Explorer,QUERY_VALUE
ReetFPS.exe,15040,DESKTOP-M4PIKSF\dani,0x00000780,EtwRegistration,,,0x0804
ReetFPS.exe,15040,DESKTOP-M4PIKSF\dani,0x00000784,EtwRegistration,,,0x0804
ReetFPS.exe,15040,DESKTOP-M4PIKSF\dani,0x00000788,Event,,,READ_CONTROL|DELETE|SYNCHRONIZE|WRITE_DAC|WRITE_OWNER|EVENT_ALL_ACCESS
ReetFPS.exe,15040,DESKTOP-M4PIKSF\dani,0x0000078C,ALPC Port,,,READ_CONTROL|DELETE|SYNCHRONIZE|WRITE_DAC|WRITE_OWNER|CONNECT
ReetFPS.exe,15040,DESKTOP-M4PIKSF\dani,0x00000790,EtwRegistration,,,0x0804
ReetFPS.exe,15040,DESKTOP-M4PIKSF\dani,0x00000794,Key,,HKLM\SOFTWARE\WOW6432Node\Microsoft\Internet Explorer\Main\FeatureControl,QUERY_VALUE
ReetFPS.exe,15040,DESKTOP-M4PIKSF\dani,0x00000798,EtwRegistration,,,0x0804
ReetFPS.exe,15040,DESKTOP-M4PIKSF\dani,0x0000079C,File,R-D,C:\Windows\System32\en-US\KernelBase.dll.mui,SYNCHRONIZE|READ_DATA
ReetFPS.exe,15040,DESKTOP-M4PIKSF\dani,0x000007A0,File,R-D,C:\Windows\SysWOW64\taskschd.dll,READ_CONTROL|SYNCHRONIZE|FILE_GENERIC_READ
ReetFPS.exe,15040,DESKTOP-M4PIKSF\dani,0x000007A4,Event,,,MODIFY_STATE
ReetFPS.exe,15040,DESKTOP-M4PIKSF\dani,0x000007A8,Section,,,READ_CONTROL|DELETE|WRITE_DAC|WRITE_OWNER|QUERY|MAP_READ
ReetFPS.exe,15040,DESKTOP-M4PIKSF\dani,0x000007AC,Section,,\Sessions\1\BaseNamedObjects\windows_shell_global_counters,MAP_WRITE|MAP_READ
ReetFPS.exe,15040,DESKTOP-M4PIKSF\dani,0x000007B0,Key,,HKU,READ_CONTROL|DELETE|WRITE_DAC|WRITE_OWNER|KEY_ALL_ACCESS
ReetFPS.exe,15040,DESKTOP-M4PIKSF\dani,0x000007B4,Key,,HKLM\SOFTWARE\Microsoft\WcmSvc,READ_CONTROL|DELETE|WRITE_DAC|WRITE_OWNER|KEY_ALL_ACCESS
ReetFPS.exe,15040,DESKTOP-M4PIKSF\dani,0x000007B8,File,R-D,C:\Windows\SysWOW64\stdole2.tlb,READ_CONTROL|SYNCHRONIZE|FILE_GENERIC_READ
ReetFPS.exe,15040,DESKTOP-M4PIKSF\dani,0x000007BC,Section,,,READ_CONTROL|DELETE|WRITE_DAC|WRITE_OWNER|QUERY|MAP_READ
ReetFPS.exe,15040,DESKTOP-M4PIKSF\dani,0x000007C0,ALPC Port,,,READ_CONTROL|DELETE|SYNCHRONIZE|WRITE_DAC|WRITE_OWNER|CONNECT
ReetFPS.exe,15040,DESKTOP-M4PIKSF\dani,0x000007C4,Event,,,READ_CONTROL|DELETE|SYNCHRONIZE|WRITE_DAC|WRITE_OWNER|EVENT_ALL_ACCESS
ReetFPS.exe,15040,DESKTOP-M4PIKSF\dani,0x000007C8,Thread,,ReetFPS.exe(15040): 15220,READ_CONTROL|DELETE|SYNCHRONIZE|WRITE_DAC|WRITE_OWNER|THREAD_ALL_ACCESS
ReetFPS.exe,15040,DESKTOP-M4PIKSF\dani,0x000007CC,Event,,,READ_CONTROL|DELETE|SYNCHRONIZE|WRITE_DAC|WRITE_OWNER|EVENT_ALL_ACCESS
ReetFPS.exe,15040,DESKTOP-M4PIKSF\dani,0x000007D0,Event,,,READ_CONTROL|DELETE|SYNCHRONIZE|WRITE_DAC|WRITE_OWNER|EVENT_ALL_ACCESS
ReetFPS.exe,15040,DESKTOP-M4PIKSF\dani,0x000007D4,ALPC Port,,,READ_CONTROL|DELETE|SYNCHRONIZE|WRITE_DAC|WRITE_OWNER|CONNECT
ReetFPS.exe,15040,DESKTOP-M4PIKSF\dani,0x000007D8,Semaphore,,,SYNCHRONIZE|MODIFY_STATE
ReetFPS.exe,15040,DESKTOP-M4PIKSF\dani,0x000007DC,Semaphore,,,SYNCHRONIZE|MODIFY_STATE
ReetFPS.exe,15040,DESKTOP-M4PIKSF\dani,0x000007E0,Semaphore,,,SYNCHRONIZE|MODIFY_STATE
ReetFPS.exe,15040,DESKTOP-M4PIKSF\dani,0x000007E4,Semaphore,,,SYNCHRONIZE|MODIFY_STATE
ReetFPS.exe,15040,DESKTOP-M4PIKSF\dani,0x000007E8,EtwRegistration,,,0x0804
ReetFPS.exe,15040,DESKTOP-M4PIKSF\dani,0x000007EC,EtwRegistration,,,0x0804
ReetFPS.exe,15040,DESKTOP-M4PIKSF\dani,0x000007F0,File,R-D,C:\Windows\SystemResources\wininet.dll.mun,SYNCHRONIZE|READ_DATA
ReetFPS.exe,15040,DESKTOP-M4PIKSF\dani,0x000007F4,Key,,HKCU\Software\Policies\Microsoft\Windows\CurrentVersion\Internet Settings,READ_CONTROL|KEY_READ
ReetFPS.exe,15040,DESKTOP-M4PIKSF\dani,0x000007F8,Section,,\Sessions\1\BaseNamedObjects\windows_webcache_counters_{9B6AB5B3-91BC-4097-835C-EA2DEC95E9CC}_S-1-5-21-4253798575-3545796168-3480311121-1001,MAP_WRITE
ReetFPS.exe,15040,DESKTOP-M4PIKSF\dani,0x000007FC,EtwRegistration,,,0x0804
ReetFPS.exe,15040,DESKTOP-M4PIKSF\dani,0x00000804,Key,,HKCU\Software\Microsoft\Internet Explorer\Main\FeatureControl,QUERY_VALUE
ReetFPS.exe,15040,DESKTOP-M4PIKSF\dani,0x00000808,Key,,HKCU\Software\Policies,READ_CONTROL|KEY_READ
ReetFPS.exe,15040,DESKTOP-M4PIKSF\dani,0x0000080C,Key,,HKLM\SOFTWARE\Policies,READ_CONTROL|KEY_READ
ReetFPS.exe,15040,DESKTOP-M4PIKSF\dani,0x00000810,Key,,HKCU\Software,READ_CONTROL|KEY_READ
ReetFPS.exe,15040,DESKTOP-M4PIKSF\dani,0x00000814,Key,,HKLM\SOFTWARE\WOW6432Node,READ_CONTROL|KEY_READ
ReetFPS.exe,15040,DESKTOP-M4PIKSF\dani,0x00000818,Key,,HKLM\SOFTWARE\Policies\Microsoft\Windows\CurrentVersion\Internet Settings,READ_CONTROL|KEY_READ
ReetFPS.exe,15040,DESKTOP-M4PIKSF\dani,0x0000081C,Key,,HKLM\SOFTWARE\WOW6432Node\Microsoft\Windows\CurrentVersion\Internet Settings,READ_CONTROL|KEY_READ
ReetFPS.exe,15040,DESKTOP-M4PIKSF\dani,0x00000820,Section,,,READ_CONTROL|DELETE|WRITE_DAC|WRITE_OWNER|QUERY|MAP_WRITE|MAP_READ
ReetFPS.exe,15040,DESKTOP-M4PIKSF\dani,0x00000824,EtwRegistration,,,0x0804
ReetFPS.exe,15040,DESKTOP-M4PIKSF\dani,0x00000828,EtwRegistration,,,0x0804
ReetFPS.exe,15040,DESKTOP-M4PIKSF\dani,0x0000082C,Event,,,READ_CONTROL|DELETE|SYNCHRONIZE|WRITE_DAC|WRITE_OWNER|EVENT_ALL_ACCESS
ReetFPS.exe,15040,DESKTOP-M4PIKSF\dani,0x00000830,WaitCompletionPacket,,,0x0001
ReetFPS.exe,15040,DESKTOP-M4PIKSF\dani,0x00000834,Section,,\BaseNamedObjects\F932B6C7-3A20-46A0-B8A0-8894AA421973,MAP_READ
ReetFPS.exe,15040,DESKTOP-M4PIKSF\dani,0x00000838,Key,,HKCU\Software\Microsoft\Internet Explorer\Main,READ_CONTROL|KEY_READ
ReetFPS.exe,15040,DESKTOP-M4PIKSF\dani,0x0000083C,Key,,HKLM\SOFTWARE\WOW6432Node\Microsoft\Internet Explorer\Main,READ_CONTROL|KEY_READ
ReetFPS.exe,15040,DESKTOP-M4PIKSF\dani,0x00000840,Key,,HKCU\Software\Microsoft\Internet Explorer\Security,READ_CONTROL|KEY_READ
ReetFPS.exe,15040,DESKTOP-M4PIKSF\dani,0x00000844,Key,,HKLM\SOFTWARE\WOW6432Node\Microsoft\Internet Explorer\Security,READ_CONTROL|KEY_READ
ReetFPS.exe,15040,DESKTOP-M4PIKSF\dani,0x00000848,Key,,HKLM\SOFTWARE\Policies\Microsoft\Windows,READ_CONTROL|KEY_READ
ReetFPS.exe,15040,DESKTOP-M4PIKSF\dani,0x0000084C,Event,,,READ_CONTROL|DELETE|SYNCHRONIZE|WRITE_DAC|WRITE_OWNER|EVENT_ALL_ACCESS
ReetFPS.exe,15040,DESKTOP-M4PIKSF\dani,0x00000850,WaitCompletionPacket,,,0x0001
ReetFPS.exe,15040,DESKTOP-M4PIKSF\dani,0x00000854,Key,,HKLM\SOFTWARE\Policies\Microsoft\Windows\MpeHttpExt\Payload,NOTIFY
ReetFPS.exe,15040,DESKTOP-M4PIKSF\dani,0x00000858,Key,,HKLM\SOFTWARE\Policies\Microsoft\Windows,READ_CONTROL|KEY_READ
ReetFPS.exe,15040,DESKTOP-M4PIKSF\dani,0x0000085C,Event,,,READ_CONTROL|DELETE|SYNCHRONIZE|WRITE_DAC|WRITE_OWNER|EVENT_ALL_ACCESS
ReetFPS.exe,15040,DESKTOP-M4PIKSF\dani,0x00000860,WaitCompletionPacket,,,0x0001
ReetFPS.exe,15040,DESKTOP-M4PIKSF\dani,0x00000864,Section,,,READ_CONTROL|DELETE|WRITE_DAC|WRITE_OWNER|QUERY|MAP_WRITE|MAP_READ
ReetFPS.exe,15040,DESKTOP-M4PIKSF\dani,0x00000868,EtwRegistration,,,0x0804
ReetFPS.exe,15040,DESKTOP-M4PIKSF\dani,0x0000086C,IoCompletion,,,READ_CONTROL|DELETE|SYNCHRONIZE|WRITE_DAC|WRITE_OWNER|0x1F0003
ReetFPS.exe,15040,DESKTOP-M4PIKSF\dani,0x00000870,Key,,HKLM\SOFTWARE\Policies\Microsoft\Windows\TenantRestrictions\Payload,NOTIFY
ReetFPS.exe,15040,DESKTOP-M4PIKSF\dani,0x00000874,Thread,,<Nonexistent process>(3724): 14132,READ_CONTROL|DELETE|SYNCHRONIZE|WRITE_DAC|WRITE_OWNER|THREAD_ALL_ACCESS
ReetFPS.exe,15040,DESKTOP-M4PIKSF\dani,0x00000878,Section,,,READ_CONTROL|DELETE|WRITE_DAC|WRITE_OWNER|QUERY|MAP_WRITE|MAP_READ
ReetFPS.exe,15040,DESKTOP-M4PIKSF\dani,0x0000087C,Event,,,READ_CONTROL|DELETE|SYNCHRONIZE|WRITE_DAC|WRITE_OWNER|EVENT_ALL_ACCESS
ReetFPS.exe,15040,DESKTOP-M4PIKSF\dani,0x00000880,Event,,,READ_CONTROL|DELETE|SYNCHRONIZE|WRITE_DAC|WRITE_OWNER|EVENT_ALL_ACCESS
ReetFPS.exe,15040,DESKTOP-M4PIKSF\dani,0x00000884,Event,,,READ_CONTROL|DELETE|SYNCHRONIZE|WRITE_DAC|WRITE_OWNER|EVENT_ALL_ACCESS
ReetFPS.exe,15040,DESKTOP-M4PIKSF\dani,0x00000888,WaitCompletionPacket,,,0x0001
ReetFPS.exe,15040,DESKTOP-M4PIKSF\dani,0x0000088C,EtwRegistration,,,0x0804
ReetFPS.exe,15040,DESKTOP-M4PIKSF\dani,0x00000890,Event,,,READ_CONTROL|DELETE|SYNCHRONIZE|WRITE_DAC|WRITE_OWNER|EVENT_ALL_ACCESS
ReetFPS.exe,15040,DESKTOP-M4PIKSF\dani,0x00000894,Event,,,READ_CONTROL|DELETE|SYNCHRONIZE|WRITE_DAC|WRITE_OWNER|EVENT_ALL_ACCESS
ReetFPS.exe,15040,DESKTOP-M4PIKSF\dani,0x00000898,Event,,,READ_CONTROL|DELETE|SYNCHRONIZE|WRITE_DAC|WRITE_OWNER|EVENT_ALL_ACCESS
ReetFPS.exe,15040,DESKTOP-M4PIKSF\dani,0x0000089C,WaitCompletionPacket,,,0x0001
ReetFPS.exe,15040,DESKTOP-M4PIKSF\dani,0x000008A0,Event,,,READ_CONTROL|DELETE|SYNCHRONIZE|WRITE_DAC|WRITE_OWNER|EVENT_ALL_ACCESS
ReetFPS.exe,15040,DESKTOP-M4PIKSF\dani,0x000008A4,Event,,,READ_CONTROL|DELETE|SYNCHRONIZE|WRITE_DAC|WRITE_OWNER|EVENT_ALL_ACCESS
ReetFPS.exe,15040,DESKTOP-M4PIKSF\dani,0x000008A8,Event,,,READ_CONTROL|DELETE|SYNCHRONIZE|WRITE_DAC|WRITE_OWNER|EVENT_ALL_ACCESS
ReetFPS.exe,15040,DESKTOP-M4PIKSF\dani,0x000008AC,WaitCompletionPacket,,,0x0001
ReetFPS.exe,15040,DESKTOP-M4PIKSF\dani,0x000008B0,Event,,,READ_CONTROL|DELETE|SYNCHRONIZE|WRITE_DAC|WRITE_OWNER|EVENT_ALL_ACCESS
ReetFPS.exe,15040,DESKTOP-M4PIKSF\dani,0x000008B4,Event,,,READ_CONTROL|DELETE|SYNCHRONIZE|WRITE_DAC|WRITE_OWNER|EVENT_ALL_ACCESS
ReetFPS.exe,15040,DESKTOP-M4PIKSF\dani,0x000008B8,Event,,,READ_CONTROL|DELETE|SYNCHRONIZE|WRITE_DAC|WRITE_OWNER|EVENT_ALL_ACCESS
ReetFPS.exe,15040,DESKTOP-M4PIKSF\dani,0x000008BC,WaitCompletionPacket,,,0x0001
ReetFPS.exe,15040,DESKTOP-M4PIKSF\dani,0x000008C0,TpWorkerFactory,,,READ_CONTROL|DELETE|WRITE_DAC|WRITE_OWNER|0xF00FF
ReetFPS.exe,15040,DESKTOP-M4PIKSF\dani,0x000008C4,IRTimer,,,SYNCHRONIZE|0x100002
ReetFPS.exe,15040,DESKTOP-M4PIKSF\dani,0x000008C8,WaitCompletionPacket,,,0x0001
ReetFPS.exe,15040,DESKTOP-M4PIKSF\dani,0x000008CC,IRTimer,,,SYNCHRONIZE|0x100002
ReetFPS.exe,15040,DESKTOP-M4PIKSF\dani,0x000008D0,WaitCompletionPacket,,,0x0001
ReetFPS.exe,15040,DESKTOP-M4PIKSF\dani,0x000008D4,EtwRegistration,,,0x0804
ReetFPS.exe,15040,DESKTOP-M4PIKSF\dani,0x000008D8,EtwRegistration,,,0x0804
ReetFPS.exe,15040,DESKTOP-M4PIKSF\dani,0x000008DC,Key,,HKLM\SOFTWARE\Policies\Microsoft\Windows\TenantRestrictions\Payload,NOTIFY
ReetFPS.exe,15040,DESKTOP-M4PIKSF\dani,0x000008E0,EtwRegistration,,,0x0804
ReetFPS.exe,15040,DESKTOP-M4PIKSF\dani,0x000008E4,EtwRegistration,,,0x0804
ReetFPS.exe,15040,DESKTOP-M4PIKSF\dani,0x000008E8,Event,,,READ_CONTROL|DELETE|SYNCHRONIZE|WRITE_DAC|WRITE_OWNER|EVENT_ALL_ACCESS
ReetFPS.exe,15040,DESKTOP-M4PIKSF\dani,0x000008EC,Key,,HKLM\SOFTWARE\Policies\Microsoft\Windows\MpeHttpExt\Payload,NOTIFY
ReetFPS.exe,15040,DESKTOP-M4PIKSF\dani,0x000008F0,Key,,HKLM\SOFTWARE\Policies\Microsoft\Windows,READ_CONTROL|KEY_READ
ReetFPS.exe,15040,DESKTOP-M4PIKSF\dani,0x000008F4,Event,,,READ_CONTROL|DELETE|SYNCHRONIZE|WRITE_DAC|WRITE_OWNER|EVENT_ALL_ACCESS
ReetFPS.exe,15040,DESKTOP-M4PIKSF\dani,0x000008F8,WaitCompletionPacket,,,0x0001
ReetFPS.exe,15040,DESKTOP-M4PIKSF\dani,0x000008FC,Key,,HKLM\SOFTWARE\Policies\Microsoft\Windows,READ_CONTROL|KEY_READ
ReetFPS.exe,15040,DESKTOP-M4PIKSF\dani,0x00000900,Event,,,READ_CONTROL|DELETE|SYNCHRONIZE|WRITE_DAC|WRITE_OWNER|EVENT_ALL_ACCESS
ReetFPS.exe,15040,DESKTOP-M4PIKSF\dani,0x00000904,WaitCompletionPacket,,,0x0001
ReetFPS.exe,15040,DESKTOP-M4PIKSF\dani,0x00000908,Section,,,READ_CONTROL|DELETE|WRITE_DAC|WRITE_OWNER|QUERY|MAP_WRITE|MAP_READ
ReetFPS.exe,15040,DESKTOP-M4PIKSF\dani,0x0000090C,IoCompletion,,,READ_CONTROL|DELETE|SYNCHRONIZE|WRITE_DAC|WRITE_OWNER|0x1F0003
ReetFPS.exe,15040,DESKTOP-M4PIKSF\dani,0x00000910,Section,,,READ_CONTROL|DELETE|WRITE_DAC|WRITE_OWNER|QUERY|MAP_WRITE|MAP_READ
ReetFPS.exe,15040,DESKTOP-M4PIKSF\dani,0x00000914,Key,,HKCU\Software\Microsoft\Windows\CurrentVersion\Internet Settings\5.0\Cache,QUERY_VALUE|ENUMERATE_SUB_KEYS|SET_VALUE|CREATE_SUB_KEY
ReetFPS.exe,15040,DESKTOP-M4PIKSF\dani,0x00000918,Key,,HKCU\Software\Microsoft\Windows\CurrentVersion\Internet Settings\5.0\Cache\Extensible Cache,QUERY_VALUE|ENUMERATE_SUB_KEYS|SET_VALUE|CREATE_SUB_KEY
ReetFPS.exe,15040,DESKTOP-M4PIKSF\dani,0x0000091C,Section,,,READ_CONTROL|DELETE|WRITE_DAC|WRITE_OWNER|QUERY|MAP_WRITE|MAP_READ
ReetFPS.exe,15040,DESKTOP-M4PIKSF\dani,0x00000920,Section,,,MAP_READ
ReetFPS.exe,15040,DESKTOP-M4PIKSF\dani,0x00000924,Section,,,READ_CONTROL|DELETE|WRITE_DAC|WRITE_OWNER|QUERY|MAP_WRITE|MAP_READ
ReetFPS.exe,15040,DESKTOP-M4PIKSF\dani,0x00000928,EtwRegistration,,,0x0804
ReetFPS.exe,15040,DESKTOP-M4PIKSF\dani,0x0000092C,EtwRegistration,,,0x0804
ReetFPS.exe,15040,DESKTOP-M4PIKSF\dani,0x00000930,EtwRegistration,,,0x0804
ReetFPS.exe,15040,DESKTOP-M4PIKSF\dani,0x00000934,EtwRegistration,,,0x0804
ReetFPS.exe,15040,DESKTOP-M4PIKSF\dani,0x00000938,Key,,HKCU\Software\Microsoft\Windows\CurrentVersion\Internet Settings\ZoneMap,READ_CONTROL|KEY_READ|KEY_WRITE
ReetFPS.exe,15040,DESKTOP-M4PIKSF\dani,0x0000093C,EtwRegistration,,,0x0804
ReetFPS.exe,15040,DESKTOP-M4PIKSF\dani,0x00000940,Key,,HKLM\SOFTWARE\WOW6432Node\Microsoft\Windows\CurrentVersion\Internet Settings\ZoneMap,READ_CONTROL|KEY_READ
ReetFPS.exe,15040,DESKTOP-M4PIKSF\dani,0x00000944,Section,,\Sessions\1\BaseNamedObjects\UrlZonesSM_dani,READ_CONTROL|DELETE|WRITE_DAC|WRITE_OWNER|QUERY|MAP_WRITE|MAP_READ
ReetFPS.exe,15040,DESKTOP-M4PIKSF\dani,0x00000948,EtwRegistration,,,0x0804
ReetFPS.exe,15040,DESKTOP-M4PIKSF\dani,0x0000094C,Mutant,,\Sessions\1\BaseNamedObjects\ZonesCacheCounterMutex,READ_CONTROL|DELETE|SYNCHRONIZE|WRITE_DAC|WRITE_OWNER|MUTANT_ALL_ACCESS
ReetFPS.exe,15040,DESKTOP-M4PIKSF\dani,0x00000950,Mutant,,\Sessions\1\BaseNamedObjects\ZonesLockedCacheCounterMutex,READ_CONTROL|DELETE|SYNCHRONIZE|WRITE_DAC|WRITE_OWNER|MUTANT_ALL_ACCESS
ReetFPS.exe,15040,DESKTOP-M4PIKSF\dani,0x00000954,Section,,,READ_CONTROL|DELETE|WRITE_DAC|WRITE_OWNER|QUERY|MAP_WRITE|MAP_READ
ReetFPS.exe,15040,DESKTOP-M4PIKSF\dani,0x00000958,Thread,,ReetFPS.exe(15040): 15272,READ_CONTROL|DELETE|SYNCHRONIZE|WRITE_DAC|WRITE_OWNER|THREAD_ALL_ACCESS
ReetFPS.exe,15040,DESKTOP-M4PIKSF\dani,0x0000095C,File,R-D,C:\Windows\System32\en-US\wdmaud.drv.mui,SYNCHRONIZE|READ_DATA
ReetFPS.exe,15040,DESKTOP-M4PIKSF\dani,0x00000960,Section,,,READ_CONTROL|DELETE|WRITE_DAC|WRITE_OWNER|QUERY|MAP_WRITE|MAP_READ
ReetFPS.exe,15040,DESKTOP-M4PIKSF\dani,0x00000964,Section,,,READ_CONTROL|DELETE|WRITE_DAC|WRITE_OWNER|QUERY|MAP_WRITE|MAP_READ
ReetFPS.exe,15040,DESKTOP-M4PIKSF\dani,0x00000968,Section,,,READ_CONTROL|DELETE|WRITE_DAC|WRITE_OWNER|QUERY|MAP_WRITE|MAP_READ
ReetFPS.exe,15040,DESKTOP-M4PIKSF\dani,0x0000096C,File,R-D,C:\Windows\System32\en-US\mswsock.dll.mui,SYNCHRONIZE|READ_DATA
ReetFPS.exe,15040,DESKTOP-M4PIKSF\dani,0x00000970,Event,,,READ_CONTROL|DELETE|SYNCHRONIZE|WRITE_DAC|WRITE_OWNER|EVENT_ALL_ACCESS
ReetFPS.exe,15040,DESKTOP-M4PIKSF\dani,0x00000974,Semaphore,,,SYNCHRONIZE|MODIFY_STATE
ReetFPS.exe,15040,DESKTOP-M4PIKSF\dani,0x00000978,EtwRegistration,,,0x0804
ReetFPS.exe,15040,DESKTOP-M4PIKSF\dani,0x0000097C,EtwRegistration,,,0x0804
ReetFPS.exe,15040,DESKTOP-M4PIKSF\dani,0x00000980,Semaphore,,,SYNCHRONIZE|MODIFY_STATE
ReetFPS.exe,15040,DESKTOP-M4PIKSF\dani,0x00000984,EtwRegistration,,,0x0804
ReetFPS.exe,15040,DESKTOP-M4PIKSF\dani,0x00000988,EtwRegistration,,,0x0804
ReetFPS.exe,15040,DESKTOP-M4PIKSF\dani,0x0000098C,Semaphore,,,SYNCHRONIZE|MODIFY_STATE
ReetFPS.exe,15040,DESKTOP-M4PIKSF\dani,0x00000990,Semaphore,,,SYNCHRONIZE|MODIFY_STATE
ReetFPS.exe,15040,DESKTOP-M4PIKSF\dani,0x00000994,Semaphore,,,SYNCHRONIZE|MODIFY_STATE
ReetFPS.exe,15040,DESKTOP-M4PIKSF\dani,0x00000998,Semaphore,,,SYNCHRONIZE|MODIFY_STATE
ReetFPS.exe,15040,DESKTOP-M4PIKSF\dani,0x0000099C,Semaphore,,,SYNCHRONIZE|MODIFY_STATE
ReetFPS.exe,15040,DESKTOP-M4PIKSF\dani,0x000009A0,Semaphore,,,SYNCHRONIZE|MODIFY_STATE
ReetFPS.exe,15040,DESKTOP-M4PIKSF\dani,0x000009A4,Semaphore,,,SYNCHRONIZE|MODIFY_STATE
ReetFPS.exe,15040,DESKTOP-M4PIKSF\dani,0x000009A8,Semaphore,,,SYNCHRONIZE|MODIFY_STATE
ReetFPS.exe,15040,DESKTOP-M4PIKSF\dani,0x000009AC,Semaphore,,,SYNCHRONIZE|MODIFY_STATE
ReetFPS.exe,15040,DESKTOP-M4PIKSF\dani,0x000009B0,Semaphore,,,SYNCHRONIZE|MODIFY_STATE
ReetFPS.exe,15040,DESKTOP-M4PIKSF\dani,0x000009B4,Semaphore,,,SYNCHRONIZE|MODIFY_STATE
ReetFPS.exe,15040,DESKTOP-M4PIKSF\dani,0x000009B8,Semaphore,,,SYNCHRONIZE|MODIFY_STATE
ReetFPS.exe,15040,DESKTOP-M4PIKSF\dani,0x000009BC,Semaphore,,,SYNCHRONIZE|MODIFY_STATE
ReetFPS.exe,15040,DESKTOP-M4PIKSF\dani,0x000009C0,Semaphore,,,SYNCHRONIZE|MODIFY_STATE
ReetFPS.exe,15040,DESKTOP-M4PIKSF\dani,0x000009C4,Semaphore,,,SYNCHRONIZE|MODIFY_STATE
ReetFPS.exe,15040,DESKTOP-M4PIKSF\dani,0x000009C8,Semaphore,,,SYNCHRONIZE|MODIFY_STATE
ReetFPS.exe,15040,DESKTOP-M4PIKSF\dani,0x000009CC,Semaphore,,,SYNCHRONIZE|MODIFY_STATE
ReetFPS.exe,15040,DESKTOP-M4PIKSF\dani,0x000009D0,Semaphore,,,SYNCHRONIZE|MODIFY_STATE
ReetFPS.exe,15040,DESKTOP-M4PIKSF\dani,0x000009D4,EtwRegistration,,,0x0804
ReetFPS.exe,15040,DESKTOP-M4PIKSF\dani,0x000009D8,EtwRegistration,,,0x0804
ReetFPS.exe,15040,DESKTOP-M4PIKSF\dani,0x000009DC,Section,,,READ_CONTROL|DELETE|WRITE_DAC|WRITE_OWNER|QUERY|MAP_WRITE|MAP_READ
ReetFPS.exe,15040,DESKTOP-M4PIKSF\dani,0x000009E0,EtwRegistration,,,0x0804
ReetFPS.exe,15040,DESKTOP-M4PIKSF\dani,0x000009E4,EtwRegistration,,,0x0804
ReetFPS.exe,15040,DESKTOP-M4PIKSF\dani,0x000009E8,EtwRegistration,,,0x0804
ReetFPS.exe,15040,DESKTOP-M4PIKSF\dani,0x000009EC,EtwRegistration,,,0x0804
ReetFPS.exe,15040,DESKTOP-M4PIKSF\dani,0x000009F0,EtwRegistration,,,0x0804
ReetFPS.exe,15040,DESKTOP-M4PIKSF\dani,0x000009F4,EtwRegistration,,,0x0804
ReetFPS.exe,15040,DESKTOP-M4PIKSF\dani,0x000009F8,EtwRegistration,,,0x0804
ReetFPS.exe,15040,DESKTOP-M4PIKSF\dani,0x000009FC,Semaphore,,,SYNCHRONIZE|MODIFY_STATE
ReetFPS.exe,15040,DESKTOP-M4PIKSF\dani,0x00000A00,Semaphore,,,SYNCHRONIZE|MODIFY_STATE
ReetFPS.exe,15040,DESKTOP-M4PIKSF\dani,0x00000A04,Event,,,READ_CONTROL|DELETE|SYNCHRONIZE|WRITE_DAC|WRITE_OWNER|EVENT_ALL_ACCESS
ReetFPS.exe,15040,DESKTOP-M4PIKSF\dani,0x00000A08,File,---,\Device\KsecDD,SYNCHRONIZE|WRITE_DATA|READ_DATA
ReetFPS.exe,15040,DESKTOP-M4PIKSF\dani,0x00000A0C,EtwRegistration,,,0x0804
ReetFPS.exe,15040,DESKTOP-M4PIKSF\dani,0x00000A10,Semaphore,,,SYNCHRONIZE|MODIFY_STATE
ReetFPS.exe,15040,DESKTOP-M4PIKSF\dani,0x00000A14,Semaphore,,,SYNCHRONIZE|MODIFY_STATE
ReetFPS.exe,15040,DESKTOP-M4PIKSF\dani,0x00000A18,Semaphore,,,SYNCHRONIZE|MODIFY_STATE
ReetFPS.exe,15040,DESKTOP-M4PIKSF\dani,0x00000A1C,Semaphore,,,SYNCHRONIZE|MODIFY_STATE
ReetFPS.exe,15040,DESKTOP-M4PIKSF\dani,0x00000A20,Semaphore,,,SYNCHRONIZE|MODIFY_STATE
ReetFPS.exe,15040,DESKTOP-M4PIKSF\dani,0x00000A24,Semaphore,,,SYNCHRONIZE|MODIFY_STATE
ReetFPS.exe,15040,DESKTOP-M4PIKSF\dani,0x00000A28,EtwRegistration,,,0x0804
ReetFPS.exe,15040,DESKTOP-M4PIKSF\dani,0x00000A2C,EtwRegistration,,,0x0804
ReetFPS.exe,15040,DESKTOP-M4PIKSF\dani,0x00000A30,Mutant,,,READ_CONTROL|DELETE|SYNCHRONIZE|WRITE_DAC|WRITE_OWNER|MUTANT_ALL_ACCESS
ReetFPS.exe,15040,DESKTOP-M4PIKSF\dani,0x00000A34,Event,,,READ_CONTROL|DELETE|SYNCHRONIZE|WRITE_DAC|WRITE_OWNER|EVENT_ALL_ACCESS
ReetFPS.exe,15040,DESKTOP-M4PIKSF\dani,0x00000A38,Mutant,,,READ_CONTROL|DELETE|SYNCHRONIZE|WRITE_DAC|WRITE_OWNER|MUTANT_ALL_ACCESS
ReetFPS.exe,15040,DESKTOP-M4PIKSF\dani,0x00000A3C,Event,,,READ_CONTROL|DELETE|SYNCHRONIZE|WRITE_DAC|WRITE_OWNER|EVENT_ALL_ACCESS
ReetFPS.exe,15040,DESKTOP-M4PIKSF\dani,0x00000A40,Event,,,READ_CONTROL|DELETE|SYNCHRONIZE|WRITE_DAC|WRITE_OWNER|EVENT_ALL_ACCESS
ReetFPS.exe,15040,DESKTOP-M4PIKSF\dani,0x00000A44,EtwRegistration,,,0x0804
ReetFPS.exe,15040,DESKTOP-M4PIKSF\dani,0x00000A48,Key,,HKLM\SYSTEM\ControlSet001\Services\crypt32,READ_CONTROL|KEY_READ
ReetFPS.exe,15040,DESKTOP-M4PIKSF\dani,0x00000A4C,Event,,,READ_CONTROL|DELETE|SYNCHRONIZE|WRITE_DAC|WRITE_OWNER|EVENT_ALL_ACCESS
ReetFPS.exe,15040,DESKTOP-M4PIKSF\dani,0x00000A50,WaitCompletionPacket,,,0x0001
ReetFPS.exe,15040,DESKTOP-M4PIKSF\dani,0x00000A54,IoCompletion,,,READ_CONTROL|DELETE|SYNCHRONIZE|WRITE_DAC|WRITE_OWNER|0x1F0003
ReetFPS.exe,15040,DESKTOP-M4PIKSF\dani,0x00000A58,TpWorkerFactory,,,READ_CONTROL|DELETE|WRITE_DAC|WRITE_OWNER|0xF00FF
ReetFPS.exe,15040,DESKTOP-M4PIKSF\dani,0x00000A5C,IRTimer,,,SYNCHRONIZE|0x100002
ReetFPS.exe,15040,DESKTOP-M4PIKSF\dani,0x00000A60,WaitCompletionPacket,,,0x0001
ReetFPS.exe,15040,DESKTOP-M4PIKSF\dani,0x00000A64,IRTimer,,,SYNCHRONIZE|0x100002
ReetFPS.exe,15040,DESKTOP-M4PIKSF\dani,0x00000A68,WaitCompletionPacket,,,0x0001
ReetFPS.exe,15040,DESKTOP-M4PIKSF\dani,0x00000A6C,EtwRegistration,,,0x0804
ReetFPS.exe,15040,DESKTOP-M4PIKSF\dani,0x00000A70,File,R-D,C:\Program Files\WindowsApps\Microsoft.LanguageExperiencePacken-GB_26100.137.259.0_neutral__8wekyb3d8bbwe\Windows\System32\en-GB\7c9b310eb9c44bacc0217dcb0fc18542\crypt32.dll.mui,SYNCHRONIZE|READ_DATA
ReetFPS.exe,15040,DESKTOP-M4PIKSF\dani,0x00000A74,Key,,HKLM\SOFTWARE\Microsoft\SystemCertificates\ROOT,READ_CONTROL|KEY_READ
ReetFPS.exe,15040,DESKTOP-M4PIKSF\dani,0x00000A78,Key,,HKLM\SOFTWARE\Microsoft\SystemCertificates\AuthRoot,READ_CONTROL|KEY_READ
ReetFPS.exe,15040,DESKTOP-M4PIKSF\dani,0x00000A7C,Key,,HKLM\SOFTWARE\Microsoft\EnterpriseCertificates\Root,READ_CONTROL|KEY_READ
ReetFPS.exe,15040,DESKTOP-M4PIKSF\dani,0x00000A80,Key,,HKLM\SOFTWARE\Microsoft\SystemCertificates\CA,READ_CONTROL|KEY_READ
ReetFPS.exe,15040,DESKTOP-M4PIKSF\dani,0x00000A84,Key,,HKLM\SOFTWARE\Microsoft\EnterpriseCertificates\CA,READ_CONTROL|KEY_READ
ReetFPS.exe,15040,DESKTOP-M4PIKSF\dani,0x00000A88,Section,,,READ_CONTROL|DELETE|WRITE_DAC|WRITE_OWNER|QUERY|MAP_WRITE|MAP_READ
ReetFPS.exe,15040,DESKTOP-M4PIKSF\dani,0x00000A8C,Section,,,READ_CONTROL|DELETE|WRITE_DAC|WRITE_OWNER|QUERY|MAP_WRITE|MAP_READ
ReetFPS.exe,15040,DESKTOP-M4PIKSF\dani,0x00000A90,EtwRegistration,,,0x0804
ReetFPS.exe,15040,DESKTOP-M4PIKSF\dani,0x00000A94,Event,,,READ_CONTROL|DELETE|SYNCHRONIZE|WRITE_DAC|WRITE_OWNER|EVENT_ALL_ACCESS
ReetFPS.exe,15040,DESKTOP-M4PIKSF\dani,0x00000A98,Event,,,READ_CONTROL|DELETE|SYNCHRONIZE|WRITE_DAC|WRITE_OWNER|EVENT_ALL_ACCESS
ReetFPS.exe,15040,DESKTOP-M4PIKSF\dani,0x00000A9C,Event,,,READ_CONTROL|DELETE|SYNCHRONIZE|WRITE_DAC|WRITE_OWNER|EVENT_ALL_ACCESS
ReetFPS.exe,15040,DESKTOP-M4PIKSF\dani,0x00000AA0,WaitCompletionPacket,,,0x0001
ReetFPS.exe,15040,DESKTOP-M4PIKSF\dani,0x00000AA4,Event,,,READ_CONTROL|DELETE|SYNCHRONIZE|WRITE_DAC|WRITE_OWNER|EVENT_ALL_ACCESS
ReetFPS.exe,15040,DESKTOP-M4PIKSF\dani,0x00000AA8,Event,,,READ_CONTROL|DELETE|SYNCHRONIZE|WRITE_DAC|WRITE_OWNER|EVENT_ALL_ACCESS
ReetFPS.exe,15040,DESKTOP-M4PIKSF\dani,0x00000AAC,Event,,,READ_CONTROL|DELETE|SYNCHRONIZE|WRITE_DAC|WRITE_OWNER|EVENT_ALL_ACCESS
ReetFPS.exe,15040,DESKTOP-M4PIKSF\dani,0x00000AB0,WaitCompletionPacket,,,0x0001
ReetFPS.exe,15040,DESKTOP-M4PIKSF\dani,0x00000AB4,Key,,HKLM\SOFTWARE\Microsoft\SystemCertificates\AuthRoot\AutoUpdate,READ_CONTROL|KEY_READ
ReetFPS.exe,15040,DESKTOP-M4PIKSF\dani,0x00000AB8,WaitCompletionPacket,,,0x0001
ReetFPS.exe,15040,DESKTOP-M4PIKSF\dani,0x00000ABC,Event,,,READ_CONTROL|DELETE|SYNCHRONIZE|WRITE_DAC|WRITE_OWNER|EVENT_ALL_ACCESS
ReetFPS.exe,15040,DESKTOP-M4PIKSF\dani,0x00000AC0,EtwRegistration,,,0x0804
ReetFPS.exe,15040,DESKTOP-M4PIKSF\dani,0x00000AC4,Key,,HKLM\SOFTWARE\Microsoft\Cryptography\OID\EncodingType 0\CertDllCreateCertificateChainEngine\Config,READ_CONTROL|KEY_READ
ReetFPS.exe,15040,DESKTOP-M4PIKSF\dani,0x00000AC8,Event,,,READ_CONTROL|DELETE|SYNCHRONIZE|WRITE_DAC|WRITE_OWNER|EVENT_ALL_ACCESS
ReetFPS.exe,15040,DESKTOP-M4PIKSF\dani,0x00000ACC,WaitCompletionPacket,,,0x0001
ReetFPS.exe,15040,DESKTOP-M4PIKSF\dani,0x00000AD0,WaitCompletionPacket,,,0x0001
ReetFPS.exe,15040,DESKTOP-M4PIKSF\dani,0x00000AD4,IRTimer,,,SYNCHRONIZE|0x100002
ReetFPS.exe,15040,DESKTOP-M4PIKSF\dani,0x00000AD8,WaitCompletionPacket,,,0x0001
ReetFPS.exe,15040,DESKTOP-M4PIKSF\dani,0x00000ADC,TpWorkerFactory,,,READ_CONTROL|DELETE|WRITE_DAC|WRITE_OWNER|0xF00FF
ReetFPS.exe,15040,DESKTOP-M4PIKSF\dani,0x00000AE0,EtwRegistration,,,0x0804
ReetFPS.exe,15040,DESKTOP-M4PIKSF\dani,0x00000AE4,IoCompletion,,,READ_CONTROL|DELETE|SYNCHRONIZE|WRITE_DAC|WRITE_OWNER|0x1F0003
ReetFPS.exe,15040,DESKTOP-M4PIKSF\dani,0x00000AE8,IRTimer,,,SYNCHRONIZE|0x100002
ReetFPS.exe,15040,DESKTOP-M4PIKSF\dani,0x00000AEC,Event,,,READ_CONTROL|DELETE|SYNCHRONIZE|WRITE_DAC|WRITE_OWNER|EVENT_ALL_ACCESS
ReetFPS.exe,15040,DESKTOP-M4PIKSF\dani,0x00000AF0,EtwRegistration,,,0x0804
ReetFPS.exe,15040,DESKTOP-M4PIKSF\dani,0x00000AF4,EtwRegistration,,,0x0804
ReetFPS.exe,15040,DESKTOP-M4PIKSF\dani,0x00000AF8,Mutant,,,READ_CONTROL|DELETE|SYNCHRONIZE|WRITE_DAC|WRITE_OWNER|MUTANT_ALL_ACCESS
ReetFPS.exe,15040,DESKTOP-M4PIKSF\dani,0x00000AFC,EtwRegistration,,,0x0804
ReetFPS.exe,15040,DESKTOP-M4PIKSF\dani,0x00000B00,EtwRegistration,,,0x0804
ReetFPS.exe,15040,DESKTOP-M4PIKSF\dani,0x00000B04,EtwRegistration,,,0x0804
ReetFPS.exe,15040,DESKTOP-M4PIKSF\dani,0x00000B08,Event,,,READ_CONTROL|DELETE|SYNCHRONIZE|WRITE_DAC|WRITE_OWNER|EVENT_ALL_ACCESS
ReetFPS.exe,15040,DESKTOP-M4PIKSF\dani,0x00000B0C,Event,,,READ_CONTROL|DELETE|SYNCHRONIZE|WRITE_DAC|WRITE_OWNER|EVENT_ALL_ACCESS
ReetFPS.exe,15040,DESKTOP-M4PIKSF\dani,0x00000B10,Event,,,READ_CONTROL|DELETE|SYNCHRONIZE|WRITE_DAC|WRITE_OWNER|EVENT_ALL_ACCESS
ReetFPS.exe,15040,DESKTOP-M4PIKSF\dani,0x00000B14,Event,,,READ_CONTROL|DELETE|SYNCHRONIZE|WRITE_DAC|WRITE_OWNER|EVENT_ALL_ACCESS
ReetFPS.exe,15040,DESKTOP-M4PIKSF\dani,0x00000B18,WaitCompletionPacket,,,0x0001
ReetFPS.exe,15040,DESKTOP-M4PIKSF\dani,0x00000B1C,Event,,,READ_CONTROL|DELETE|SYNCHRONIZE|WRITE_DAC|WRITE_OWNER|EVENT_ALL_ACCESS
ReetFPS.exe,15040,DESKTOP-M4PIKSF\dani,0x00000B20,Event,,,READ_CONTROL|DELETE|SYNCHRONIZE|WRITE_DAC|WRITE_OWNER|EVENT_ALL_ACCESS
ReetFPS.exe,15040,DESKTOP-M4PIKSF\dani,0x00000B24,Event,,,READ_CONTROL|DELETE|SYNCHRONIZE|WRITE_DAC|WRITE_OWNER|EVENT_ALL_ACCESS
ReetFPS.exe,15040,DESKTOP-M4PIKSF\dani,0x00000B28,WaitCompletionPacket,,,0x0001
ReetFPS.exe,15040,DESKTOP-M4PIKSF\dani,0x00000B2C,Event,,,READ_CONTROL|DELETE|SYNCHRONIZE|WRITE_DAC|WRITE_OWNER|EVENT_ALL_ACCESS
ReetFPS.exe,15040,DESKTOP-M4PIKSF\dani,0x00000B30,Event,,,READ_CONTROL|DELETE|SYNCHRONIZE|WRITE_DAC|WRITE_OWNER|EVENT_ALL_ACCESS
ReetFPS.exe,15040,DESKTOP-M4PIKSF\dani,0x00000B34,Event,,,READ_CONTROL|DELETE|SYNCHRONIZE|WRITE_DAC|WRITE_OWNER|EVENT_ALL_ACCESS
ReetFPS.exe,15040,DESKTOP-M4PIKSF\dani,0x00000B38,WaitCompletionPacket,,,0x0001
ReetFPS.exe,15040,DESKTOP-M4PIKSF\dani,0x00000B3C,Event,,,READ_CONTROL|DELETE|SYNCHRONIZE|WRITE_DAC|WRITE_OWNER|EVENT_ALL_ACCESS
ReetFPS.exe,15040,DESKTOP-M4PIKSF\dani,0x00000B40,Event,,,READ_CONTROL|DELETE|SYNCHRONIZE|WRITE_DAC|WRITE_OWNER|EVENT_ALL_ACCESS
ReetFPS.exe,15040,DESKTOP-M4PIKSF\dani,0x00000B44,Event,,,READ_CONTROL|DELETE|SYNCHRONIZE|WRITE_DAC|WRITE_OWNER|EVENT_ALL_ACCESS
ReetFPS.exe,15040,DESKTOP-M4PIKSF\dani,0x00000B48,WaitCompletionPacket,,,0x0001
ReetFPS.exe,15040,DESKTOP-M4PIKSF\dani,0x00000B4C,File,R-D,C:\Program Files\WindowsApps\Microsoft.LanguageExperiencePacken-GB_26100.137.259.0_neutral__8wekyb3d8bbwe\Windows\System32\en-GB\92efefa355f550f93b4c4aa5c9542851\winnlsres.dll.mui,SYNCHRONIZE|READ_DATA
ReetFPS.exe,15040,DESKTOP-M4PIKSF\dani,0x00000B50,Event,,,READ_CONTROL|DELETE|SYNCHRONIZE|WRITE_DAC|WRITE_OWNER|EVENT_ALL_ACCESS
ReetFPS.exe,15040,DESKTOP-M4PIKSF\dani,0x00000B54,Thread,,ReetFPS.exe(15040): 15248,READ_CONTROL|DELETE|SYNCHRONIZE|WRITE_DAC|WRITE_OWNER|THREAD_ALL_ACCESS
ReetFPS.exe,15040,DESKTOP-M4PIKSF\dani,0x00000B58,Mutant,,\Sessions\1\BaseNamedObjects\MidiMapper_modLongMessage_RefCnt,READ_CONTROL|DELETE|SYNCHRONIZE|WRITE_DAC|WRITE_OWNER|MUTANT_ALL_ACCESS
ReetFPS.exe,15040,DESKTOP-M4PIKSF\dani,0x00000B5C,Section,,,READ_CONTROL|DELETE|WRITE_DAC|WRITE_OWNER|QUERY|MAP_WRITE|MAP_READ
ReetFPS.exe,15040,DESKTOP-M4PIKSF\dani,0x00000B60,Event,,,READ_CONTROL|DELETE|SYNCHRONIZE|WRITE_DAC|WRITE_OWNER|EVENT_ALL_ACCESS
ReetFPS.exe,15040,DESKTOP-M4PIKSF\dani,0x00000B64,Section,,,READ_CONTROL|DELETE|WRITE_DAC|WRITE_OWNER|QUERY|MAP_WRITE|MAP_READ
ReetFPS.exe,15040,DESKTOP-M4PIKSF\dani,0x00000B68,Event,,,READ_CONTROL|DELETE|SYNCHRONIZE|WRITE_DAC|WRITE_OWNER|EVENT_ALL_ACCESS
ReetFPS.exe,15040,DESKTOP-M4PIKSF\dani,0x00000B6C,Event,,,READ_CONTROL|DELETE|SYNCHRONIZE|WRITE_DAC|WRITE_OWNER|EVENT_ALL_ACCESS
ReetFPS.exe,15040,DESKTOP-M4PIKSF\dani,0x00000B70,Thread,,ReetFPS.exe(15040): 15244,READ_CONTROL|DELETE|SYNCHRONIZE|WRITE_DAC|WRITE_OWNER|THREAD_ALL_ACCESS
ReetFPS.exe,15040,DESKTOP-M4PIKSF\dani,0x00000B74,Section,,,READ_CONTROL|DELETE|WRITE_DAC|WRITE_OWNER|QUERY|MAP_WRITE|MAP_READ
ReetFPS.exe,15040,DESKTOP-M4PIKSF\dani,0x00000B78,Section,,,READ_CONTROL|DELETE|WRITE_DAC|WRITE_OWNER|QUERY|MAP_WRITE|MAP_READ
ReetFPS.exe,15040,DESKTOP-M4PIKSF\dani,0x00000B7C,EtwRegistration,,,0x0804
ReetFPS.exe,15040,DESKTOP-M4PIKSF\dani,0x00000B80,Event,,,READ_CONTROL|DELETE|SYNCHRONIZE|WRITE_DAC|WRITE_OWNER|EVENT_ALL_ACCESS
ReetFPS.exe,15040,DESKTOP-M4PIKSF\dani,0x00000B84,Thread,,ReetFPS.exe(15040): 15244,READ_CONTROL|DELETE|SYNCHRONIZE|WRITE_DAC|WRITE_OWNER|THREAD_ALL_ACCESS
ReetFPS.exe,15040,DESKTOP-M4PIKSF\dani,0x00000B88,Section,,,READ_CONTROL|DELETE|WRITE_DAC|WRITE_OWNER|QUERY|MAP_WRITE|MAP_READ
ReetFPS.exe,15040,DESKTOP-M4PIKSF\dani,0x00000B8C,Section,,,READ_CONTROL|DELETE|WRITE_DAC|WRITE_OWNER|QUERY|MAP_WRITE|MAP_READ
ReetFPS.exe,15040,DESKTOP-M4PIKSF\dani,0x00000B90,Section,,,READ_CONTROL|DELETE|WRITE_DAC|WRITE_OWNER|QUERY|MAP_WRITE|MAP_READ
ReetFPS.exe,15040,DESKTOP-M4PIKSF\dani,0x00000B94,File,---,\Device\MMCSS,READ_CONTROL|SYNCHRONIZE|FILE_GENERIC_READ
ReetFPS.exe,15040,DESKTOP-M4PIKSF\dani,0x00000B98,Event,,,READ_CONTROL|DELETE|SYNCHRONIZE|WRITE_DAC|WRITE_OWNER|EVENT_ALL_ACCESS
ReetFPS.exe,15040,DESKTOP-M4PIKSF\dani,0x00000B9C,File,R-D,C:\Windows\System32\en-US\MMDevAPI.dll.mui,SYNCHRONIZE|READ_DATA
ReetFPS.exe,15040,DESKTOP-M4PIKSF\dani,0x00000BA0,EtwRegistration,,,0x0804
ReetFPS.exe,15040,DESKTOP-M4PIKSF\dani,0x00000BA4,Event,,,READ_CONTROL|DELETE|SYNCHRONIZE|WRITE_DAC|WRITE_OWNER|EVENT_ALL_ACCESS
ReetFPS.exe,15040,DESKTOP-M4PIKSF\dani,0x00000BA8,Mutant,,,READ_CONTROL|DELETE|SYNCHRONIZE|WRITE_DAC|WRITE_OWNER|MUTANT_ALL_ACCESS
ReetFPS.exe,15040,DESKTOP-M4PIKSF\dani,0x00000BAC,EtwRegistration,,,0x0804
ReetFPS.exe,15040,DESKTOP-M4PIKSF\dani,0x00000BB0,ALPC Port,,,READ_CONTROL|DELETE|SYNCHRONIZE|WRITE_DAC|WRITE_OWNER|CONNECT
ReetFPS.exe,15040,DESKTOP-M4PIKSF\dani,0x00000BB4,EtwRegistration,,,0x0804
ReetFPS.exe,15040,DESKTOP-M4PIKSF\dani,0x00000BB8,Event,,,READ_CONTROL|DELETE|SYNCHRONIZE|WRITE_DAC|WRITE_OWNER|EVENT_ALL_ACCESS
ReetFPS.exe,15040,DESKTOP-M4PIKSF\dani,0x00000BBC,Event,,,READ_CONTROL|DELETE|SYNCHRONIZE|WRITE_DAC|WRITE_OWNER|EVENT_ALL_ACCESS
ReetFPS.exe,15040,DESKTOP-M4PIKSF\dani,0x00000BC0,EtwRegistration,,,0x0804
ReetFPS.exe,15040,DESKTOP-M4PIKSF\dani,0x00000BC4,Event,,,READ_CONTROL|DELETE|SYNCHRONIZE|WRITE_DAC|WRITE_OWNER|EVENT_ALL_ACCESS
ReetFPS.exe,15040,DESKTOP-M4PIKSF\dani,0x00000BC8,EtwRegistration,,,0x0804
ReetFPS.exe,15040,DESKTOP-M4PIKSF\dani,0x00000BCC,EtwRegistration,,,0x0804
ReetFPS.exe,15040,DESKTOP-M4PIKSF\dani,0x00000BD0,EtwRegistration,,,0x0804
ReetFPS.exe,15040,DESKTOP-M4PIKSF\dani,0x00000BD4,EtwRegistration,,,0x0804
ReetFPS.exe,15040,DESKTOP-M4PIKSF\dani,0x00000BD8,Key,,HKLM\SOFTWARE\WOW6432Node\Microsoft\Windows NT\CurrentVersion\Drivers32,QUERY_VALUE
ReetFPS.exe,15040,DESKTOP-M4PIKSF\dani,0x00000BDC,EtwRegistration,,,0x0804
ReetFPS.exe,15040,DESKTOP-M4PIKSF\dani,0x00000BE0,Mutant,,,READ_CONTROL|DELETE|SYNCHRONIZE|WRITE_DAC|WRITE_OWNER|MUTANT_ALL_ACCESS
ReetFPS.exe,15040,DESKTOP-M4PIKSF\dani,0x00000BE4,EtwRegistration,,,0x0804
ReetFPS.exe,15040,DESKTOP-M4PIKSF\dani,0x00000BE8,EtwRegistration,,,0x0804
ReetFPS.exe,15040,DESKTOP-M4PIKSF\dani,0x00000BEC,EtwRegistration,,,0x0804
ReetFPS.exe,15040,DESKTOP-M4PIKSF\dani,0x00000BF0,ALPC Port,,,READ_CONTROL|DELETE|SYNCHRONIZE|WRITE_DAC|WRITE_OWNER|CONNECT
ReetFPS.exe,15040,DESKTOP-M4PIKSF\dani,0x00000BF4,Event,,,READ_CONTROL|DELETE|SYNCHRONIZE|WRITE_DAC|WRITE_OWNER|EVENT_ALL_ACCESS
ReetFPS.exe,15040,DESKTOP-M4PIKSF\dani,0x00000BF8,Mutant,,,READ_CONTROL|DELETE|SYNCHRONIZE|WRITE_DAC|WRITE_OWNER|MUTANT_ALL_ACCESS
ReetFPS.exe,15040,DESKTOP-M4PIKSF\dani,0x00000BFC,EtwRegistration,,,0x0804
ReetFPS.exe,15040,DESKTOP-M4PIKSF\dani,0x00000C04,Event,,,READ_CONTROL|DELETE|SYNCHRONIZE|WRITE_DAC|WRITE_OWNER|EVENT_ALL_ACCESS
ReetFPS.exe,15040,DESKTOP-M4PIKSF\dani,0x00000C08,Key,,HKLM\SOFTWARE\Microsoft\Windows\CurrentVersion\MMDevices\Audio\Render\{2bd3227e-871b-4158-8f27-c8e274fa717c}\Properties,READ_CONTROL|KEY_READ
ReetFPS.exe,15040,DESKTOP-M4PIKSF\dani,0x00000C0C,Event,,,READ_CONTROL|DELETE|SYNCHRONIZE|WRITE_DAC|WRITE_OWNER|EVENT_ALL_ACCESS
ReetFPS.exe,15040,DESKTOP-M4PIKSF\dani,0x00000C10,Thread,,ReetFPS.exe(15040): 15248,READ_CONTROL|DELETE|SYNCHRONIZE|WRITE_DAC|WRITE_OWNER|THREAD_ALL_ACCESS
ReetFPS.exe,15040,DESKTOP-M4PIKSF\dani,0x00000C14,Event,,,READ_CONTROL|DELETE|SYNCHRONIZE|WRITE_DAC|WRITE_OWNER|EVENT_ALL_ACCESS
ReetFPS.exe,15040,DESKTOP-M4PIKSF\dani,0x00000C18,EtwRegistration,,,0x0804
ReetFPS.exe,15040,DESKTOP-M4PIKSF\dani,0x00000C1C,ALPC Port,,,READ_CONTROL|DELETE|SYNCHRONIZE|WRITE_DAC|WRITE_OWNER|CONNECT
ReetFPS.exe,15040,DESKTOP-M4PIKSF\dani,0x00000C20,IoCompletion,,,READ_CONTROL|DELETE|SYNCHRONIZE|WRITE_DAC|WRITE_OWNER|0x1F0003
ReetFPS.exe,15040,DESKTOP-M4PIKSF\dani,0x00000C24,TpWorkerFactory,,,READ_CONTROL|DELETE|WRITE_DAC|WRITE_OWNER|0xF00FF
ReetFPS.exe,15040,DESKTOP-M4PIKSF\dani,0x00000C28,IRTimer,,,SYNCHRONIZE|0x100002
ReetFPS.exe,15040,DESKTOP-M4PIKSF\dani,0x00000C2C,WaitCompletionPacket,,,0x0001
ReetFPS.exe,15040,DESKTOP-M4PIKSF\dani,0x00000C30,IRTimer,,,SYNCHRONIZE|0x100002
ReetFPS.exe,15040,DESKTOP-M4PIKSF\dani,0x00000C34,WaitCompletionPacket,,,0x0001
ReetFPS.exe,15040,DESKTOP-M4PIKSF\dani,0x00000C38,Event,,,READ_CONTROL|DELETE|SYNCHRONIZE|WRITE_DAC|WRITE_OWNER|EVENT_ALL_ACCESS
ReetFPS.exe,15040,DESKTOP-M4PIKSF\dani,0x00000C3C,EtwRegistration,,,0x0804
ReetFPS.exe,15040,DESKTOP-M4PIKSF\dani,0x00000C40,EtwRegistration,,,0x0804
ReetFPS.exe,15040,DESKTOP-M4PIKSF\dani,0x00000C44,Event,,,READ_CONTROL|DELETE|SYNCHRONIZE|WRITE_DAC|WRITE_OWNER|EVENT_ALL_ACCESS
ReetFPS.exe,15040,DESKTOP-M4PIKSF\dani,0x00000C48,Key,,HKCU\Software\Microsoft\Windows\CurrentVersion\Internet Settings\P3P\History,READ_CONTROL|KEY_READ|CREATE_SUB_KEY
ReetFPS.exe,15040,DESKTOP-M4PIKSF\dani,0x00000C4C,Key,,HKCU\Software\Microsoft\Windows\CurrentVersion\Internet Settings\Zones\3,READ_CONTROL|KEY_READ
ReetFPS.exe,15040,DESKTOP-M4PIKSF\dani,0x00000C50,Event,,,READ_CONTROL|DELETE|SYNCHRONIZE|WRITE_DAC|WRITE_OWNER|EVENT_ALL_ACCESS
ReetFPS.exe,15040,DESKTOP-M4PIKSF\dani,0x00000C54,Section,,,READ_CONTROL|DELETE|WRITE_DAC|WRITE_OWNER|QUERY|MAP_WRITE|MAP_READ
ReetFPS.exe,15040,DESKTOP-M4PIKSF\dani,0x00000C58,IoCompletion,,,READ_CONTROL|DELETE|SYNCHRONIZE|WRITE_DAC|WRITE_OWNER|0x1F0003
ReetFPS.exe,15040,DESKTOP-M4PIKSF\dani,0x00000C5C,PowerRequest,,,<None>
ReetFPS.exe,15040,DESKTOP-M4PIKSF\dani,0x00000C60,Thread,,ReetFPS.exe(15040): 15288,READ_CONTROL|DELETE|SYNCHRONIZE|WRITE_DAC|WRITE_OWNER|THREAD_ALL_ACCESS
ReetFPS.exe,15040,DESKTOP-M4PIKSF\dani,0x00000C64,Event,,,READ_CONTROL|DELETE|SYNCHRONIZE|WRITE_DAC|WRITE_OWNER|EVENT_ALL_ACCESS
ReetFPS.exe,15040,DESKTOP-M4PIKSF\dani,0x00000C68,Thread,,ReetFPS.exe(15040): 15088,READ_CONTROL|DELETE|SYNCHRONIZE|WRITE_DAC|WRITE_OWNER|THREAD_ALL_ACCESS
ReetFPS.exe,15040,DESKTOP-M4PIKSF\dani,0x00000C6C,Section,,,READ_CONTROL|DELETE|WRITE_DAC|WRITE_OWNER|QUERY|MAP_WRITE|MAP_READ
ReetFPS.exe,15040,DESKTOP-M4PIKSF\dani,0x00000C70,Section,,,READ_CONTROL|DELETE|WRITE_DAC|WRITE_OWNER|QUERY|MAP_WRITE|MAP_READ
ReetFPS.exe,15040,DESKTOP-M4PIKSF\dani,0x00000C74,Thread,,ReetFPS.exe(15040): 15088,READ_CONTROL|DELETE|SYNCHRONIZE|WRITE_DAC|WRITE_OWNER|THREAD_ALL_ACCESS
ReetFPS.exe,15040,DESKTOP-M4PIKSF\dani,0x00000C78,Event,,,READ_CONTROL|DELETE|SYNCHRONIZE|WRITE_DAC|WRITE_OWNER|EVENT_ALL_ACCESS
ReetFPS.exe,15040,DESKTOP-M4PIKSF\dani,0x00000C7C,File,R-D,C:\Windows\System32\en-US\winmm.dll.mui,SYNCHRONIZE|READ_DATA
ReetFPS.exe,15040,DESKTOP-M4PIKSF\dani,0x00000C80,IoCompletion,,,READ_CONTROL|DELETE|SYNCHRONIZE|WRITE_DAC|WRITE_OWNER|0x1F0003
ReetFPS.exe,15040,DESKTOP-M4PIKSF\dani,0x00000C84,Event,,,READ_CONTROL|DELETE|SYNCHRONIZE|WRITE_DAC|WRITE_OWNER|EVENT_ALL_ACCESS
ReetFPS.exe,15040,DESKTOP-M4PIKSF\dani,0x00000C88,Thread,,ReetFPS.exe(15040): 15296,READ_CONTROL|DELETE|SYNCHRONIZE|WRITE_DAC|WRITE_OWNER|THREAD_ALL_ACCESS
ReetFPS.exe,15040,DESKTOP-M4PIKSF\dani,0x00000C8C,Key,,HKLM\SOFTWARE\WOW6432Node\Microsoft\Windows\CurrentVersion\Explorer\FolderDescriptions\{7C5A40EF-A0FB-4BFC-874A-C0F2E0B9FA8E}\PropertyBag,READ_CONTROL|KEY_READ
ReetFPS.exe,15040,DESKTOP-M4PIKSF\dani,0x00000C90,EtwRegistration,,,0x0804
ReetFPS.exe,15040,DESKTOP-M4PIKSF\dani,0x00000C94,EtwRegistration,,,0x0804
ReetFPS.exe,15040,DESKTOP-M4PIKSF\dani,0x00000C98,Thread,,<Nonexistent process>(10592): 12592,READ_CONTROL|DELETE|SYNCHRONIZE|WRITE_DAC|WRITE_OWNER|THREAD_ALL_ACCESS
ReetFPS.exe,15040,DESKTOP-M4PIKSF\dani,0x00000C9C,Event,,,READ_CONTROL|DELETE|SYNCHRONIZE|WRITE_DAC|WRITE_OWNER|EVENT_ALL_ACCESS
ReetFPS.exe,15040,DESKTOP-M4PIKSF\dani,0x00000CA0,EtwRegistration,,,0x0804
ReetFPS.exe,15040,DESKTOP-M4PIKSF\dani,0x00000CA4,Event,,,READ_CONTROL|DELETE|SYNCHRONIZE|WRITE_DAC|WRITE_OWNER|EVENT_ALL_ACCESS
ReetFPS.exe,15040,DESKTOP-M4PIKSF\dani,0x00000CA8,Section,,,READ_CONTROL|DELETE|WRITE_DAC|WRITE_OWNER|QUERY|MAP_WRITE|MAP_READ
ReetFPS.exe,15040,DESKTOP-M4PIKSF\dani,0x00000CAC,WaitCompletionPacket,,,0x0001
ReetFPS.exe,15040,DESKTOP-M4PIKSF\dani,0x00000CB0,EtwRegistration,,,0x0804
ReetFPS.exe,15040,DESKTOP-M4PIKSF\dani,0x00000CB4,Key,,HKLM\SOFTWARE\WOW6432Node\Microsoft\Windows\CurrentVersion\Explorer\FolderDescriptions\{f42ee2d3-909f-4907-8871-4c22fc0bf756}\PropertyBag,READ_CONTROL|KEY_READ
ReetFPS.exe,15040,DESKTOP-M4PIKSF\dani,0x00000CB8,Mutant,,,READ_CONTROL|DELETE|SYNCHRONIZE|WRITE_DAC|WRITE_OWNER|MUTANT_ALL_ACCESS
ReetFPS.exe,15040,DESKTOP-M4PIKSF\dani,0x00000CBC,EtwRegistration,,,0x0804
ReetFPS.exe,15040,DESKTOP-M4PIKSF\dani,0x00000CC0,Section,,,READ_CONTROL|DELETE|WRITE_DAC|WRITE_OWNER|QUERY|MAP_WRITE|MAP_READ
ReetFPS.exe,15040,DESKTOP-M4PIKSF\dani,0x00000CC4,Event,,,READ_CONTROL|DELETE|SYNCHRONIZE|WRITE_DAC|WRITE_OWNER|EVENT_ALL_ACCESS
ReetFPS.exe,15040,DESKTOP-M4PIKSF\dani,0x00000CC8,Event,,,READ_CONTROL|DELETE|SYNCHRONIZE|WRITE_DAC|WRITE_OWNER|EVENT_ALL_ACCESS
ReetFPS.exe,15040,DESKTOP-M4PIKSF\dani,0x00000CCC,Section,,,READ_CONTROL|DELETE|WRITE_DAC|WRITE_OWNER|QUERY|MAP_WRITE|MAP_READ
ReetFPS.exe,15040,DESKTOP-M4PIKSF\dani,0x00000CD0,EtwRegistration,,,0x0804
ReetFPS.exe,15040,DESKTOP-M4PIKSF\dani,0x00000CD4,Key,,HKLM\SOFTWARE\WOW6432Node\Microsoft\Windows\CurrentVersion\Explorer\FolderDescriptions\{0ddd015d-b06c-45d5-8c4c-f59713854639}\PropertyBag,READ_CONTROL|KEY_READ
ReetFPS.exe,15040,DESKTOP-M4PIKSF\dani,0x00000CD8,Section,,,READ_CONTROL|DELETE|WRITE_DAC|WRITE_OWNER|QUERY|MAP_WRITE|MAP_READ
ReetFPS.exe,15040,DESKTOP-M4PIKSF\dani,0x00000CDC,Section,,,READ_CONTROL|DELETE|WRITE_DAC|WRITE_OWNER|QUERY|MAP_WRITE|MAP_READ
ReetFPS.exe,15040,DESKTOP-M4PIKSF\dani,0x00000CE0,Section,,,READ_CONTROL|DELETE|WRITE_DAC|WRITE_OWNER|QUERY|MAP_WRITE|MAP_READ
ReetFPS.exe,15040,DESKTOP-M4PIKSF\dani,0x00000CE4,IoCompletion,,,READ_CONTROL|DELETE|SYNCHRONIZE|WRITE_DAC|WRITE_OWNER|0x1F0003
ReetFPS.exe,15040,DESKTOP-M4PIKSF\dani,0x00000CE8,EtwRegistration,,,0x0804
ReetFPS.exe,15040,DESKTOP-M4PIKSF\dani,0x00000CEC,Section,,,READ_CONTROL|DELETE|WRITE_DAC|WRITE_OWNER|QUERY|MAP_WRITE|MAP_READ
ReetFPS.exe,15040,DESKTOP-M4PIKSF\dani,0x00000CF0,Section,,,READ_CONTROL|DELETE|WRITE_DAC|WRITE_OWNER|QUERY|MAP_WRITE|MAP_READ
ReetFPS.exe,15040,DESKTOP-M4PIKSF\dani,0x00000CF4,Section,,,READ_CONTROL|DELETE|WRITE_DAC|WRITE_OWNER|QUERY|MAP_WRITE|MAP_READ
ReetFPS.exe,15040,DESKTOP-M4PIKSF\dani,0x00000CF8,Section,,,READ_CONTROL|DELETE|WRITE_DAC|WRITE_OWNER|QUERY|MAP_WRITE|MAP_READ
ReetFPS.exe,15040,DESKTOP-M4PIKSF\dani,0x00000CFC,Section,,,READ_CONTROL|DELETE|WRITE_DAC|WRITE_OWNER|QUERY|MAP_WRITE|MAP_READ
ReetFPS.exe,15040,DESKTOP-M4PIKSF\dani,0x00000D00,EtwRegistration,,,0x0804
ReetFPS.exe,15040,DESKTOP-M4PIKSF\dani,0x00000D04,Event,,,READ_CONTROL|DELETE|SYNCHRONIZE|WRITE_DAC|WRITE_OWNER|EVENT_ALL_ACCESS
ReetFPS.exe,15040,DESKTOP-M4PIKSF\dani,0x00000D08,Key,,HKCU\Software\Microsoft\Windows NT\CurrentVersion,ENUMERATE_SUB_KEYS
ReetFPS.exe,15040,DESKTOP-M4PIKSF\dani,0x00000D0C,Section,,,READ_CONTROL|DELETE|WRITE_DAC|WRITE_OWNER|QUERY|MAP_WRITE|MAP_READ
ReetFPS.exe,15040,DESKTOP-M4PIKSF\dani,0x00000D10,Section,,,READ_CONTROL|DELETE|WRITE_DAC|WRITE_OWNER|QUERY|MAP_WRITE|MAP_READ
ReetFPS.exe,15040,DESKTOP-M4PIKSF\dani,0x00000D14,Event,,,READ_CONTROL|DELETE|SYNCHRONIZE|WRITE_DAC|WRITE_OWNER|EVENT_ALL_ACCESS
ReetFPS.exe,15040,DESKTOP-M4PIKSF\dani,0x00000D18,Section,,,READ_CONTROL|DELETE|WRITE_DAC|WRITE_OWNER|QUERY|MAP_WRITE|MAP_READ
ReetFPS.exe,15040,DESKTOP-M4PIKSF\dani,0x00000D1C,Key,,HKLM\SOFTWARE\WOW6432Node\Microsoft\Windows\CurrentVersion\Explorer\FolderDescriptions\{35286a68-3c57-41a1-bbb1-0eae73d76c95}\PropertyBag,READ_CONTROL|KEY_READ
ReetFPS.exe,15040,DESKTOP-M4PIKSF\dani,0x00000D20,Section,,,READ_CONTROL|DELETE|WRITE_DAC|WRITE_OWNER|QUERY|MAP_WRITE|MAP_READ
ReetFPS.exe,15040,DESKTOP-M4PIKSF\dani,0x00000D24,Section,,,READ_CONTROL|DELETE|WRITE_DAC|WRITE_OWNER|QUERY|MAP_WRITE|MAP_READ
ReetFPS.exe,15040,DESKTOP-M4PIKSF\dani,0x00000D28,File,---,\Device\NamedPipe\,READ_CONTROL|SYNCHRONIZE|FILE_GENERIC_READ
ReetFPS.exe,15040,DESKTOP-M4PIKSF\dani,0x00000D2C,Section,,,READ_CONTROL|DELETE|WRITE_DAC|WRITE_OWNER|QUERY|MAP_WRITE|MAP_READ
ReetFPS.exe,15040,DESKTOP-M4PIKSF\dani,0x00000D30,IoCompletion,,,READ_CONTROL|DELETE|SYNCHRONIZE|WRITE_DAC|WRITE_OWNER|0x1F0003
ReetFPS.exe,15040,DESKTOP-M4PIKSF\dani,0x00000D34,Section,,,READ_CONTROL|DELETE|WRITE_DAC|WRITE_OWNER|QUERY|MAP_WRITE|MAP_READ
ReetFPS.exe,15040,DESKTOP-M4PIKSF\dani,0x00000D38,Thread,,<Nonexistent process>(10592): 7032,READ_CONTROL|DELETE|SYNCHRONIZE|WRITE_DAC|WRITE_OWNER|THREAD_ALL_ACCESS
ReetFPS.exe,15040,DESKTOP-M4PIKSF\dani,0x00000D3C,Section,,\BaseNamedObjects\windows_shell_global_counters,MAP_WRITE|MAP_READ
ReetFPS.exe,15040,DESKTOP-M4PIKSF\dani,0x00000D40,Thread,,<Nonexistent process>(10592): 17080,READ_CONTROL|DELETE|SYNCHRONIZE|WRITE_DAC|WRITE_OWNER|THREAD_ALL_ACCESS
ReetFPS.exe,15040,DESKTOP-M4PIKSF\dani,0x00000D44,Thread,,ReetFPS.exe(15040): 14540,READ_CONTROL|DELETE|SYNCHRONIZE|WRITE_DAC|WRITE_OWNER|THREAD_ALL_ACCESS
ReetFPS.exe,15040,DESKTOP-M4PIKSF\dani,0x00000D48,Section,,,READ_CONTROL|DELETE|WRITE_DAC|WRITE_OWNER|QUERY|MAP_WRITE|MAP_READ
ReetFPS.exe,15040,DESKTOP-M4PIKSF\dani,0x00000D4C,Section,,,READ_CONTROL|DELETE|WRITE_DAC|WRITE_OWNER|QUERY|MAP_WRITE|MAP_READ
ReetFPS.exe,15040,DESKTOP-M4PIKSF\dani,0x00000D50,Event,,,READ_CONTROL|DELETE|SYNCHRONIZE|WRITE_DAC|WRITE_OWNER|EVENT_ALL_ACCESS
ReetFPS.exe,15040,DESKTOP-M4PIKSF\dani,0x00000D54,Section,,,READ_CONTROL|DELETE|WRITE_DAC|WRITE_OWNER|QUERY|MAP_WRITE|MAP_READ
ReetFPS.exe,15040,DESKTOP-M4PIKSF\dani,0x00000D58,Section,,,READ_CONTROL|DELETE|WRITE_DAC|WRITE_OWNER|QUERY|MAP_WRITE|MAP_READ
ReetFPS.exe,15040,DESKTOP-M4PIKSF\dani,0x00000D5C,Section,,,READ_CONTROL|DELETE|WRITE_DAC|WRITE_OWNER|QUERY|MAP_WRITE|MAP_READ
ReetFPS.exe,15040,DESKTOP-M4PIKSF\dani,0x00000D60,Thread,,<Nonexistent process>(10592): 9084,READ_CONTROL|DELETE|SYNCHRONIZE|WRITE_DAC|WRITE_OWNER|THREAD_ALL_ACCESS
ReetFPS.exe,15040,DESKTOP-M4PIKSF\dani,0x00000D64,Section,,\BaseNamedObjects\C:*ProgramData*Microsoft*Windows*Caches*{6AF0698E-D558-4F6E-9B3C-3716689AF493}.2.ver0x0000000000000005.db,MAP_READ
ReetFPS.exe,15040,DESKTOP-M4PIKSF\dani,0x00000D68,Section,,,READ_CONTROL|DELETE|WRITE_DAC|WRITE_OWNER|QUERY|MAP_WRITE|MAP_READ
ReetFPS.exe,15040,DESKTOP-M4PIKSF\dani,0x00000D6C,Section,,,READ_CONTROL|DELETE|WRITE_DAC|WRITE_OWNER|QUERY|MAP_WRITE|MAP_READ
ReetFPS.exe,15040,DESKTOP-M4PIKSF\dani,0x00000D70,EtwRegistration,,,0x0804
ReetFPS.exe,15040,DESKTOP-M4PIKSF\dani,0x00000D74,Section,,\BaseNamedObjects\C:*ProgramData*Microsoft*Windows*Caches*cversions.2.ro,MAP_READ
ReetFPS.exe,15040,DESKTOP-M4PIKSF\dani,0x00000D78,Section,,\BaseNamedObjects\C:*ProgramData*Microsoft*Windows*Caches*cversions.2.ro,MAP_READ
ReetFPS.exe,15040,DESKTOP-M4PIKSF\dani,0x00000D7C,Section,,,READ_CONTROL|DELETE|WRITE_DAC|WRITE_OWNER|QUERY|MAP_WRITE|MAP_READ
ReetFPS.exe,15040,DESKTOP-M4PIKSF\dani,0x00000D80,Section,,,READ_CONTROL|DELETE|WRITE_DAC|WRITE_OWNER|QUERY|MAP_WRITE|MAP_READ
ReetFPS.exe,15040,DESKTOP-M4PIKSF\dani,0x00000D84,Thread,,ReetFPS.exe(15040): 10620,READ_CONTROL|DELETE|SYNCHRONIZE|WRITE_DAC|WRITE_OWNER|THREAD_ALL_ACCESS
ReetFPS.exe,15040,DESKTOP-M4PIKSF\dani,0x00000D88,Section,,,READ_CONTROL|DELETE|WRITE_DAC|WRITE_OWNER|QUERY|MAP_WRITE|MAP_READ
ReetFPS.exe,15040,DESKTOP-M4PIKSF\dani,0x00000D8C,Section,,,READ_CONTROL|DELETE|WRITE_DAC|WRITE_OWNER|QUERY|MAP_WRITE|MAP_READ
ReetFPS.exe,15040,DESKTOP-M4PIKSF\dani,0x00000D90,Section,,,READ_CONTROL|DELETE|WRITE_DAC|WRITE_OWNER|QUERY|MAP_WRITE|MAP_READ
ReetFPS.exe,15040,DESKTOP-M4PIKSF\dani,0x00000D94,Event,,,READ_CONTROL|DELETE|SYNCHRONIZE|WRITE_DAC|WRITE_OWNER|EVENT_ALL_ACCESS
ReetFPS.exe,15040,DESKTOP-M4PIKSF\dani,0x00000D98,Section,,,READ_CONTROL|DELETE|WRITE_DAC|WRITE_OWNER|QUERY|MAP_WRITE|MAP_READ
ReetFPS.exe,15040,DESKTOP-M4PIKSF\dani,0x00000D9C,Section,,,READ_CONTROL|DELETE|WRITE_DAC|WRITE_OWNER|QUERY|MAP_WRITE|MAP_READ
ReetFPS.exe,15040,DESKTOP-M4PIKSF\dani,0x00000DA0,Section,,,READ_CONTROL|DELETE|WRITE_DAC|WRITE_OWNER|QUERY|MAP_WRITE|MAP_READ
ReetFPS.exe,15040,DESKTOP-M4PIKSF\dani,0x00000DA4,Section,,,READ_CONTROL|DELETE|WRITE_DAC|WRITE_OWNER|QUERY|MAP_WRITE|MAP_READ
ReetFPS.exe,15040,DESKTOP-M4PIKSF\dani,0x00000DA8,EtwRegistration,,,0x0804
ReetFPS.exe,15040,DESKTOP-M4PIKSF\dani,0x00000DAC,Thread,,<Nonexistent process>(10592): 14412,READ_CONTROL|DELETE|SYNCHRONIZE|WRITE_DAC|WRITE_OWNER|THREAD_ALL_ACCESS
ReetFPS.exe,15040,DESKTOP-M4PIKSF\dani,0x00000DB0,Section,,,READ_CONTROL|DELETE|WRITE_DAC|WRITE_OWNER|QUERY|MAP_WRITE|MAP_READ
ReetFPS.exe,15040,DESKTOP-M4PIKSF\dani,0x00000DB4,Thread,,<Nonexistent process>(10592): 13452,READ_CONTROL|DELETE|SYNCHRONIZE|WRITE_DAC|WRITE_OWNER|THREAD_ALL_ACCESS
ReetFPS.exe,15040,DESKTOP-M4PIKSF\dani,0x00000DB8,Event,,,READ_CONTROL|DELETE|SYNCHRONIZE|WRITE_DAC|WRITE_OWNER|EVENT_ALL_ACCESS
ReetFPS.exe,15040,DESKTOP-M4PIKSF\dani,0x00000DBC,Event,,,READ_CONTROL|DELETE|SYNCHRONIZE|WRITE_DAC|WRITE_OWNER|EVENT_ALL_ACCESS
ReetFPS.exe,15040,DESKTOP-M4PIKSF\dani,0x00000DC0,Thread,,<Nonexistent process>(10592): 6916,READ_CONTROL|DELETE|SYNCHRONIZE|WRITE_DAC|WRITE_OWNER|THREAD_ALL_ACCESS
ReetFPS.exe,15040,DESKTOP-M4PIKSF\dani,0x00000DC4,Section,,,READ_CONTROL|DELETE|WRITE_DAC|WRITE_OWNER|QUERY|MAP_WRITE|MAP_READ
ReetFPS.exe,15040,DESKTOP-M4PIKSF\dani,0x00000DC8,Key,,HKLM\SOFTWARE\Microsoft\WindowsRuntime\ActivatableClassId,READ_CONTROL|KEY_READ
ReetFPS.exe,15040,DESKTOP-M4PIKSF\dani,0x00000DCC,Section,,,READ_CONTROL|DELETE|WRITE_DAC|WRITE_OWNER|QUERY|MAP_WRITE|MAP_READ
ReetFPS.exe,15040,DESKTOP-M4PIKSF\dani,0x00000DD0,EtwRegistration,,,0x0804
ReetFPS.exe,15040,DESKTOP-M4PIKSF\dani,0x00000DD4,Section,,,READ_CONTROL|DELETE|WRITE_DAC|WRITE_OWNER|QUERY|MAP_WRITE|MAP_READ
ReetFPS.exe,15040,DESKTOP-M4PIKSF\dani,0x00000DD8,Section,,,READ_CONTROL|DELETE|WRITE_DAC|WRITE_OWNER|QUERY|MAP_WRITE|MAP_READ
ReetFPS.exe,15040,DESKTOP-M4PIKSF\dani,0x00000DDC,Key,,HKLM\SOFTWARE\Microsoft\WindowsRuntime,READ_CONTROL|KEY_READ
ReetFPS.exe,15040,DESKTOP-M4PIKSF\dani,0x00000DE0,Section,,,READ_CONTROL|DELETE|WRITE_DAC|WRITE_OWNER|QUERY|MAP_WRITE|MAP_READ
ReetFPS.exe,15040,DESKTOP-M4PIKSF\dani,0x00000DE4,Section,,,READ_CONTROL|DELETE|WRITE_DAC|WRITE_OWNER|QUERY|MAP_WRITE|MAP_READ
ReetFPS.exe,15040,DESKTOP-M4PIKSF\dani,0x00000DE8,Thread,,ReetFPS.exe(15040): 9900,READ_CONTROL|DELETE|SYNCHRONIZE|WRITE_DAC|WRITE_OWNER|THREAD_ALL_ACCESS
ReetFPS.exe,15040,DESKTOP-M4PIKSF\dani,0x00000DEC,Section,,,READ_CONTROL|DELETE|WRITE_DAC|WRITE_OWNER|QUERY|MAP_WRITE|MAP_READ
ReetFPS.exe,15040,DESKTOP-M4PIKSF\dani,0x00000DF0,Section,,,READ_CONTROL|DELETE|WRITE_DAC|WRITE_OWNER|QUERY|MAP_WRITE|MAP_READ
ReetFPS.exe,15040,DESKTOP-M4PIKSF\dani,0x00000DF4,Section,,,READ_CONTROL|DELETE|WRITE_DAC|WRITE_OWNER|QUERY|MAP_WRITE|MAP_READ
ReetFPS.exe,15040,DESKTOP-M4PIKSF\dani,0x00000DF8,IoCompletion,,,READ_CONTROL|DELETE|SYNCHRONIZE|WRITE_DAC|WRITE_OWNER|0x1F0003
ReetFPS.exe,15040,DESKTOP-M4PIKSF\dani,0x00000DFC,Thread,,ReetFPS.exe(15040): 15076,READ_CONTROL|DELETE|SYNCHRONIZE|WRITE_DAC|WRITE_OWNER|THREAD_ALL_ACCESS
ReetFPS.exe,15040,DESKTOP-M4PIKSF\dani,0x00000E00,Key,,HKLM\SOFTWARE\WOW6432Node\Microsoft\Windows\CurrentVersion\Explorer\FolderDescriptions\{F38BF404-1D43-42F2-9305-67DE0B28FC23}\PropertyBag,READ_CONTROL|KEY_READ
ReetFPS.exe,15040,DESKTOP-M4PIKSF\dani,0x00000E04,Key,,HKLM\SOFTWARE\WOW6432Node\Microsoft\Windows\CurrentVersion\Explorer\FolderDescriptions\{7d83ee9b-2244-4e70-b1f5-5393042af1e4}\PropertyBag,READ_CONTROL|KEY_READ
ReetFPS.exe,15040,DESKTOP-M4PIKSF\dani,0x00000E08,Section,,,READ_CONTROL|DELETE|WRITE_DAC|WRITE_OWNER|QUERY|MAP_WRITE|MAP_READ
ReetFPS.exe,15040,DESKTOP-M4PIKSF\dani,0x00000E0C,Key,,HKLM\SOFTWARE\Microsoft\WindowsRuntime\Server,READ_CONTROL|KEY_READ
ReetFPS.exe,15040,DESKTOP-M4PIKSF\dani,0x00000E10,Section,,,READ_CONTROL|DELETE|WRITE_DAC|WRITE_OWNER|QUERY|MAP_WRITE|MAP_READ
ReetFPS.exe,15040,DESKTOP-M4PIKSF\dani,0x00000E14,Section,,,READ_CONTROL|DELETE|WRITE_DAC|WRITE_OWNER|QUERY|MAP_WRITE|MAP_READ
ReetFPS.exe,15040,DESKTOP-M4PIKSF\dani,0x00000E18,Event,,,READ_CONTROL|DELETE|SYNCHRONIZE|WRITE_DAC|WRITE_OWNER|EVENT_ALL_ACCESS
ReetFPS.exe,15040,DESKTOP-M4PIKSF\dani,0x00000E1C,Section,,,READ_CONTROL|DELETE|WRITE_DAC|WRITE_OWNER|QUERY|MAP_WRITE|MAP_READ
ReetFPS.exe,15040,DESKTOP-M4PIKSF\dani,0x00000E20,Section,,,READ_CONTROL|DELETE|WRITE_DAC|WRITE_OWNER|QUERY|MAP_WRITE|MAP_READ
ReetFPS.exe,15040,DESKTOP-M4PIKSF\dani,0x00000E24,Thread,,<Nonexistent process>(10592): 16036,READ_CONTROL|DELETE|SYNCHRONIZE|WRITE_DAC|WRITE_OWNER|THREAD_ALL_ACCESS
ReetFPS.exe,15040,DESKTOP-M4PIKSF\dani,0x00000E28,Section,,,READ_CONTROL|DELETE|WRITE_DAC|WRITE_OWNER|QUERY|MAP_WRITE|MAP_READ
ReetFPS.exe,15040,DESKTOP-M4PIKSF\dani,0x00000E2C,Section,,,READ_CONTROL|DELETE|WRITE_DAC|WRITE_OWNER|QUERY|MAP_WRITE|MAP_READ
ReetFPS.exe,15040,DESKTOP-M4PIKSF\dani,0x00000E30,PcwObject,,,READ_CONTROL|DELETE|WRITE_DAC|WRITE_OWNER|0xF0003
ReetFPS.exe,15040,DESKTOP-M4PIKSF\dani,0x00000E34,IoCompletion,,,READ_CONTROL|DELETE|SYNCHRONIZE|WRITE_DAC|WRITE_OWNER|0x1F0003
ReetFPS.exe,15040,DESKTOP-M4PIKSF\dani,0x00000E38,Section,,,READ_CONTROL|DELETE|WRITE_DAC|WRITE_OWNER|QUERY|MAP_WRITE|MAP_READ
ReetFPS.exe,15040,DESKTOP-M4PIKSF\dani,0x00000E3C,Section,,,READ_CONTROL|DELETE|WRITE_DAC|WRITE_OWNER|QUERY|MAP_WRITE|MAP_READ
ReetFPS.exe,15040,DESKTOP-M4PIKSF\dani,0x00000E40,Thread,,<Nonexistent process>(10592): 17016,READ_CONTROL|DELETE|SYNCHRONIZE|WRITE_DAC|WRITE_OWNER|THREAD_ALL_ACCESS
ReetFPS.exe,15040,DESKTOP-M4PIKSF\dani,0x00000E44,Section,,,READ_CONTROL|DELETE|WRITE_DAC|WRITE_OWNER|QUERY|MAP_WRITE|MAP_READ
ReetFPS.exe,15040,DESKTOP-M4PIKSF\dani,0x00000E48,Section,,,READ_CONTROL|DELETE|WRITE_DAC|WRITE_OWNER|QUERY|MAP_WRITE|MAP_READ
ReetFPS.exe,15040,DESKTOP-M4PIKSF\dani,0x00000E4C,Section,,,READ_CONTROL|DELETE|WRITE_DAC|WRITE_OWNER|QUERY|MAP_WRITE|MAP_READ
ReetFPS.exe,15040,DESKTOP-M4PIKSF\dani,0x00000E50,Event,,,READ_CONTROL|DELETE|SYNCHRONIZE|WRITE_DAC|WRITE_OWNER|EVENT_ALL_ACCESS
ReetFPS.exe,15040,DESKTOP-M4PIKSF\dani,0x00000E54,Thread,,<Nonexistent process>(10592): 16572,READ_CONTROL|DELETE|SYNCHRONIZE|WRITE_DAC|WRITE_OWNER|THREAD_ALL_ACCESS
ReetFPS.exe,15040,DESKTOP-M4PIKSF\dani,0x00000E58,Section,,,READ_CONTROL|DELETE|WRITE_DAC|WRITE_OWNER|QUERY|MAP_WRITE|MAP_READ
ReetFPS.exe,15040,DESKTOP-M4PIKSF\dani,0x00000E5C,Thread,,<Nonexistent process>(10592): 13368,READ_CONTROL|DELETE|SYNCHRONIZE|WRITE_DAC|WRITE_OWNER|THREAD_ALL_ACCESS
ReetFPS.exe,15040,DESKTOP-M4PIKSF\dani,0x00000E60,EtwRegistration,,,0x0804
ReetFPS.exe,15040,DESKTOP-M4PIKSF\dani,0x00000E64,Event,,,READ_CONTROL|DELETE|SYNCHRONIZE|WRITE_DAC|WRITE_OWNER|EVENT_ALL_ACCESS
ReetFPS.exe,15040,DESKTOP-M4PIKSF\dani,0x00000E68,Section,,,READ_CONTROL|DELETE|WRITE_DAC|WRITE_OWNER|QUERY|MAP_WRITE|MAP_READ
ReetFPS.exe,15040,DESKTOP-M4PIKSF\dani,0x00000E6C,EtwRegistration,,,0x0804
ReetFPS.exe,15040,DESKTOP-M4PIKSF\dani,0x00000E70,WaitCompletionPacket,,,0x0001
ReetFPS.exe,15040,DESKTOP-M4PIKSF\dani,0x00000E74,Key,,HKLM\SOFTWARE\WOW6432Node\Microsoft\Windows\CurrentVersion\Explorer,READ_CONTROL|KEY_READ
ReetFPS.exe,15040,DESKTOP-M4PIKSF\dani,0x00000E78,Section,,,READ_CONTROL|DELETE|WRITE_DAC|WRITE_OWNER|QUERY|MAP_WRITE|MAP_READ
ReetFPS.exe,15040,DESKTOP-M4PIKSF\dani,0x00000E7C,Event,,,READ_CONTROL|DELETE|SYNCHRONIZE|WRITE_DAC|WRITE_OWNER|EVENT_ALL_ACCESS
ReetFPS.exe,15040,DESKTOP-M4PIKSF\dani,0x00000E80,Section,,,READ_CONTROL|DELETE|WRITE_DAC|WRITE_OWNER|QUERY|MAP_WRITE|MAP_READ
ReetFPS.exe,15040,DESKTOP-M4PIKSF\dani,0x00000E84,Section,,,READ_CONTROL|DELETE|WRITE_DAC|WRITE_OWNER|QUERY|MAP_WRITE|MAP_READ
ReetFPS.exe,15040,DESKTOP-M4PIKSF\dani,0x00000E88,Section,,,READ_CONTROL|DELETE|WRITE_DAC|WRITE_OWNER|QUERY|MAP_WRITE|MAP_READ
ReetFPS.exe,15040,DESKTOP-M4PIKSF\dani,0x00000E8C,Section,,,READ_CONTROL|DELETE|WRITE_DAC|WRITE_OWNER|QUERY|MAP_WRITE|MAP_READ
ReetFPS.exe,15040,DESKTOP-M4PIKSF\dani,0x00000E90,IoCompletion,,,READ_CONTROL|DELETE|SYNCHRONIZE|WRITE_DAC|WRITE_OWNER|0x1F0003
ReetFPS.exe,15040,DESKTOP-M4PIKSF\dani,0x00000E94,Section,,,READ_CONTROL|DELETE|WRITE_DAC|WRITE_OWNER|QUERY|MAP_WRITE|MAP_READ
ReetFPS.exe,15040,DESKTOP-M4PIKSF\dani,0x00000E98,EtwRegistration,,,0x0804
ReetFPS.exe,15040,DESKTOP-M4PIKSF\dani,0x00000E9C,EtwRegistration,,,0x0804
ReetFPS.exe,15040,DESKTOP-M4PIKSF\dani,0x00000EA0,Section,,,READ_CONTROL|DELETE|WRITE_DAC|WRITE_OWNER|QUERY|MAP_WRITE|MAP_READ
ReetFPS.exe,15040,DESKTOP-M4PIKSF\dani,0x00000EA4,Key,,HKLM\SOFTWARE\WOW6432Node\Microsoft\Windows\CurrentVersion\Explorer\FolderDescriptions\{D65231B0-B2F1-4857-A4CE-A8E7C6EA7D27}\PropertyBag,READ_CONTROL|KEY_READ
ReetFPS.exe,15040,DESKTOP-M4PIKSF\dani,0x00000EA8,Key,,HKLM\SOFTWARE\WOW6432Node\Microsoft\Windows\CurrentVersion\Explorer\Desktop\NameSpace,NOTIFY
ReetFPS.exe,15040,DESKTOP-M4PIKSF\dani,0x00000EAC,Event,,,READ_CONTROL|DELETE|SYNCHRONIZE|WRITE_DAC|WRITE_OWNER|EVENT_ALL_ACCESS
ReetFPS.exe,15040,DESKTOP-M4PIKSF\dani,0x00000EB0,Section,,,READ_CONTROL|DELETE|WRITE_DAC|WRITE_OWNER|QUERY|MAP_WRITE|MAP_READ
ReetFPS.exe,15040,DESKTOP-M4PIKSF\dani,0x00000EB4,Section,,,READ_CONTROL|DELETE|WRITE_DAC|WRITE_OWNER|QUERY|MAP_WRITE|MAP_READ
ReetFPS.exe,15040,DESKTOP-M4PIKSF\dani,0x00000EB8,EtwRegistration,,,0x0804
ReetFPS.exe,15040,DESKTOP-M4PIKSF\dani,0x00000EBC,Event,,,READ_CONTROL|DELETE|SYNCHRONIZE|WRITE_DAC|WRITE_OWNER|EVENT_ALL_ACCESS
ReetFPS.exe,15040,DESKTOP-M4PIKSF\dani,0x00000EC0,Thread,,ReetFPS.exe(15040): 4240,READ_CONTROL|DELETE|SYNCHRONIZE|WRITE_DAC|WRITE_OWNER|THREAD_ALL_ACCESS
ReetFPS.exe,15040,DESKTOP-M4PIKSF\dani,0x00000EC4,Section,,,READ_CONTROL|DELETE|WRITE_DAC|WRITE_OWNER|QUERY|MAP_WRITE|MAP_READ
ReetFPS.exe,15040,DESKTOP-M4PIKSF\dani,0x00000EC8,Section,,,READ_CONTROL|DELETE|WRITE_DAC|WRITE_OWNER|QUERY|MAP_WRITE|MAP_READ
ReetFPS.exe,15040,DESKTOP-M4PIKSF\dani,0x00000ECC,WaitCompletionPacket,,,0x0001
ReetFPS.exe,15040,DESKTOP-M4PIKSF\dani,0x00000ED0,Thread,,ReetFPS.exe(15040): 15084,READ_CONTROL|DELETE|SYNCHRONIZE|WRITE_DAC|WRITE_OWNER|THREAD_ALL_ACCESS
ReetFPS.exe,15040,DESKTOP-M4PIKSF\dani,0x00000ED4,Section,,,READ_CONTROL|DELETE|WRITE_DAC|WRITE_OWNER|QUERY|MAP_WRITE|MAP_READ
ReetFPS.exe,15040,DESKTOP-M4PIKSF\dani,0x00000ED8,Section,,,READ_CONTROL|DELETE|WRITE_DAC|WRITE_OWNER|QUERY|MAP_WRITE|MAP_READ
ReetFPS.exe,15040,DESKTOP-M4PIKSF\dani,0x00000EDC,Section,,,READ_CONTROL|DELETE|WRITE_DAC|WRITE_OWNER|QUERY|MAP_WRITE|MAP_READ
ReetFPS.exe,15040,DESKTOP-M4PIKSF\dani,0x00000EE0,Section,,,READ_CONTROL|DELETE|WRITE_DAC|WRITE_OWNER|QUERY|MAP_WRITE|MAP_READ
ReetFPS.exe,15040,DESKTOP-M4PIKSF\dani,0x00000EE4,Section,,\BaseNamedObjects\C:*ProgramData*Microsoft*Windows*Caches*{DDF571F2-BE98-426D-8288-1A9A39C3FDA2}.2.ver0x0000000000000005.db,MAP_READ
ReetFPS.exe,15040,DESKTOP-M4PIKSF\dani,0x00000EE8,Event,,,READ_CONTROL|DELETE|SYNCHRONIZE|WRITE_DAC|WRITE_OWNER|EVENT_ALL_ACCESS
ReetFPS.exe,15040,DESKTOP-M4PIKSF\dani,0x00000EEC,Section,,,READ_CONTROL|DELETE|WRITE_DAC|WRITE_OWNER|QUERY|MAP_WRITE|MAP_READ
ReetFPS.exe,15040,DESKTOP-M4PIKSF\dani,0x00000EF0,EtwRegistration,,,0x0804
ReetFPS.exe,15040,DESKTOP-M4PIKSF\dani,0x00000EF4,Section,,,READ_CONTROL|DELETE|WRITE_DAC|WRITE_OWNER|QUERY|MAP_WRITE|MAP_READ
ReetFPS.exe,15040,DESKTOP-M4PIKSF\dani,0x00000EF8,File,R-D,C:\Windows\System32\en-GB\propsys.dll.mui,SYNCHRONIZE|READ_DATA
ReetFPS.exe,15040,DESKTOP-M4PIKSF\dani,0x00000EFC,Section,,,READ_CONTROL|DELETE|WRITE_DAC|WRITE_OWNER|QUERY|MAP_WRITE|MAP_READ
ReetFPS.exe,15040,DESKTOP-M4PIKSF\dani,0x00000F00,Section,,,READ_CONTROL|DELETE|WRITE_DAC|WRITE_OWNER|QUERY|MAP_WRITE|MAP_READ
ReetFPS.exe,15040,DESKTOP-M4PIKSF\dani,0x00000F04,EtwRegistration,,,0x0804
ReetFPS.exe,15040,DESKTOP-M4PIKSF\dani,0x00000F08,Key,,HKLM\SOFTWARE\WOW6432Node\Microsoft\Windows\CurrentVersion\Explorer\FolderDescriptions\{B4BFCC3A-DB2C-424C-B029-7FE99A87C641}\PropertyBag,READ_CONTROL|KEY_READ
ReetFPS.exe,15040,DESKTOP-M4PIKSF\dani,0x00000F0C,Section,,,READ_CONTROL|DELETE|WRITE_DAC|WRITE_OWNER|QUERY|MAP_WRITE|MAP_READ
ReetFPS.exe,15040,DESKTOP-M4PIKSF\dani,0x00000F10,Section,,,READ_CONTROL|DELETE|WRITE_DAC|WRITE_OWNER|QUERY|MAP_WRITE|MAP_READ
ReetFPS.exe,15040,DESKTOP-M4PIKSF\dani,0x00000F14,Key,,HKLM\SOFTWARE\WOW6432Node\Microsoft\Windows\CurrentVersion\Explorer\FolderDescriptions\{1AC14E77-02E7-4E5D-B744-2EB1AE5198B7}\PropertyBag,READ_CONTROL|KEY_READ
ReetFPS.exe,15040,DESKTOP-M4PIKSF\dani,0x00000F18,EtwRegistration,,,0x0804
ReetFPS.exe,15040,DESKTOP-M4PIKSF\dani,0x00000F1C,Section,,,READ_CONTROL|DELETE|WRITE_DAC|WRITE_OWNER|QUERY|MAP_WRITE|MAP_READ
ReetFPS.exe,15040,DESKTOP-M4PIKSF\dani,0x00000F20,Section,,,READ_CONTROL|DELETE|WRITE_DAC|WRITE_OWNER|QUERY|MAP_WRITE|MAP_READ
ReetFPS.exe,15040,DESKTOP-M4PIKSF\dani,0x00000F24,EtwRegistration,,,0x0804
ReetFPS.exe,15040,DESKTOP-M4PIKSF\dani,0x00000F28,Event,,,READ_CONTROL|DELETE|SYNCHRONIZE|WRITE_DAC|WRITE_OWNER|EVENT_ALL_ACCESS
ReetFPS.exe,15040,DESKTOP-M4PIKSF\dani,0x00000F2C,Section,,,READ_CONTROL|DELETE|WRITE_DAC|WRITE_OWNER|QUERY|MAP_WRITE|MAP_READ
ReetFPS.exe,15040,DESKTOP-M4PIKSF\dani,0x00000F30,Section,,,READ_CONTROL|DELETE|WRITE_DAC|WRITE_OWNER|QUERY|MAP_WRITE|MAP_READ
ReetFPS.exe,15040,DESKTOP-M4PIKSF\dani,0x00000F34,Section,,,READ_CONTROL|DELETE|WRITE_DAC|WRITE_OWNER|QUERY|MAP_WRITE|MAP_READ
ReetFPS.exe,15040,DESKTOP-M4PIKSF\dani,0x00000F38,Thread,,<Nonexistent process>(10592): 16860,READ_CONTROL|DELETE|SYNCHRONIZE|WRITE_DAC|WRITE_OWNER|THREAD_ALL_ACCESS
ReetFPS.exe,15040,DESKTOP-M4PIKSF\dani,0x00000F3C,EtwRegistration,,,0x0804
ReetFPS.exe,15040,DESKTOP-M4PIKSF\dani,0x00000F40,Section,,,READ_CONTROL|DELETE|WRITE_DAC|WRITE_OWNER|QUERY|MAP_WRITE|MAP_READ
ReetFPS.exe,15040,DESKTOP-M4PIKSF\dani,0x00000F44,Thread,,<Nonexistent process>(10592): 3660,READ_CONTROL|DELETE|SYNCHRONIZE|WRITE_DAC|WRITE_OWNER|THREAD_ALL_ACCESS
ReetFPS.exe,15040,DESKTOP-M4PIKSF\dani,0x00000F48,Section,,,READ_CONTROL|DELETE|WRITE_DAC|WRITE_OWNER|QUERY|MAP_WRITE|MAP_READ
ReetFPS.exe,15040,DESKTOP-M4PIKSF\dani,0x00000F4C,Section,,,READ_CONTROL|DELETE|WRITE_DAC|WRITE_OWNER|QUERY|MAP_WRITE|MAP_READ
ReetFPS.exe,15040,DESKTOP-M4PIKSF\dani,0x00000F50,Section,,,READ_CONTROL|DELETE|WRITE_DAC|WRITE_OWNER|QUERY|MAP_WRITE|MAP_READ
ReetFPS.exe,15040,DESKTOP-M4PIKSF\dani,0x00000F54,EtwRegistration,,,0x0804
ReetFPS.exe,15040,DESKTOP-M4PIKSF\dani,0x00000F58,Thread,,<Nonexistent process>(10592): 14972,READ_CONTROL|DELETE|SYNCHRONIZE|WRITE_DAC|WRITE_OWNER|THREAD_ALL_ACCESS
ReetFPS.exe,15040,DESKTOP-M4PIKSF\dani,0x00000F5C,EtwRegistration,,,0x0804
ReetFPS.exe,15040,DESKTOP-M4PIKSF\dani,0x00000F60,Section,,,READ_CONTROL|DELETE|WRITE_DAC|WRITE_OWNER|QUERY|MAP_WRITE|MAP_READ
ReetFPS.exe,15040,DESKTOP-M4PIKSF\dani,0x00000F64,Section,,,READ_CONTROL|DELETE|WRITE_DAC|WRITE_OWNER|QUERY|MAP_WRITE|MAP_READ
ReetFPS.exe,15040,DESKTOP-M4PIKSF\dani,0x00000F68,Section,,,READ_CONTROL|DELETE|WRITE_DAC|WRITE_OWNER|QUERY|MAP_WRITE|MAP_READ
ReetFPS.exe,15040,DESKTOP-M4PIKSF\dani,0x00000F6C,EtwRegistration,,,0x0804
ReetFPS.exe,15040,DESKTOP-M4PIKSF\dani,0x00000F70,Key,,HKLM\SOFTWARE\WOW6432Node\Microsoft\Windows\CurrentVersion\Explorer\FolderDescriptions\{a0c69a99-21c8-4671-8703-7934162fcf1d}\PropertyBag,READ_CONTROL|KEY_READ
ReetFPS.exe,15040,DESKTOP-M4PIKSF\dani,0x00000F74,Section,,,READ_CONTROL|DELETE|WRITE_DAC|WRITE_OWNER|QUERY|MAP_WRITE|MAP_READ
ReetFPS.exe,15040,DESKTOP-M4PIKSF\dani,0x00000F78,Section,,,READ_CONTROL|DELETE|WRITE_DAC|WRITE_OWNER|QUERY|MAP_WRITE|MAP_READ
ReetFPS.exe,15040,DESKTOP-M4PIKSF\dani,0x00000F7C,Thread,,ReetFPS.exe(15040): 12608,READ_CONTROL|DELETE|SYNCHRONIZE|WRITE_DAC|WRITE_OWNER|THREAD_ALL_ACCESS
ReetFPS.exe,15040,DESKTOP-M4PIKSF\dani,0x00000F80,Section,,,READ_CONTROL|DELETE|WRITE_DAC|WRITE_OWNER|QUERY|MAP_WRITE|MAP_READ
ReetFPS.exe,15040,DESKTOP-M4PIKSF\dani,0x00000F84,EtwRegistration,,,0x0804
ReetFPS.exe,15040,DESKTOP-M4PIKSF\dani,0x00000F88,ALPC Port,,,READ_CONTROL|DELETE|SYNCHRONIZE|WRITE_DAC|WRITE_OWNER|CONNECT
ReetFPS.exe,15040,DESKTOP-M4PIKSF\dani,0x00000F8C,EtwRegistration,,,0x0804
ReetFPS.exe,15040,DESKTOP-M4PIKSF\dani,0x00000F90,Key,,HKCU\Software\Microsoft\Windows\CurrentVersion\Explorer\Desktop\NameSpace,NOTIFY
ReetFPS.exe,15040,DESKTOP-M4PIKSF\dani,0x00000F94,Section,,,READ_CONTROL|DELETE|WRITE_DAC|WRITE_OWNER|QUERY|MAP_WRITE|MAP_READ
ReetFPS.exe,15040,DESKTOP-M4PIKSF\dani,0x00000F98,Section,,,READ_CONTROL|DELETE|WRITE_DAC|WRITE_OWNER|QUERY|MAP_WRITE|MAP_READ
ReetFPS.exe,15040,DESKTOP-M4PIKSF\dani,0x00000F9C,Section,,,READ_CONTROL|DELETE|WRITE_DAC|WRITE_OWNER|QUERY|MAP_WRITE|MAP_READ
ReetFPS.exe,15040,DESKTOP-M4PIKSF\dani,0x00000FA0,Thread,,ReetFPS.exe(15040): 8152,READ_CONTROL|DELETE|SYNCHRONIZE|WRITE_DAC|WRITE_OWNER|THREAD_ALL_ACCESS
ReetFPS.exe,15040,DESKTOP-M4PIKSF\dani,0x00000FA4,Section,,,READ_CONTROL|DELETE|WRITE_DAC|WRITE_OWNER|QUERY|MAP_WRITE|MAP_READ
ReetFPS.exe,15040,DESKTOP-M4PIKSF\dani,0x00000FA8,Section,,,READ_CONTROL|DELETE|WRITE_DAC|WRITE_OWNER|QUERY|MAP_WRITE|MAP_READ
ReetFPS.exe,15040,DESKTOP-M4PIKSF\dani,0x00000FAC,Section,,,READ_CONTROL|DELETE|WRITE_DAC|WRITE_OWNER|QUERY|MAP_WRITE|MAP_READ
ReetFPS.exe,15040,DESKTOP-M4PIKSF\dani,0x00000FB0,Section,,,READ_CONTROL|DELETE|WRITE_DAC|WRITE_OWNER|QUERY|MAP_WRITE|MAP_READ
ReetFPS.exe,15040,DESKTOP-M4PIKSF\dani,0x00000FB4,Thread,,<Nonexistent process>(10592): 8104,READ_CONTROL|DELETE|SYNCHRONIZE|WRITE_DAC|WRITE_OWNER|THREAD_ALL_ACCESS
ReetFPS.exe,15040,DESKTOP-M4PIKSF\dani,0x00000FB8,Section,,,READ_CONTROL|DELETE|WRITE_DAC|WRITE_OWNER|QUERY|MAP_WRITE|MAP_READ
ReetFPS.exe,15040,DESKTOP-M4PIKSF\dani,0x00000FBC,Section,,,READ_CONTROL|DELETE|WRITE_DAC|WRITE_OWNER|QUERY|MAP_WRITE|MAP_READ
ReetFPS.exe,15040,DESKTOP-M4PIKSF\dani,0x00000FC0,Section,,,READ_CONTROL|DELETE|WRITE_DAC|WRITE_OWNER|QUERY|MAP_WRITE|MAP_READ
ReetFPS.exe,15040,DESKTOP-M4PIKSF\dani,0x00000FC4,Section,,,READ_CONTROL|DELETE|WRITE_DAC|WRITE_OWNER|QUERY|MAP_WRITE|MAP_READ
ReetFPS.exe,15040,DESKTOP-M4PIKSF\dani,0x00000FC8,Section,,,READ_CONTROL|DELETE|WRITE_DAC|WRITE_OWNER|QUERY|MAP_WRITE|MAP_READ
ReetFPS.exe,15040,DESKTOP-M4PIKSF\dani,0x00000FCC,Section,,,READ_CONTROL|DELETE|WRITE_DAC|WRITE_OWNER|QUERY|MAP_WRITE|MAP_READ
ReetFPS.exe,15040,DESKTOP-M4PIKSF\dani,0x00000FD0,Section,,,READ_CONTROL|DELETE|WRITE_DAC|WRITE_OWNER|QUERY|MAP_WRITE|MAP_READ
ReetFPS.exe,15040,DESKTOP-M4PIKSF\dani,0x00000FD4,Event,,,READ_CONTROL|DELETE|SYNCHRONIZE|WRITE_DAC|WRITE_OWNER|EVENT_ALL_ACCESS
ReetFPS.exe,15040,DESKTOP-M4PIKSF\dani,0x00000FD8,Section,,,READ_CONTROL|DELETE|WRITE_DAC|WRITE_OWNER|QUERY|MAP_WRITE|MAP_READ
ReetFPS.exe,15040,DESKTOP-M4PIKSF\dani,0x00000FDC,Event,,,READ_CONTROL|DELETE|SYNCHRONIZE|WRITE_DAC|WRITE_OWNER|EVENT_ALL_ACCESS
ReetFPS.exe,15040,DESKTOP-M4PIKSF\dani,0x00000FE0,Event,,,READ_CONTROL|DELETE|SYNCHRONIZE|WRITE_DAC|WRITE_OWNER|EVENT_ALL_ACCESS
ReetFPS.exe,15040,DESKTOP-M4PIKSF\dani,0x00000FE4,Section,,,READ_CONTROL|DELETE|WRITE_DAC|WRITE_OWNER|QUERY|MAP_WRITE|MAP_READ
ReetFPS.exe,15040,DESKTOP-M4PIKSF\dani,0x00000FE8,Section,,,READ_CONTROL|DELETE|WRITE_DAC|WRITE_OWNER|QUERY|MAP_WRITE|MAP_READ
ReetFPS.exe,15040,DESKTOP-M4PIKSF\dani,0x00000FEC,Event,,,READ_CONTROL|DELETE|SYNCHRONIZE|WRITE_DAC|WRITE_OWNER|EVENT_ALL_ACCESS
ReetFPS.exe,15040,DESKTOP-M4PIKSF\dani,0x00000FF0,Section,,,READ_CONTROL|DELETE|WRITE_DAC|WRITE_OWNER|QUERY|MAP_WRITE|MAP_READ
ReetFPS.exe,15040,DESKTOP-M4PIKSF\dani,0x00000FF4,Section,,,READ_CONTROL|DELETE|WRITE_DAC|WRITE_OWNER|QUERY|MAP_WRITE|MAP_READ
ReetFPS.exe,15040,DESKTOP-M4PIKSF\dani,0x00000FF8,Event,,,READ_CONTROL|DELETE|SYNCHRONIZE|WRITE_DAC|WRITE_OWNER|EVENT_ALL_ACCESS
ReetFPS.exe,15040,DESKTOP-M4PIKSF\dani,0x00000FFC,Event,,,READ_CONTROL|DELETE|SYNCHRONIZE|WRITE_DAC|WRITE_OWNER|EVENT_ALL_ACCESS
ReetFPS.exe,15040,DESKTOP-M4PIKSF\dani,0x00001004,Thread,,<Nonexistent process>(10592): 8732,READ_CONTROL|DELETE|SYNCHRONIZE|WRITE_DAC|WRITE_OWNER|THREAD_ALL_ACCESS
ReetFPS.exe,15040,DESKTOP-M4PIKSF\dani,0x00001008,Section,,,READ_CONTROL|DELETE|WRITE_DAC|WRITE_OWNER|QUERY|MAP_WRITE|MAP_READ
ReetFPS.exe,15040,DESKTOP-M4PIKSF\dani,0x0000100C,Thread,,<Nonexistent process>(10592): 8124,READ_CONTROL|DELETE|SYNCHRONIZE|WRITE_DAC|WRITE_OWNER|THREAD_ALL_ACCESS
ReetFPS.exe,15040,DESKTOP-M4PIKSF\dani,0x00001010,Section,,,READ_CONTROL|DELETE|WRITE_DAC|WRITE_OWNER|QUERY|MAP_WRITE|MAP_READ
ReetFPS.exe,15040,DESKTOP-M4PIKSF\dani,0x00001014,Thread,,<Nonexistent process>(10592): 14276,READ_CONTROL|DELETE|SYNCHRONIZE|WRITE_DAC|WRITE_OWNER|THREAD_ALL_ACCESS
ReetFPS.exe,15040,DESKTOP-M4PIKSF\dani,0x00001018,Thread,,<Nonexistent process>(10592): 12760,READ_CONTROL|DELETE|SYNCHRONIZE|WRITE_DAC|WRITE_OWNER|THREAD_ALL_ACCESS
ReetFPS.exe,15040,DESKTOP-M4PIKSF\dani,0x0000101C,Thread,,<Nonexistent process>(10592): 14536,READ_CONTROL|DELETE|SYNCHRONIZE|WRITE_DAC|WRITE_OWNER|THREAD_ALL_ACCESS
ReetFPS.exe,15040,DESKTOP-M4PIKSF\dani,0x00001020,Thread,,<Nonexistent process>(3724): 13720,READ_CONTROL|DELETE|SYNCHRONIZE|WRITE_DAC|WRITE_OWNER|THREAD_ALL_ACCESS
ReetFPS.exe,15040,DESKTOP-M4PIKSF\dani,0x00001024,Thread,,<Nonexistent process>(10592): 12596,READ_CONTROL|DELETE|SYNCHRONIZE|WRITE_DAC|WRITE_OWNER|THREAD_ALL_ACCESS
ReetFPS.exe,15040,DESKTOP-M4PIKSF\dani,0x00001028,EtwRegistration,,,0x0804
ReetFPS.exe,15040,DESKTOP-M4PIKSF\dani,0x0000102C,Section,,,READ_CONTROL|DELETE|WRITE_DAC|WRITE_OWNER|QUERY|MAP_WRITE|MAP_READ
ReetFPS.exe,15040,DESKTOP-M4PIKSF\dani,0x00001030,Section,,,READ_CONTROL|DELETE|WRITE_DAC|WRITE_OWNER|QUERY|MAP_WRITE|MAP_READ
ReetFPS.exe,15040,DESKTOP-M4PIKSF\dani,0x00001034,Thread,,<Nonexistent process>(10592): 14404,READ_CONTROL|DELETE|SYNCHRONIZE|WRITE_DAC|WRITE_OWNER|THREAD_ALL_ACCESS
ReetFPS.exe,15040,DESKTOP-M4PIKSF\dani,0x00001038,Thread,,<Nonexistent process>(10592): 16112,READ_CONTROL|DELETE|SYNCHRONIZE|WRITE_DAC|WRITE_OWNER|THREAD_ALL_ACCESS
ReetFPS.exe,15040,DESKTOP-M4PIKSF\dani,0x0000103C,Thread,,<Nonexistent process>(10592): 13488,READ_CONTROL|DELETE|SYNCHRONIZE|WRITE_DAC|WRITE_OWNER|THREAD_ALL_ACCESS
ReetFPS.exe,15040,DESKTOP-M4PIKSF\dani,0x00001040,Thread,,<Nonexistent process>(10592): 13524,READ_CONTROL|DELETE|SYNCHRONIZE|WRITE_DAC|WRITE_OWNER|THREAD_ALL_ACCESS
ReetFPS.exe,15040,DESKTOP-M4PIKSF\dani,0x00001044,Thread,,<Nonexistent process>(10592): 16712,READ_CONTROL|DELETE|SYNCHRONIZE|WRITE_DAC|WRITE_OWNER|THREAD_ALL_ACCESS
ReetFPS.exe,15040,DESKTOP-M4PIKSF\dani,0x00001048,Section,,,READ_CONTROL|DELETE|WRITE_DAC|WRITE_OWNER|QUERY|MAP_WRITE|MAP_READ
ReetFPS.exe,15040,DESKTOP-M4PIKSF\dani,0x0000104C,Section,,,READ_CONTROL|DELETE|WRITE_DAC|WRITE_OWNER|QUERY|MAP_WRITE|MAP_READ
ReetFPS.exe,15040,DESKTOP-M4PIKSF\dani,0x00001050,Thread,,<Nonexistent process>(10592): 7292,READ_CONTROL|DELETE|SYNCHRONIZE|WRITE_DAC|WRITE_OWNER|THREAD_ALL_ACCESS
ReetFPS.exe,15040,DESKTOP-M4PIKSF\dani,0x00001054,Key,,HKLM\SOFTWARE\WOW6432Node\Microsoft\Windows\CurrentVersion\Explorer\Desktop\NameSpace\DelegateFolders,NOTIFY
ReetFPS.exe,15040,DESKTOP-M4PIKSF\dani,0x00001058,Section,,\BaseNamedObjects\C:*ProgramData*Microsoft*Windows*Caches*cversions.2.ro,MAP_READ
ReetFPS.exe,15040,DESKTOP-M4PIKSF\dani,0x0000105C,Event,,,READ_CONTROL|DELETE|SYNCHRONIZE|WRITE_DAC|WRITE_OWNER|EVENT_ALL_ACCESS
ReetFPS.exe,15040,DESKTOP-M4PIKSF\dani,0x00001060,Section,,,READ_CONTROL|DELETE|WRITE_DAC|WRITE_OWNER|QUERY|MAP_WRITE|MAP_READ
ReetFPS.exe,15040,DESKTOP-M4PIKSF\dani,0x00001064,Thread,,<Nonexistent process>(10592): 12564,READ_CONTROL|DELETE|SYNCHRONIZE|WRITE_DAC|WRITE_OWNER|THREAD_ALL_ACCESS
ReetFPS.exe,15040,DESKTOP-M4PIKSF\dani,0x00001068,Thread,,<Nonexistent process>(10592): 16720,READ_CONTROL|DELETE|SYNCHRONIZE|WRITE_DAC|WRITE_OWNER|THREAD_ALL_ACCESS
ReetFPS.exe,15040,DESKTOP-M4PIKSF\dani,0x0000106C,Section,,,READ_CONTROL|DELETE|WRITE_DAC|WRITE_OWNER|QUERY|MAP_WRITE|MAP_READ
ReetFPS.exe,15040,DESKTOP-M4PIKSF\dani,0x00001070,Thread,,<Nonexistent process>(10592): 13420,READ_CONTROL|DELETE|SYNCHRONIZE|WRITE_DAC|WRITE_OWNER|THREAD_ALL_ACCESS
ReetFPS.exe,15040,DESKTOP-M4PIKSF\dani,0x00001074,Thread,,<Nonexistent process>(10592): 3600,READ_CONTROL|DELETE|SYNCHRONIZE|WRITE_DAC|WRITE_OWNER|THREAD_ALL_ACCESS
ReetFPS.exe,15040,DESKTOP-M4PIKSF\dani,0x00001078,Thread,,<Nonexistent process>(10592): 15656,READ_CONTROL|DELETE|SYNCHRONIZE|WRITE_DAC|WRITE_OWNER|THREAD_ALL_ACCESS
ReetFPS.exe,15040,DESKTOP-M4PIKSF\dani,0x0000107C,EtwRegistration,,,0x0804
ReetFPS.exe,15040,DESKTOP-M4PIKSF\dani,0x00001080,Thread,,<Nonexistent process>(10592): 11488,READ_CONTROL|DELETE|SYNCHRONIZE|WRITE_DAC|WRITE_OWNER|THREAD_ALL_ACCESS
ReetFPS.exe,15040,DESKTOP-M4PIKSF\dani,0x00001084,Thread,,<Nonexistent process>(10592): 13732,READ_CONTROL|DELETE|SYNCHRONIZE|WRITE_DAC|WRITE_OWNER|THREAD_ALL_ACCESS
ReetFPS.exe,15040,DESKTOP-M4PIKSF\dani,0x00001088,Thread,,<Nonexistent process>(10592): 4892,READ_CONTROL|DELETE|SYNCHRONIZE|WRITE_DAC|WRITE_OWNER|THREAD_ALL_ACCESS
ReetFPS.exe,15040,DESKTOP-M4PIKSF\dani,0x0000108C,Thread,,<Nonexistent process>(10592): 9732,READ_CONTROL|DELETE|SYNCHRONIZE|WRITE_DAC|WRITE_OWNER|THREAD_ALL_ACCESS
ReetFPS.exe,15040,DESKTOP-M4PIKSF\dani,0x00001090,Thread,,<Nonexistent process>(10592): 13600,READ_CONTROL|DELETE|SYNCHRONIZE|WRITE_DAC|WRITE_OWNER|THREAD_ALL_ACCESS
ReetFPS.exe,15040,DESKTOP-M4PIKSF\dani,0x00001094,Section,,,READ_CONTROL|DELETE|WRITE_DAC|WRITE_OWNER|QUERY|MAP_WRITE|MAP_READ
ReetFPS.exe,15040,DESKTOP-M4PIKSF\dani,0x00001098,Thread,,<Nonexistent process>(10592): 10088,READ_CONTROL|DELETE|SYNCHRONIZE|WRITE_DAC|WRITE_OWNER|THREAD_ALL_ACCESS
ReetFPS.exe,15040,DESKTOP-M4PIKSF\dani,0x0000109C,Thread,,<Nonexistent process>(10592): 11796,READ_CONTROL|DELETE|SYNCHRONIZE|WRITE_DAC|WRITE_OWNER|THREAD_ALL_ACCESS
ReetFPS.exe,15040,DESKTOP-M4PIKSF\dani,0x000010A0,Thread,,<Nonexistent process>(10592): 14408,READ_CONTROL|DELETE|SYNCHRONIZE|WRITE_DAC|WRITE_OWNER|THREAD_ALL_ACCESS
ReetFPS.exe,15040,DESKTOP-M4PIKSF\dani,0x000010A4,Section,,,READ_CONTROL|DELETE|WRITE_DAC|WRITE_OWNER|QUERY|MAP_WRITE|MAP_READ
ReetFPS.exe,15040,DESKTOP-M4PIKSF\dani,0x000010A8,Section,,,READ_CONTROL|DELETE|WRITE_DAC|WRITE_OWNER|QUERY|MAP_WRITE|MAP_READ
ReetFPS.exe,15040,DESKTOP-M4PIKSF\dani,0x000010AC,Thread,,<Nonexistent process>(10592): 4120,READ_CONTROL|DELETE|SYNCHRONIZE|WRITE_DAC|WRITE_OWNER|THREAD_ALL_ACCESS
ReetFPS.exe,15040,DESKTOP-M4PIKSF\dani,0x000010B0,Section,,,READ_CONTROL|DELETE|WRITE_DAC|WRITE_OWNER|QUERY|MAP_WRITE|MAP_READ
ReetFPS.exe,15040,DESKTOP-M4PIKSF\dani,0x000010B4,Thread,,<Nonexistent process>(10592): 16896,READ_CONTROL|DELETE|SYNCHRONIZE|WRITE_DAC|WRITE_OWNER|THREAD_ALL_ACCESS
ReetFPS.exe,15040,DESKTOP-M4PIKSF\dani,0x000010B8,Thread,,<Nonexistent process>(13856): 17112,READ_CONTROL|DELETE|SYNCHRONIZE|WRITE_DAC|WRITE_OWNER|THREAD_ALL_ACCESS
ReetFPS.exe,15040,DESKTOP-M4PIKSF\dani,0x000010BC,Section,,,READ_CONTROL|DELETE|WRITE_DAC|WRITE_OWNER|QUERY|MAP_WRITE|MAP_READ
ReetFPS.exe,15040,DESKTOP-M4PIKSF\dani,0x000010C0,Section,,,READ_CONTROL|DELETE|WRITE_DAC|WRITE_OWNER|QUERY|MAP_WRITE|MAP_READ
ReetFPS.exe,15040,DESKTOP-M4PIKSF\dani,0x000010C4,File,RW-,C:\Windows\WinSxS\x86_microsoft.windows.common-controls_6595b64144ccf1df_6.0.26100.9278_none_85ba527ff7ac5b07,SYNCHRONIZE|EXECUTE
ReetFPS.exe,15040,DESKTOP-M4PIKSF\dani,0x000010C8,Thread,,<Nonexistent process>(10592): 2096,READ_CONTROL|DELETE|SYNCHRONIZE|WRITE_DAC|WRITE_OWNER|THREAD_ALL_ACCESS
ReetFPS.exe,15040,DESKTOP-M4PIKSF\dani,0x000010CC,Thread,,<Nonexistent process>(10592): 10092,READ_CONTROL|DELETE|SYNCHRONIZE|WRITE_DAC|WRITE_OWNER|THREAD_ALL_ACCESS
ReetFPS.exe,15040,DESKTOP-M4PIKSF\dani,0x000010D0,Thread,,<Nonexistent process>(10592): 3984,READ_CONTROL|DELETE|SYNCHRONIZE|WRITE_DAC|WRITE_OWNER|THREAD_ALL_ACCESS
ReetFPS.exe,15040,DESKTOP-M4PIKSF\dani,0x000010D4,Thread,,<Nonexistent process>(10592): 2064,READ_CONTROL|DELETE|SYNCHRONIZE|WRITE_DAC|WRITE_OWNER|THREAD_ALL_ACCESS
ReetFPS.exe,15040,DESKTOP-M4PIKSF\dani,0x000010D8,Thread,,<Nonexistent process>(10592): 16560,READ_CONTROL|DELETE|SYNCHRONIZE|WRITE_DAC|WRITE_OWNER|THREAD_ALL_ACCESS
ReetFPS.exe,15040,DESKTOP-M4PIKSF\dani,0x000010DC,Thread,,<Nonexistent process>(10592): 15620,READ_CONTROL|DELETE|SYNCHRONIZE|WRITE_DAC|WRITE_OWNER|THREAD_ALL_ACCESS
ReetFPS.exe,15040,DESKTOP-M4PIKSF\dani,0x000010E0,Section,,,READ_CONTROL|DELETE|WRITE_DAC|WRITE_OWNER|QUERY|MAP_WRITE|MAP_READ
ReetFPS.exe,15040,DESKTOP-M4PIKSF\dani,0x000010E4,Section,,,READ_CONTROL|DELETE|WRITE_DAC|WRITE_OWNER|QUERY|MAP_WRITE|MAP_READ
ReetFPS.exe,15040,DESKTOP-M4PIKSF\dani,0x000010E8,Section,,,READ_CONTROL|DELETE|WRITE_DAC|WRITE_OWNER|QUERY|MAP_WRITE|MAP_READ
ReetFPS.exe,15040,DESKTOP-M4PIKSF\dani,0x000010EC,Thread,,<Nonexistent process>(10592): 12612,READ_CONTROL|DELETE|SYNCHRONIZE|WRITE_DAC|WRITE_OWNER|THREAD_ALL_ACCESS
ReetFPS.exe,15040,DESKTOP-M4PIKSF\dani,0x000010F0,Thread,,<Nonexistent process>(10592): 15596,READ_CONTROL|DELETE|SYNCHRONIZE|WRITE_DAC|WRITE_OWNER|THREAD_ALL_ACCESS
ReetFPS.exe,15040,DESKTOP-M4PIKSF\dani,0x000010F4,Section,,,READ_CONTROL|DELETE|WRITE_DAC|WRITE_OWNER|QUERY|MAP_WRITE|MAP_READ
ReetFPS.exe,15040,DESKTOP-M4PIKSF\dani,0x000010F8,Thread,,<Nonexistent process>(10592): 6380,READ_CONTROL|DELETE|SYNCHRONIZE|WRITE_DAC|WRITE_OWNER|THREAD_ALL_ACCESS
ReetFPS.exe,15040,DESKTOP-M4PIKSF\dani,0x000010FC,Thread,,<Nonexistent process>(10592): 1476,READ_CONTROL|DELETE|SYNCHRONIZE|WRITE_DAC|WRITE_OWNER|THREAD_ALL_ACCESS
ReetFPS.exe,15040,DESKTOP-M4PIKSF\dani,0x00001100,Section,,,READ_CONTROL|DELETE|WRITE_DAC|WRITE_OWNER|QUERY|MAP_WRITE|MAP_READ
ReetFPS.exe,15040,DESKTOP-M4PIKSF\dani,0x00001104,Thread,,<Nonexistent process>(10592): 6980,READ_CONTROL|DELETE|SYNCHRONIZE|WRITE_DAC|WRITE_OWNER|THREAD_ALL_ACCESS
ReetFPS.exe,15040,DESKTOP-M4PIKSF\dani,0x00001108,Thread,,<Nonexistent process>(10592): 12048,READ_CONTROL|DELETE|SYNCHRONIZE|WRITE_DAC|WRITE_OWNER|THREAD_ALL_ACCESS
ReetFPS.exe,15040,DESKTOP-M4PIKSF\dani,0x0000110C,Thread,,<Nonexistent process>(10592): 15408,READ_CONTROL|DELETE|SYNCHRONIZE|WRITE_DAC|WRITE_OWNER|THREAD_ALL_ACCESS
ReetFPS.exe,15040,DESKTOP-M4PIKSF\dani,0x00001110,Thread,,<Nonexistent process>(13856): 15824,READ_CONTROL|DELETE|SYNCHRONIZE|WRITE_DAC|WRITE_OWNER|THREAD_ALL_ACCESS
ReetFPS.exe,15040,DESKTOP-M4PIKSF\dani,0x00001114,Section,,,READ_CONTROL|DELETE|WRITE_DAC|WRITE_OWNER|QUERY|MAP_WRITE|MAP_READ
ReetFPS.exe,15040,DESKTOP-M4PIKSF\dani,0x00001118,Thread,,<Nonexistent process>(10592): 14912,READ_CONTROL|DELETE|SYNCHRONIZE|WRITE_DAC|WRITE_OWNER|THREAD_ALL_ACCESS
ReetFPS.exe,15040,DESKTOP-M4PIKSF\dani,0x0000111C,Thread,,<Nonexistent process>(10592): 13648,READ_CONTROL|DELETE|SYNCHRONIZE|WRITE_DAC|WRITE_OWNER|THREAD_ALL_ACCESS
ReetFPS.exe,15040,DESKTOP-M4PIKSF\dani,0x00001120,Section,,,READ_CONTROL|DELETE|WRITE_DAC|WRITE_OWNER|QUERY|MAP_WRITE|MAP_READ
ReetFPS.exe,15040,DESKTOP-M4PIKSF\dani,0x00001124,Thread,,<Nonexistent process>(10592): 10876,READ_CONTROL|DELETE|SYNCHRONIZE|WRITE_DAC|WRITE_OWNER|THREAD_ALL_ACCESS
ReetFPS.exe,15040,DESKTOP-M4PIKSF\dani,0x00001128,Thread,,<Nonexistent process>(10592): 6732,READ_CONTROL|DELETE|SYNCHRONIZE|WRITE_DAC|WRITE_OWNER|THREAD_ALL_ACCESS
ReetFPS.exe,15040,DESKTOP-M4PIKSF\dani,0x0000112C,Thread,,<Nonexistent process>(10592): 9048,READ_CONTROL|DELETE|SYNCHRONIZE|WRITE_DAC|WRITE_OWNER|THREAD_ALL_ACCESS
ReetFPS.exe,15040,DESKTOP-M4PIKSF\dani,0x00001130,Section,,,READ_CONTROL|DELETE|WRITE_DAC|WRITE_OWNER|QUERY|MAP_WRITE|MAP_READ
ReetFPS.exe,15040,DESKTOP-M4PIKSF\dani,0x00001134,Section,,,READ_CONTROL|DELETE|WRITE_DAC|WRITE_OWNER|QUERY|MAP_WRITE|MAP_READ
ReetFPS.exe,15040,DESKTOP-M4PIKSF\dani,0x00001138,Section,,,READ_CONTROL|DELETE|WRITE_DAC|WRITE_OWNER|QUERY|MAP_WRITE|MAP_READ
ReetFPS.exe,15040,DESKTOP-M4PIKSF\dani,0x0000113C,Section,,,READ_CONTROL|DELETE|WRITE_DAC|WRITE_OWNER|QUERY|MAP_WRITE|MAP_READ
ReetFPS.exe,15040,DESKTOP-M4PIKSF\dani,0x00001140,Section,,,READ_CONTROL|DELETE|WRITE_DAC|WRITE_OWNER|QUERY|MAP_WRITE|MAP_READ
ReetFPS.exe,15040,DESKTOP-M4PIKSF\dani,0x00001144,Section,,,READ_CONTROL|DELETE|WRITE_DAC|WRITE_OWNER|QUERY|MAP_WRITE|MAP_READ
ReetFPS.exe,15040,DESKTOP-M4PIKSF\dani,0x00001148,Section,,,READ_CONTROL|DELETE|WRITE_DAC|WRITE_OWNER|QUERY|MAP_WRITE|MAP_READ
ReetFPS.exe,15040,DESKTOP-M4PIKSF\dani,0x0000114C,Thread,,<Nonexistent process>(3724): 15128,READ_CONTROL|DELETE|SYNCHRONIZE|WRITE_DAC|WRITE_OWNER|THREAD_ALL_ACCESS
ReetFPS.exe,15040,DESKTOP-M4PIKSF\dani,0x00001150,EtwRegistration,,,0x0804
ReetFPS.exe,15040,DESKTOP-M4PIKSF\dani,0x00001154,EtwRegistration,,,0x0804
ReetFPS.exe,15040,DESKTOP-M4PIKSF\dani,0x00001158,Section,,,READ_CONTROL|DELETE|WRITE_DAC|WRITE_OWNER|QUERY|MAP_WRITE|MAP_READ
ReetFPS.exe,15040,DESKTOP-M4PIKSF\dani,0x0000115C,Section,,,READ_CONTROL|DELETE|WRITE_DAC|WRITE_OWNER|QUERY|MAP_WRITE|MAP_READ
ReetFPS.exe,15040,DESKTOP-M4PIKSF\dani,0x00001160,Section,,,READ_CONTROL|DELETE|WRITE_DAC|WRITE_OWNER|QUERY|MAP_WRITE|MAP_READ
ReetFPS.exe,15040,DESKTOP-M4PIKSF\dani,0x00001164,Section,,,READ_CONTROL|DELETE|WRITE_DAC|WRITE_OWNER|QUERY|MAP_WRITE|MAP_READ
ReetFPS.exe,15040,DESKTOP-M4PIKSF\dani,0x00001168,Section,,,READ_CONTROL|DELETE|WRITE_DAC|WRITE_OWNER|QUERY|MAP_WRITE|MAP_READ
ReetFPS.exe,15040,DESKTOP-M4PIKSF\dani,0x0000116C,Thread,,<Nonexistent process>(10592): 13380,READ_CONTROL|DELETE|SYNCHRONIZE|WRITE_DAC|WRITE_OWNER|THREAD_ALL_ACCESS
ReetFPS.exe,15040,DESKTOP-M4PIKSF\dani,0x00001170,Section,,,READ_CONTROL|DELETE|WRITE_DAC|WRITE_OWNER|QUERY|MAP_WRITE|MAP_READ
ReetFPS.exe,15040,DESKTOP-M4PIKSF\dani,0x00001174,Section,,,READ_CONTROL|DELETE|WRITE_DAC|WRITE_OWNER|QUERY|MAP_WRITE|MAP_READ
ReetFPS.exe,15040,DESKTOP-M4PIKSF\dani,0x00001178,Section,,,READ_CONTROL|DELETE|WRITE_DAC|WRITE_OWNER|QUERY|MAP_WRITE|MAP_READ
ReetFPS.exe,15040,DESKTOP-M4PIKSF\dani,0x0000117C,Section,,,READ_CONTROL|DELETE|WRITE_DAC|WRITE_OWNER|QUERY|MAP_WRITE|MAP_READ
ReetFPS.exe,15040,DESKTOP-M4PIKSF\dani,0x00001180,Section,,,READ_CONTROL|DELETE|WRITE_DAC|WRITE_OWNER|QUERY|MAP_WRITE|MAP_READ
ReetFPS.exe,15040,DESKTOP-M4PIKSF\dani,0x00001184,Section,,,READ_CONTROL|DELETE|WRITE_DAC|WRITE_OWNER|QUERY|MAP_WRITE|MAP_READ
ReetFPS.exe,15040,DESKTOP-M4PIKSF\dani,0x00001188,Thread,,<Nonexistent process>(10592): 1632,READ_CONTROL|DELETE|SYNCHRONIZE|WRITE_DAC|WRITE_OWNER|THREAD_ALL_ACCESS
ReetFPS.exe,15040,DESKTOP-M4PIKSF\dani,0x0000118C,Section,,,READ_CONTROL|DELETE|WRITE_DAC|WRITE_OWNER|QUERY|MAP_WRITE|MAP_READ
ReetFPS.exe,15040,DESKTOP-M4PIKSF\dani,0x00001190,Section,,,READ_CONTROL|DELETE|WRITE_DAC|WRITE_OWNER|QUERY|MAP_WRITE|MAP_READ
ReetFPS.exe,15040,DESKTOP-M4PIKSF\dani,0x00001194,Section,,,READ_CONTROL|DELETE|WRITE_DAC|WRITE_OWNER|QUERY|MAP_WRITE|MAP_READ
ReetFPS.exe,15040,DESKTOP-M4PIKSF\dani,0x00001198,Section,,,READ_CONTROL|DELETE|WRITE_DAC|WRITE_OWNER|QUERY|MAP_WRITE|MAP_READ
ReetFPS.exe,15040,DESKTOP-M4PIKSF\dani,0x0000119C,Section,,,READ_CONTROL|DELETE|WRITE_DAC|WRITE_OWNER|QUERY|MAP_WRITE|MAP_READ
ReetFPS.exe,15040,DESKTOP-M4PIKSF\dani,0x000011A0,Section,,,READ_CONTROL|DELETE|WRITE_DAC|WRITE_OWNER|QUERY|MAP_WRITE|MAP_READ
ReetFPS.exe,15040,DESKTOP-M4PIKSF\dani,0x000011A4,Section,,,READ_CONTROL|DELETE|WRITE_DAC|WRITE_OWNER|QUERY|MAP_WRITE|MAP_READ
ReetFPS.exe,15040,DESKTOP-M4PIKSF\dani,0x000011A8,Section,,,READ_CONTROL|DELETE|WRITE_DAC|WRITE_OWNER|QUERY|MAP_WRITE|MAP_READ
ReetFPS.exe,15040,DESKTOP-M4PIKSF\dani,0x000011AC,Section,,,READ_CONTROL|DELETE|WRITE_DAC|WRITE_OWNER|QUERY|MAP_WRITE|MAP_READ
ReetFPS.exe,15040,DESKTOP-M4PIKSF\dani,0x000011B0,Section,,,READ_CONTROL|DELETE|WRITE_DAC|WRITE_OWNER|QUERY|MAP_WRITE|MAP_READ
ReetFPS.exe,15040,DESKTOP-M4PIKSF\dani,0x000011B4,Section,,,READ_CONTROL|DELETE|WRITE_DAC|WRITE_OWNER|QUERY|MAP_WRITE|MAP_READ
ReetFPS.exe,15040,DESKTOP-M4PIKSF\dani,0x000011B8,Section,,,READ_CONTROL|DELETE|WRITE_DAC|WRITE_OWNER|QUERY|MAP_WRITE|MAP_READ
ReetFPS.exe,15040,DESKTOP-M4PIKSF\dani,0x000011BC,Section,,,READ_CONTROL|DELETE|WRITE_DAC|WRITE_OWNER|QUERY|MAP_WRITE|MAP_READ
ReetFPS.exe,15040,DESKTOP-M4PIKSF\dani,0x000011C0,EtwRegistration,,,0x0804
ReetFPS.exe,15040,DESKTOP-M4PIKSF\dani,0x000011C4,Section,,,READ_CONTROL|DELETE|WRITE_DAC|WRITE_OWNER|QUERY|MAP_WRITE|MAP_READ
ReetFPS.exe,15040,DESKTOP-M4PIKSF\dani,0x000011C8,Section,,,READ_CONTROL|DELETE|WRITE_DAC|WRITE_OWNER|QUERY|MAP_WRITE|MAP_READ
ReetFPS.exe,15040,DESKTOP-M4PIKSF\dani,0x000011CC,Section,,,READ_CONTROL|DELETE|WRITE_DAC|WRITE_OWNER|QUERY|MAP_WRITE|MAP_READ
ReetFPS.exe,15040,DESKTOP-M4PIKSF\dani,0x000011D0,Event,,,READ_CONTROL|DELETE|SYNCHRONIZE|WRITE_DAC|WRITE_OWNER|EVENT_ALL_ACCESS
ReetFPS.exe,15040,DESKTOP-M4PIKSF\dani,0x000011D4,Event,,,READ_CONTROL|DELETE|SYNCHRONIZE|WRITE_DAC|WRITE_OWNER|EVENT_ALL_ACCESS
ReetFPS.exe,15040,DESKTOP-M4PIKSF\dani,0x000011D8,Event,,,READ_CONTROL|DELETE|SYNCHRONIZE|WRITE_DAC|WRITE_OWNER|EVENT_ALL_ACCESS
ReetFPS.exe,15040,DESKTOP-M4PIKSF\dani,0x000011DC,Key,,HKLM\SOFTWARE\Policies\Microsoft\SystemCertificates,READ_CONTROL|KEY_READ
ReetFPS.exe,15040,DESKTOP-M4PIKSF\dani,0x000011E0,WaitCompletionPacket,,,0x0001
ReetFPS.exe,15040,DESKTOP-M4PIKSF\dani,0x000011E4,Section,,,READ_CONTROL|DELETE|WRITE_DAC|WRITE_OWNER|QUERY|MAP_WRITE|MAP_READ
ReetFPS.exe,15040,DESKTOP-M4PIKSF\dani,0x000011E8,Section,,,READ_CONTROL|DELETE|WRITE_DAC|WRITE_OWNER|QUERY|MAP_WRITE|MAP_READ
ReetFPS.exe,15040,DESKTOP-M4PIKSF\dani,0x000011EC,Section,,,READ_CONTROL|DELETE|WRITE_DAC|WRITE_OWNER|QUERY|MAP_WRITE|MAP_READ
ReetFPS.exe,15040,DESKTOP-M4PIKSF\dani,0x000011F0,Section,,,READ_CONTROL|DELETE|WRITE_DAC|WRITE_OWNER|QUERY|MAP_WRITE|MAP_READ
ReetFPS.exe,15040,DESKTOP-M4PIKSF\dani,0x000011F4,Section,,,READ_CONTROL|DELETE|WRITE_DAC|WRITE_OWNER|QUERY|MAP_WRITE|MAP_READ
ReetFPS.exe,15040,DESKTOP-M4PIKSF\dani,0x000011F8,Section,,,READ_CONTROL|DELETE|WRITE_DAC|WRITE_OWNER|QUERY|MAP_WRITE|MAP_READ
ReetFPS.exe,15040,DESKTOP-M4PIKSF\dani,0x000011FC,Section,,,READ_CONTROL|DELETE|WRITE_DAC|WRITE_OWNER|QUERY|MAP_WRITE|MAP_READ
ReetFPS.exe,15040,DESKTOP-M4PIKSF\dani,0x00001200,Section,,,READ_CONTROL|DELETE|WRITE_DAC|WRITE_OWNER|QUERY|MAP_WRITE|MAP_READ
ReetFPS.exe,15040,DESKTOP-M4PIKSF\dani,0x00001204,Section,,,READ_CONTROL|DELETE|WRITE_DAC|WRITE_OWNER|QUERY|MAP_WRITE|MAP_READ
ReetFPS.exe,15040,DESKTOP-M4PIKSF\dani,0x00001208,Section,,,READ_CONTROL|DELETE|WRITE_DAC|WRITE_OWNER|QUERY|MAP_WRITE|MAP_READ
ReetFPS.exe,15040,DESKTOP-M4PIKSF\dani,0x0000120C,Section,,,READ_CONTROL|DELETE|WRITE_DAC|WRITE_OWNER|QUERY|MAP_WRITE|MAP_READ
ReetFPS.exe,15040,DESKTOP-M4PIKSF\dani,0x00001210,Section,,,READ_CONTROL|DELETE|WRITE_DAC|WRITE_OWNER|QUERY|MAP_WRITE|MAP_READ
ReetFPS.exe,15040,DESKTOP-M4PIKSF\dani,0x00001214,Section,,,READ_CONTROL|DELETE|WRITE_DAC|WRITE_OWNER|QUERY|MAP_WRITE|MAP_READ
ReetFPS.exe,15040,DESKTOP-M4PIKSF\dani,0x00001218,Event,,,READ_CONTROL|DELETE|SYNCHRONIZE|WRITE_DAC|WRITE_OWNER|EVENT_ALL_ACCESS
ReetFPS.exe,15040,DESKTOP-M4PIKSF\dani,0x0000121C,Event,,,READ_CONTROL|DELETE|SYNCHRONIZE|WRITE_DAC|WRITE_OWNER|EVENT_ALL_ACCESS
ReetFPS.exe,15040,DESKTOP-M4PIKSF\dani,0x00001220,Event,,,READ_CONTROL|DELETE|SYNCHRONIZE|WRITE_DAC|WRITE_OWNER|EVENT_ALL_ACCESS
ReetFPS.exe,15040,DESKTOP-M4PIKSF\dani,0x00001224,WaitCompletionPacket,,,0x0001
ReetFPS.exe,15040,DESKTOP-M4PIKSF\dani,0x00001228,Key,,HKCU\Software\Policies\Microsoft\SystemCertificates,READ_CONTROL|KEY_READ
ReetFPS.exe,15040,DESKTOP-M4PIKSF\dani,0x0000122C,Section,,,READ_CONTROL|DELETE|WRITE_DAC|WRITE_OWNER|QUERY|MAP_WRITE|MAP_READ
ReetFPS.exe,15040,DESKTOP-M4PIKSF\dani,0x00001230,Section,,,READ_CONTROL|DELETE|WRITE_DAC|WRITE_OWNER|QUERY|MAP_WRITE|MAP_READ
ReetFPS.exe,15040,DESKTOP-M4PIKSF\dani,0x00001234,Section,,,READ_CONTROL|DELETE|WRITE_DAC|WRITE_OWNER|QUERY|MAP_WRITE|MAP_READ
ReetFPS.exe,15040,DESKTOP-M4PIKSF\dani,0x00001238,Section,,,READ_CONTROL|DELETE|WRITE_DAC|WRITE_OWNER|QUERY|MAP_WRITE|MAP_READ
ReetFPS.exe,15040,DESKTOP-M4PIKSF\dani,0x0000123C,Section,,,READ_CONTROL|DELETE|WRITE_DAC|WRITE_OWNER|QUERY|MAP_WRITE|MAP_READ
ReetFPS.exe,15040,DESKTOP-M4PIKSF\dani,0x00001240,Section,,,READ_CONTROL|DELETE|WRITE_DAC|WRITE_OWNER|QUERY|MAP_WRITE|MAP_READ
ReetFPS.exe,15040,DESKTOP-M4PIKSF\dani,0x00001244,Section,,,READ_CONTROL|DELETE|WRITE_DAC|WRITE_OWNER|QUERY|MAP_WRITE|MAP_READ
ReetFPS.exe,15040,DESKTOP-M4PIKSF\dani,0x00001248,Section,,,READ_CONTROL|DELETE|WRITE_DAC|WRITE_OWNER|QUERY|MAP_WRITE|MAP_READ
ReetFPS.exe,15040,DESKTOP-M4PIKSF\dani,0x0000124C,Section,,,READ_CONTROL|DELETE|WRITE_DAC|WRITE_OWNER|QUERY|MAP_WRITE|MAP_READ
ReetFPS.exe,15040,DESKTOP-M4PIKSF\dani,0x00001250,Section,,,READ_CONTROL|DELETE|WRITE_DAC|WRITE_OWNER|QUERY|MAP_WRITE|MAP_READ
ReetFPS.exe,15040,DESKTOP-M4PIKSF\dani,0x00001254,Section,,,READ_CONTROL|DELETE|WRITE_DAC|WRITE_OWNER|QUERY|MAP_WRITE|MAP_READ
ReetFPS.exe,15040,DESKTOP-M4PIKSF\dani,0x00001258,Section,,,READ_CONTROL|DELETE|WRITE_DAC|WRITE_OWNER|QUERY|MAP_WRITE|MAP_READ
ReetFPS.exe,15040,DESKTOP-M4PIKSF\dani,0x0000125C,Section,,,READ_CONTROL|DELETE|WRITE_DAC|WRITE_OWNER|QUERY|MAP_WRITE|MAP_READ
ReetFPS.exe,15040,DESKTOP-M4PIKSF\dani,0x00001260,Section,,,READ_CONTROL|DELETE|WRITE_DAC|WRITE_OWNER|QUERY|MAP_WRITE|MAP_READ
ReetFPS.exe,15040,DESKTOP-M4PIKSF\dani,0x00001264,Section,,,READ_CONTROL|DELETE|WRITE_DAC|WRITE_OWNER|QUERY|MAP_WRITE|MAP_READ
ReetFPS.exe,15040,DESKTOP-M4PIKSF\dani,0x00001268,Section,,,READ_CONTROL|DELETE|WRITE_DAC|WRITE_OWNER|QUERY|MAP_WRITE|MAP_READ
ReetFPS.exe,15040,DESKTOP-M4PIKSF\dani,0x0000126C,Section,,,READ_CONTROL|DELETE|WRITE_DAC|WRITE_OWNER|QUERY|MAP_WRITE|MAP_READ
ReetFPS.exe,15040,DESKTOP-M4PIKSF\dani,0x00001270,Section,,,READ_CONTROL|DELETE|WRITE_DAC|WRITE_OWNER|QUERY|MAP_WRITE|MAP_READ
ReetFPS.exe,15040,DESKTOP-M4PIKSF\dani,0x00001274,Section,,,READ_CONTROL|DELETE|WRITE_DAC|WRITE_OWNER|QUERY|MAP_WRITE|MAP_READ
ReetFPS.exe,15040,DESKTOP-M4PIKSF\dani,0x00001278,Section,,,READ_CONTROL|DELETE|WRITE_DAC|WRITE_OWNER|QUERY|MAP_WRITE|MAP_READ
ReetFPS.exe,15040,DESKTOP-M4PIKSF\dani,0x0000127C,Section,,,READ_CONTROL|DELETE|WRITE_DAC|WRITE_OWNER|QUERY|MAP_WRITE|MAP_READ
ReetFPS.exe,15040,DESKTOP-M4PIKSF\dani,0x00001280,Section,,,READ_CONTROL|DELETE|WRITE_DAC|WRITE_OWNER|QUERY|MAP_WRITE|MAP_READ
ReetFPS.exe,15040,DESKTOP-M4PIKSF\dani,0x00001284,Section,,,READ_CONTROL|DELETE|WRITE_DAC|WRITE_OWNER|QUERY|MAP_WRITE|MAP_READ
ReetFPS.exe,15040,DESKTOP-M4PIKSF\dani,0x00001288,Section,,,READ_CONTROL|DELETE|WRITE_DAC|WRITE_OWNER|QUERY|MAP_WRITE|MAP_READ
ReetFPS.exe,15040,DESKTOP-M4PIKSF\dani,0x0000128C,Section,,,READ_CONTROL|DELETE|WRITE_DAC|WRITE_OWNER|QUERY|MAP_WRITE|MAP_READ
ReetFPS.exe,15040,DESKTOP-M4PIKSF\dani,0x00001290,Section,,,READ_CONTROL|DELETE|WRITE_DAC|WRITE_OWNER|QUERY|MAP_WRITE|MAP_READ
ReetFPS.exe,15040,DESKTOP-M4PIKSF\dani,0x00001294,Section,,,READ_CONTROL|DELETE|WRITE_DAC|WRITE_OWNER|QUERY|MAP_WRITE|MAP_READ
ReetFPS.exe,15040,DESKTOP-M4PIKSF\dani,0x00001298,Section,,,READ_CONTROL|DELETE|WRITE_DAC|WRITE_OWNER|QUERY|MAP_WRITE|MAP_READ
ReetFPS.exe,15040,DESKTOP-M4PIKSF\dani,0x0000129C,Section,,,READ_CONTROL|DELETE|WRITE_DAC|WRITE_OWNER|QUERY|MAP_WRITE|MAP_READ
ReetFPS.exe,15040,DESKTOP-M4PIKSF\dani,0x000012A0,Section,,,READ_CONTROL|DELETE|WRITE_DAC|WRITE_OWNER|QUERY|MAP_WRITE|MAP_READ
ReetFPS.exe,15040,DESKTOP-M4PIKSF\dani,0x000012A4,Section,,,READ_CONTROL|DELETE|WRITE_DAC|WRITE_OWNER|QUERY|MAP_WRITE|MAP_READ
ReetFPS.exe,15040,DESKTOP-M4PIKSF\dani,0x000012A8,Section,,,READ_CONTROL|DELETE|WRITE_DAC|WRITE_OWNER|QUERY|MAP_WRITE|MAP_READ
ReetFPS.exe,15040,DESKTOP-M4PIKSF\dani,0x000012AC,Section,,,READ_CONTROL|DELETE|WRITE_DAC|WRITE_OWNER|QUERY|MAP_WRITE|MAP_READ
ReetFPS.exe,15040,DESKTOP-M4PIKSF\dani,0x000012B0,Section,,,READ_CONTROL|DELETE|WRITE_DAC|WRITE_OWNER|QUERY|MAP_WRITE|MAP_READ
ReetFPS.exe,15040,DESKTOP-M4PIKSF\dani,0x000012B4,Section,,,READ_CONTROL|DELETE|WRITE_DAC|WRITE_OWNER|QUERY|MAP_WRITE|MAP_READ
ReetFPS.exe,15040,DESKTOP-M4PIKSF\dani,0x000012B8,Section,,,READ_CONTROL|DELETE|WRITE_DAC|WRITE_OWNER|QUERY|MAP_WRITE|MAP_READ
ReetFPS.exe,15040,DESKTOP-M4PIKSF\dani,0x000012BC,Section,,,READ_CONTROL|DELETE|WRITE_DAC|WRITE_OWNER|QUERY|MAP_WRITE|MAP_READ
ReetFPS.exe,15040,DESKTOP-M4PIKSF\dani,0x000012C0,Section,,,READ_CONTROL|DELETE|WRITE_DAC|WRITE_OWNER|QUERY|MAP_WRITE|MAP_READ
ReetFPS.exe,15040,DESKTOP-M4PIKSF\dani,0x000012C4,Section,,,READ_CONTROL|DELETE|WRITE_DAC|WRITE_OWNER|QUERY|MAP_WRITE|MAP_READ
ReetFPS.exe,15040,DESKTOP-M4PIKSF\dani,0x000012C8,Section,,,READ_CONTROL|DELETE|WRITE_DAC|WRITE_OWNER|QUERY|MAP_WRITE|MAP_READ
ReetFPS.exe,15040,DESKTOP-M4PIKSF\dani,0x000012CC,Section,,,READ_CONTROL|DELETE|WRITE_DAC|WRITE_OWNER|QUERY|MAP_WRITE|MAP_READ
ReetFPS.exe,15040,DESKTOP-M4PIKSF\dani,0x000012D0,Section,,,READ_CONTROL|DELETE|WRITE_DAC|WRITE_OWNER|QUERY|MAP_WRITE|MAP_READ
ReetFPS.exe,15040,DESKTOP-M4PIKSF\dani,0x000012D4,Thread,,<Nonexistent process>(10592): 2828,READ_CONTROL|DELETE|SYNCHRONIZE|WRITE_DAC|WRITE_OWNER|THREAD_ALL_ACCESS
ReetFPS.exe,15040,DESKTOP-M4PIKSF\dani,0x000012D8,File,RW-,C:\Windows\WinSxS\x86_microsoft.windows.common-controls_6595b64144ccf1df_6.0.26100.9278_none_85ba527ff7ac5b07,SYNCHRONIZE|EXECUTE
ReetFPS.exe,15040,DESKTOP-M4PIKSF\dani,0x000012DC,Thread,,<Nonexistent process>(10592): 14476,READ_CONTROL|DELETE|SYNCHRONIZE|WRITE_DAC|WRITE_OWNER|THREAD_ALL_ACCESS
ReetFPS.exe,15040,DESKTOP-M4PIKSF\dani,0x000012E0,Section,,,READ_CONTROL|DELETE|WRITE_DAC|WRITE_OWNER|QUERY|MAP_WRITE|MAP_READ
ReetFPS.exe,15040,DESKTOP-M4PIKSF\dani,0x000012E4,Thread,,<Nonexistent process>(10592): 13796,READ_CONTROL|DELETE|SYNCHRONIZE|WRITE_DAC|WRITE_OWNER|THREAD_ALL_ACCESS
ReetFPS.exe,15040,DESKTOP-M4PIKSF\dani,0x000012E8,Thread,,<Nonexistent process>(10592): 12172,READ_CONTROL|DELETE|SYNCHRONIZE|WRITE_DAC|WRITE_OWNER|THREAD_ALL_ACCESS
ReetFPS.exe,15040,DESKTOP-M4PIKSF\dani,0x000012EC,Thread,,<Nonexistent process>(10592): 7968,READ_CONTROL|DELETE|SYNCHRONIZE|WRITE_DAC|WRITE_OWNER|THREAD_ALL_ACCESS
ReetFPS.exe,15040,DESKTOP-M4PIKSF\dani,0x000012F0,Thread,,<Nonexistent process>(10592): 15736,READ_CONTROL|DELETE|SYNCHRONIZE|WRITE_DAC|WRITE_OWNER|THREAD_ALL_ACCESS
ReetFPS.exe,15040,DESKTOP-M4PIKSF\dani,0x000012F4,Thread,,<Nonexistent process>(10592): 6332,READ_CONTROL|DELETE|SYNCHRONIZE|WRITE_DAC|WRITE_OWNER|THREAD_ALL_ACCESS
ReetFPS.exe,15040,DESKTOP-M4PIKSF\dani,0x000012F8,Thread,,<Nonexistent process>(10592): 10056,READ_CONTROL|DELETE|SYNCHRONIZE|WRITE_DAC|WRITE_OWNER|THREAD_ALL_ACCESS
ReetFPS.exe,15040,DESKTOP-M4PIKSF\dani,0x000012FC,Thread,,<Nonexistent process>(10592): 2848,READ_CONTROL|DELETE|SYNCHRONIZE|WRITE_DAC|WRITE_OWNER|THREAD_ALL_ACCESS
ReetFPS.exe,15040,DESKTOP-M4PIKSF\dani,0x00001300,Thread,,<Nonexistent process>(10592): 6220,READ_CONTROL|DELETE|SYNCHRONIZE|WRITE_DAC|WRITE_OWNER|THREAD_ALL_ACCESS
ReetFPS.exe,15040,DESKTOP-M4PIKSF\dani,0x00001304,Thread,,<Nonexistent process>(10592): 6912,READ_CONTROL|DELETE|SYNCHRONIZE|WRITE_DAC|WRITE_OWNER|THREAD_ALL_ACCESS
ReetFPS.exe,15040,DESKTOP-M4PIKSF\dani,0x00001308,Thread,,<Nonexistent process>(10592): 17352,READ_CONTROL|DELETE|SYNCHRONIZE|WRITE_DAC|WRITE_OWNER|THREAD_ALL_ACCESS
ReetFPS.exe,15040,DESKTOP-M4PIKSF\dani,0x0000130C,Thread,,<Nonexistent process>(10592): 13668,READ_CONTROL|DELETE|SYNCHRONIZE|WRITE_DAC|WRITE_OWNER|THREAD_ALL_ACCESS
ReetFPS.exe,15040,DESKTOP-M4PIKSF\dani,0x00001310,Thread,,<Nonexistent process>(10592): 11192,READ_CONTROL|DELETE|SYNCHRONIZE|WRITE_DAC|WRITE_OWNER|THREAD_ALL_ACCESS
ReetFPS.exe,15040,DESKTOP-M4PIKSF\dani,0x00001314,Thread,,<Nonexistent process>(10592): 13376,READ_CONTROL|DELETE|SYNCHRONIZE|WRITE_DAC|WRITE_OWNER|THREAD_ALL_ACCESS
ReetFPS.exe,15040,DESKTOP-M4PIKSF\dani,0x00001318,Thread,,<Nonexistent process>(3724): 15644,READ_CONTROL|DELETE|SYNCHRONIZE|WRITE_DAC|WRITE_OWNER|THREAD_ALL_ACCESS
ReetFPS.exe,15040,DESKTOP-M4PIKSF\dani,0x0000131C,Thread,,<Nonexistent process>(10592): 8984,READ_CONTROL|DELETE|SYNCHRONIZE|WRITE_DAC|WRITE_OWNER|THREAD_ALL_ACCESS
ReetFPS.exe,15040,DESKTOP-M4PIKSF\dani,0x00001320,Thread,,<Nonexistent process>(10592): 13212,READ_CONTROL|DELETE|SYNCHRONIZE|WRITE_DAC|WRITE_OWNER|THREAD_ALL_ACCESS
ReetFPS.exe,15040,DESKTOP-M4PIKSF\dani,0x00001324,Thread,,<Nonexistent process>(3724): 14364,READ_CONTROL|DELETE|SYNCHRONIZE|WRITE_DAC|WRITE_OWNER|THREAD_ALL_ACCESS
ReetFPS.exe,15040,DESKTOP-M4PIKSF\dani,0x00001328,Thread,,<Nonexistent process>(10592): 13848,READ_CONTROL|DELETE|SYNCHRONIZE|WRITE_DAC|WRITE_OWNER|THREAD_ALL_ACCESS
ReetFPS.exe,15040,DESKTOP-M4PIKSF\dani,0x0000132C,Thread,,<Nonexistent process>(10592): 4004,READ_CONTROL|DELETE|SYNCHRONIZE|WRITE_DAC|WRITE_OWNER|THREAD_ALL_ACCESS
ReetFPS.exe,15040,DESKTOP-M4PIKSF\dani,0x00001330,Event,,,READ_CONTROL|DELETE|SYNCHRONIZE|WRITE_DAC|WRITE_OWNER|EVENT_ALL_ACCESS
ReetFPS.exe,15040,DESKTOP-M4PIKSF\dani,0x00001334,Thread,,<Nonexistent process>(10592): 12360,READ_CONTROL|DELETE|SYNCHRONIZE|WRITE_DAC|WRITE_OWNER|THREAD_ALL_ACCESS
ReetFPS.exe,15040,DESKTOP-M4PIKSF\dani,0x00001338,Thread,,<Nonexistent process>(10592): 7908,READ_CONTROL|DELETE|SYNCHRONIZE|WRITE_DAC|WRITE_OWNER|THREAD_ALL_ACCESS
ReetFPS.exe,15040,DESKTOP-M4PIKSF\dani,0x0000133C,IoCompletion,,,READ_CONTROL|DELETE|SYNCHRONIZE|WRITE_DAC|WRITE_OWNER|0x1F0003
ReetFPS.exe,15040,DESKTOP-M4PIKSF\dani,0x00001340,Thread,,<Nonexistent process>(10592): 16652,READ_CONTROL|DELETE|SYNCHRONIZE|WRITE_DAC|WRITE_OWNER|THREAD_ALL_ACCESS
ReetFPS.exe,15040,DESKTOP-M4PIKSF\dani,0x00001344,Thread,,<Nonexistent process>(10592): 17084,READ_CONTROL|DELETE|SYNCHRONIZE|WRITE_DAC|WRITE_OWNER|THREAD_ALL_ACCESS
ReetFPS.exe,15040,DESKTOP-M4PIKSF\dani,0x00001348,Thread,,<Nonexistent process>(10592): 3632,READ_CONTROL|DELETE|SYNCHRONIZE|WRITE_DAC|WRITE_OWNER|THREAD_ALL_ACCESS
ReetFPS.exe,15040,DESKTOP-M4PIKSF\dani,0x0000134C,Thread,,<Nonexistent process>(10592): 15148,READ_CONTROL|DELETE|SYNCHRONIZE|WRITE_DAC|WRITE_OWNER|THREAD_ALL_ACCESS
ReetFPS.exe,15040,DESKTOP-M4PIKSF\dani,0x00001350,Section,,,READ_CONTROL|DELETE|WRITE_DAC|WRITE_OWNER|QUERY|MAP_WRITE|MAP_READ
ReetFPS.exe,15040,DESKTOP-M4PIKSF\dani,0x00001354,Thread,,<Nonexistent process>(10592): 9116,READ_CONTROL|DELETE|SYNCHRONIZE|WRITE_DAC|WRITE_OWNER|THREAD_ALL_ACCESS
ReetFPS.exe,15040,DESKTOP-M4PIKSF\dani,0x00001358,Thread,,<Nonexistent process>(10592): 13384,READ_CONTROL|DELETE|SYNCHRONIZE|WRITE_DAC|WRITE_OWNER|THREAD_ALL_ACCESS
ReetFPS.exe,15040,DESKTOP-M4PIKSF\dani,0x0000135C,Thread,,<Nonexistent process>(10592): 16108,READ_CONTROL|DELETE|SYNCHRONIZE|WRITE_DAC|WRITE_OWNER|THREAD_ALL_ACCESS
ReetFPS.exe,15040,DESKTOP-M4PIKSF\dani,0x00001360,Section,,,READ_CONTROL|DELETE|WRITE_DAC|WRITE_OWNER|QUERY|MAP_WRITE|MAP_READ
ReetFPS.exe,15040,DESKTOP-M4PIKSF\dani,0x00001364,Thread,,<Nonexistent process>(10592): 14760,READ_CONTROL|DELETE|SYNCHRONIZE|WRITE_DAC|WRITE_OWNER|THREAD_ALL_ACCESS
ReetFPS.exe,15040,DESKTOP-M4PIKSF\dani,0x00001368,Thread,,<Nonexistent process>(10592): 13696,READ_CONTROL|DELETE|SYNCHRONIZE|WRITE_DAC|WRITE_OWNER|THREAD_ALL_ACCESS
ReetFPS.exe,15040,DESKTOP-M4PIKSF\dani,0x0000136C,Thread,,<Nonexistent process>(10592): 14928,READ_CONTROL|DELETE|SYNCHRONIZE|WRITE_DAC|WRITE_OWNER|THREAD_ALL_ACCESS
ReetFPS.exe,15040,DESKTOP-M4PIKSF\dani,0x00001370,Thread,,<Nonexistent process>(10592): 15144,READ_CONTROL|DELETE|SYNCHRONIZE|WRITE_DAC|WRITE_OWNER|THREAD_ALL_ACCESS
ReetFPS.exe,15040,DESKTOP-M4PIKSF\dani,0x00001374,Thread,,<Nonexistent process>(10592): 13464,READ_CONTROL|DELETE|SYNCHRONIZE|WRITE_DAC|WRITE_OWNER|THREAD_ALL_ACCESS
ReetFPS.exe,15040,DESKTOP-M4PIKSF\dani,0x00001378,Thread,,<Nonexistent process>(10592): 14864,READ_CONTROL|DELETE|SYNCHRONIZE|WRITE_DAC|WRITE_OWNER|THREAD_ALL_ACCESS
ReetFPS.exe,15040,DESKTOP-M4PIKSF\dani,0x0000137C,Thread,,<Nonexistent process>(10592): 13476,READ_CONTROL|DELETE|SYNCHRONIZE|WRITE_DAC|WRITE_OWNER|THREAD_ALL_ACCESS
ReetFPS.exe,15040,DESKTOP-M4PIKSF\dani,0x00001380,Thread,,<Nonexistent process>(10592): 15364,READ_CONTROL|DELETE|SYNCHRONIZE|WRITE_DAC|WRITE_OWNER|THREAD_ALL_ACCESS
ReetFPS.exe,15040,DESKTOP-M4PIKSF\dani,0x00001384,Thread,,<Nonexistent process>(10592): 14960,READ_CONTROL|DELETE|SYNCHRONIZE|WRITE_DAC|WRITE_OWNER|THREAD_ALL_ACCESS
ReetFPS.exe,15040,DESKTOP-M4PIKSF\dani,0x00001388,Thread,,<Nonexistent process>(10592): 12580,READ_CONTROL|DELETE|SYNCHRONIZE|WRITE_DAC|WRITE_OWNER|THREAD_ALL_ACCESS
ReetFPS.exe,15040,DESKTOP-M4PIKSF\dani,0x0000138C,Thread,,<Nonexistent process>(10592): 12388,READ_CONTROL|DELETE|SYNCHRONIZE|WRITE_DAC|WRITE_OWNER|THREAD_ALL_ACCESS
ReetFPS.exe,15040,DESKTOP-M4PIKSF\dani,0x00001390,Thread,,<Nonexistent process>(10592): 4016,READ_CONTROL|DELETE|SYNCHRONIZE|WRITE_DAC|WRITE_OWNER|THREAD_ALL_ACCESS
ReetFPS.exe,15040,DESKTOP-M4PIKSF\dani,0x00001394,Thread,,<Nonexistent process>(10592): 6852,READ_CONTROL|DELETE|SYNCHRONIZE|WRITE_DAC|WRITE_OWNER|THREAD_ALL_ACCESS
ReetFPS.exe,15040,DESKTOP-M4PIKSF\dani,0x00001398,Thread,,<Nonexistent process>(10592): 13348,READ_CONTROL|DELETE|SYNCHRONIZE|WRITE_DAC|WRITE_OWNER|THREAD_ALL_ACCESS
ReetFPS.exe,15040,DESKTOP-M4PIKSF\dani,0x0000139C,Thread,,<Nonexistent process>(10592): 8956,READ_CONTROL|DELETE|SYNCHRONIZE|WRITE_DAC|WRITE_OWNER|THREAD_ALL_ACCESS
ReetFPS.exe,15040,DESKTOP-M4PIKSF\dani,0x000013A0,Thread,,<Nonexistent process>(10592): 7128,READ_CONTROL|DELETE|SYNCHRONIZE|WRITE_DAC|WRITE_OWNER|THREAD_ALL_ACCESS
ReetFPS.exe,15040,DESKTOP-M4PIKSF\dani,0x000013A4,Thread,,<Nonexistent process>(10592): 16868,READ_CONTROL|DELETE|SYNCHRONIZE|WRITE_DAC|WRITE_OWNER|THREAD_ALL_ACCESS
ReetFPS.exe,15040,DESKTOP-M4PIKSF\dani,0x000013A8,Thread,,<Nonexistent process>(10592): 1808,READ_CONTROL|DELETE|SYNCHRONIZE|WRITE_DAC|WRITE_OWNER|THREAD_ALL_ACCESS
ReetFPS.exe,15040,DESKTOP-M4PIKSF\dani,0x000013AC,Thread,,<Nonexistent process>(10592): 9036,READ_CONTROL|DELETE|SYNCHRONIZE|WRITE_DAC|WRITE_OWNER|THREAD_ALL_ACCESS
ReetFPS.exe,15040,DESKTOP-M4PIKSF\dani,0x000013B0,Thread,,<Nonexistent process>(10592): 15744,READ_CONTROL|DELETE|SYNCHRONIZE|WRITE_DAC|WRITE_OWNER|THREAD_ALL_ACCESS
ReetFPS.exe,15040,DESKTOP-M4PIKSF\dani,0x000013B4,Thread,,<Nonexistent process>(10592): 15696,READ_CONTROL|DELETE|SYNCHRONIZE|WRITE_DAC|WRITE_OWNER|THREAD_ALL_ACCESS
ReetFPS.exe,15040,DESKTOP-M4PIKSF\dani,0x000013B8,Section,,,READ_CONTROL|DELETE|WRITE_DAC|WRITE_OWNER|QUERY|MAP_WRITE|MAP_READ
ReetFPS.exe,15040,DESKTOP-M4PIKSF\dani,0x000013BC,Thread,,<Nonexistent process>(10592): 13836,READ_CONTROL|DELETE|SYNCHRONIZE|WRITE_DAC|WRITE_OWNER|THREAD_ALL_ACCESS
ReetFPS.exe,15040,DESKTOP-M4PIKSF\dani,0x000013C0,Thread,,<Nonexistent process>(10592): 17044,READ_CONTROL|DELETE|SYNCHRONIZE|WRITE_DAC|WRITE_OWNER|THREAD_ALL_ACCESS
ReetFPS.exe,15040,DESKTOP-M4PIKSF\dani,0x000013C4,Thread,,<Nonexistent process>(10592): 14180,READ_CONTROL|DELETE|SYNCHRONIZE|WRITE_DAC|WRITE_OWNER|THREAD_ALL_ACCESS
ReetFPS.exe,15040,DESKTOP-M4PIKSF\dani,0x000013C8,Thread,,<Nonexistent process>(10592): 2548,READ_CONTROL|DELETE|SYNCHRONIZE|WRITE_DAC|WRITE_OWNER|THREAD_ALL_ACCESS
ReetFPS.exe,15040,DESKTOP-M4PIKSF\dani,0x000013CC,Thread,,<Nonexistent process>(10592): 3180,READ_CONTROL|DELETE|SYNCHRONIZE|WRITE_DAC|WRITE_OWNER|THREAD_ALL_ACCESS
ReetFPS.exe,15040,DESKTOP-M4PIKSF\dani,0x000013D0,Thread,,<Nonexistent process>(10592): 10636,READ_CONTROL|DELETE|SYNCHRONIZE|WRITE_DAC|WRITE_OWNER|THREAD_ALL_ACCESS
ReetFPS.exe,15040,DESKTOP-M4PIKSF\dani,0x000013D4,Thread,,<Nonexistent process>(10592): 12320,READ_CONTROL|DELETE|SYNCHRONIZE|WRITE_DAC|WRITE_OWNER|THREAD_ALL_ACCESS
ReetFPS.exe,15040,DESKTOP-M4PIKSF\dani,0x000013D8,Thread,,<Nonexistent process>(10592): 9828,READ_CONTROL|DELETE|SYNCHRONIZE|WRITE_DAC|WRITE_OWNER|THREAD_ALL_ACCESS
ReetFPS.exe,15040,DESKTOP-M4PIKSF\dani,0x000013DC,Event,,,READ_CONTROL|DELETE|SYNCHRONIZE|WRITE_DAC|WRITE_OWNER|EVENT_ALL_ACCESS
ReetFPS.exe,15040,DESKTOP-M4PIKSF\dani,0x000013E0,Thread,,<Nonexistent process>(10592): 16576,READ_CONTROL|DELETE|SYNCHRONIZE|WRITE_DAC|WRITE_OWNER|THREAD_ALL_ACCESS
ReetFPS.exe,15040,DESKTOP-M4PIKSF\dani,0x000013E4,Thread,,<Nonexistent process>(10592): 16140,READ_CONTROL|DELETE|SYNCHRONIZE|WRITE_DAC|WRITE_OWNER|THREAD_ALL_ACCESS
ReetFPS.exe,15040,DESKTOP-M4PIKSF\dani,0x000013E8,Thread,,<Nonexistent process>(10592): 13596,READ_CONTROL|DELETE|SYNCHRONIZE|WRITE_DAC|WRITE_OWNER|THREAD_ALL_ACCESS
ReetFPS.exe,15040,DESKTOP-M4PIKSF\dani,0x000013EC,Thread,,<Nonexistent process>(10592): 15764,READ_CONTROL|DELETE|SYNCHRONIZE|WRITE_DAC|WRITE_OWNER|THREAD_ALL_ACCESS
ReetFPS.exe,15040,DESKTOP-M4PIKSF\dani,0x000013F0,Event,,,READ_CONTROL|DELETE|SYNCHRONIZE|WRITE_DAC|WRITE_OWNER|EVENT_ALL_ACCESS
ReetFPS.exe,15040,DESKTOP-M4PIKSF\dani,0x000013F4,IoCompletion,,,READ_CONTROL|DELETE|SYNCHRONIZE|WRITE_DAC|WRITE_OWNER|0x1F0003
ReetFPS.exe,15040,DESKTOP-M4PIKSF\dani,0x000013F8,Thread,,<Nonexistent process>(10592): 16904,READ_CONTROL|DELETE|SYNCHRONIZE|WRITE_DAC|WRITE_OWNER|THREAD_ALL_ACCESS
ReetFPS.exe,15040,DESKTOP-M4PIKSF\dani,0x000013FC,Thread,,<Nonexistent process>(10592): 14144,READ_CONTROL|DELETE|SYNCHRONIZE|WRITE_DAC|WRITE_OWNER|THREAD_ALL_ACCESS
ReetFPS.exe,15040,DESKTOP-M4PIKSF\dani,0x00001404,Thread,,<Nonexistent process>(10592): 16060,READ_CONTROL|DELETE|SYNCHRONIZE|WRITE_DAC|WRITE_OWNER|THREAD_ALL_ACCESS
ReetFPS.exe,15040,DESKTOP-M4PIKSF\dani,0x00001408,Thread,,<Nonexistent process>(10592): 15160,READ_CONTROL|DELETE|SYNCHRONIZE|WRITE_DAC|WRITE_OWNER|THREAD_ALL_ACCESS
ReetFPS.exe,15040,DESKTOP-M4PIKSF\dani,0x0000140C,Thread,,<Nonexistent process>(10592): 16132,READ_CONTROL|DELETE|SYNCHRONIZE|WRITE_DAC|WRITE_OWNER|THREAD_ALL_ACCESS
ReetFPS.exe,15040,DESKTOP-M4PIKSF\dani,0x00001410,Thread,,<Nonexistent process>(10592): 17288,READ_CONTROL|DELETE|SYNCHRONIZE|WRITE_DAC|WRITE_OWNER|THREAD_ALL_ACCESS
ReetFPS.exe,15040,DESKTOP-M4PIKSF\dani,0x00001414,Thread,,<Nonexistent process>(10592): 7884,READ_CONTROL|DELETE|SYNCHRONIZE|WRITE_DAC|WRITE_OWNER|THREAD_ALL_ACCESS
ReetFPS.exe,15040,DESKTOP-M4PIKSF\dani,0x00001418,Thread,,<Nonexistent process>(10592): 15156,READ_CONTROL|DELETE|SYNCHRONIZE|WRITE_DAC|WRITE_OWNER|THREAD_ALL_ACCESS
ReetFPS.exe,15040,DESKTOP-M4PIKSF\dani,0x0000141C,Thread,,<Nonexistent process>(10592): 15336,READ_CONTROL|DELETE|SYNCHRONIZE|WRITE_DAC|WRITE_OWNER|THREAD_ALL_ACCESS
ReetFPS.exe,15040,DESKTOP-M4PIKSF\dani,0x00001420,Thread,,<Nonexistent process>(10592): 9080,READ_CONTROL|DELETE|SYNCHRONIZE|WRITE_DAC|WRITE_OWNER|THREAD_ALL_ACCESS
ReetFPS.exe,15040,DESKTOP-M4PIKSF\dani,0x00001424,Thread,,<Nonexistent process>(10592): 17116,READ_CONTROL|DELETE|SYNCHRONIZE|WRITE_DAC|WRITE_OWNER|THREAD_ALL_ACCESS
ReetFPS.exe,15040,DESKTOP-M4PIKSF\dani,0x00001428,Thread,,<Nonexistent process>(10592): 13456,READ_CONTROL|DELETE|SYNCHRONIZE|WRITE_DAC|WRITE_OWNER|THREAD_ALL_ACCESS
ReetFPS.exe,15040,DESKTOP-M4PIKSF\dani,0x0000142C,Thread,,<Nonexistent process>(10592): 14100,READ_CONTROL|DELETE|SYNCHRONIZE|WRITE_DAC|WRITE_OWNER|THREAD_ALL_ACCESS
ReetFPS.exe,15040,DESKTOP-M4PIKSF\dani,0x00001430,Thread,,<Nonexistent process>(10592): 16920,READ_CONTROL|DELETE|SYNCHRONIZE|WRITE_DAC|WRITE_OWNER|THREAD_ALL_ACCESS
ReetFPS.exe,15040,DESKTOP-M4PIKSF\dani,0x00001434,Thread,,<Nonexistent process>(10592): 15172,READ_CONTROL|DELETE|SYNCHRONIZE|WRITE_DAC|WRITE_OWNER|THREAD_ALL_ACCESS
ReetFPS.exe,15040,DESKTOP-M4PIKSF\dani,0x00001438,Thread,,<Nonexistent process>(10592): 17400,READ_CONTROL|DELETE|SYNCHRONIZE|WRITE_DAC|WRITE_OWNER|THREAD_ALL_ACCESS
ReetFPS.exe,15040,DESKTOP-M4PIKSF\dani,0x0000143C,Thread,,<Nonexistent process>(10592): 15416,READ_CONTROL|DELETE|SYNCHRONIZE|WRITE_DAC|WRITE_OWNER|THREAD_ALL_ACCESS
ReetFPS.exe,15040,DESKTOP-M4PIKSF\dani,0x00001440,Thread,,<Nonexistent process>(10592): 17324,READ_CONTROL|DELETE|SYNCHRONIZE|WRITE_DAC|WRITE_OWNER|THREAD_ALL_ACCESS
ReetFPS.exe,15040,DESKTOP-M4PIKSF\dani,0x00001444,Thread,,<Nonexistent process>(10592): 11592,READ_CONTROL|DELETE|SYNCHRONIZE|WRITE_DAC|WRITE_OWNER|THREAD_ALL_ACCESS
ReetFPS.exe,15040,DESKTOP-M4PIKSF\dani,0x00001448,Thread,,<Nonexistent process>(10592): 15212,READ_CONTROL|DELETE|SYNCHRONIZE|WRITE_DAC|WRITE_OWNER|THREAD_ALL_ACCESS
ReetFPS.exe,15040,DESKTOP-M4PIKSF\dani,0x0000144C,Thread,,<Nonexistent process>(10592): 8928,READ_CONTROL|DELETE|SYNCHRONIZE|WRITE_DAC|WRITE_OWNER|THREAD_ALL_ACCESS
ReetFPS.exe,15040,DESKTOP-M4PIKSF\dani,0x00001450,Thread,,<Nonexistent process>(10592): 15504,READ_CONTROL|DELETE|SYNCHRONIZE|WRITE_DAC|WRITE_OWNER|THREAD_ALL_ACCESS
ReetFPS.exe,15040,DESKTOP-M4PIKSF\dani,0x00001454,Thread,,<Nonexistent process>(10592): 13824,READ_CONTROL|DELETE|SYNCHRONIZE|WRITE_DAC|WRITE_OWNER|THREAD_ALL_ACCESS
ReetFPS.exe,15040,DESKTOP-M4PIKSF\dani,0x00001458,Thread,,<Nonexistent process>(10592): 15024,READ_CONTROL|DELETE|SYNCHRONIZE|WRITE_DAC|WRITE_OWNER|THREAD_ALL_ACCESS
ReetFPS.exe,15040,DESKTOP-M4PIKSF\dani,0x0000145C,Thread,,<Nonexistent process>(10592): 13632,READ_CONTROL|DELETE|SYNCHRONIZE|WRITE_DAC|WRITE_OWNER|THREAD_ALL_ACCESS
ReetFPS.exe,15040,DESKTOP-M4PIKSF\dani,0x00001460,Thread,,<Nonexistent process>(10592): 15140,READ_CONTROL|DELETE|SYNCHRONIZE|WRITE_DAC|WRITE_OWNER|THREAD_ALL_ACCESS
ReetFPS.exe,15040,DESKTOP-M4PIKSF\dani,0x00001464,Thread,,<Nonexistent process>(10592): 5516,READ_CONTROL|DELETE|SYNCHRONIZE|WRITE_DAC|WRITE_OWNER|THREAD_ALL_ACCESS
ReetFPS.exe,15040,DESKTOP-M4PIKSF\dani,0x00001468,Thread,,<Nonexistent process>(10592): 17164,READ_CONTROL|DELETE|SYNCHRONIZE|WRITE_DAC|WRITE_OWNER|THREAD_ALL_ACCESS
ReetFPS.exe,15040,DESKTOP-M4PIKSF\dani,0x0000146C,Thread,,<Nonexistent process>(10592): 14284,READ_CONTROL|DELETE|SYNCHRONIZE|WRITE_DAC|WRITE_OWNER|THREAD_ALL_ACCESS
ReetFPS.exe,15040,DESKTOP-M4PIKSF\dani,0x00001470,Thread,,<Nonexistent process>(10592): 8040,READ_CONTROL|DELETE|SYNCHRONIZE|WRITE_DAC|WRITE_OWNER|THREAD_ALL_ACCESS
ReetFPS.exe,15040,DESKTOP-M4PIKSF\dani,0x00001474,Thread,,<Nonexistent process>(10592): 7496,READ_CONTROL|DELETE|SYNCHRONIZE|WRITE_DAC|WRITE_OWNER|THREAD_ALL_ACCESS
ReetFPS.exe,15040,DESKTOP-M4PIKSF\dani,0x00001478,Thread,,<Nonexistent process>(10592): 13468,READ_CONTROL|DELETE|SYNCHRONIZE|WRITE_DAC|WRITE_OWNER|THREAD_ALL_ACCESS
ReetFPS.exe,15040,DESKTOP-M4PIKSF\dani,0x0000147C,Thread,,<Nonexistent process>(10592): 14260,READ_CONTROL|DELETE|SYNCHRONIZE|WRITE_DAC|WRITE_OWNER|THREAD_ALL_ACCESS
ReetFPS.exe,15040,DESKTOP-M4PIKSF\dani,0x00001480,Thread,,<Nonexistent process>(10592): 10752,READ_CONTROL|DELETE|SYNCHRONIZE|WRITE_DAC|WRITE_OWNER|THREAD_ALL_ACCESS
ReetFPS.exe,15040,DESKTOP-M4PIKSF\dani,0x00001484,Thread,,<Nonexistent process>(10592): 17160,READ_CONTROL|DELETE|SYNCHRONIZE|WRITE_DAC|WRITE_OWNER|THREAD_ALL_ACCESS
ReetFPS.exe,15040,DESKTOP-M4PIKSF\dani,0x00001488,Thread,,<Nonexistent process>(10592): 17236,READ_CONTROL|DELETE|SYNCHRONIZE|WRITE_DAC|WRITE_OWNER|THREAD_ALL_ACCESS
ReetFPS.exe,15040,DESKTOP-M4PIKSF\dani,0x0000148C,Thread,,<Nonexistent process>(10592): 16892,READ_CONTROL|DELETE|SYNCHRONIZE|WRITE_DAC|WRITE_OWNER|THREAD_ALL_ACCESS
ReetFPS.exe,15040,DESKTOP-M4PIKSF\dani,0x00001490,Thread,,<Nonexistent process>(10592): 15732,READ_CONTROL|DELETE|SYNCHRONIZE|WRITE_DAC|WRITE_OWNER|THREAD_ALL_ACCESS
ReetFPS.exe,15040,DESKTOP-M4PIKSF\dani,0x00001494,Thread,,<Nonexistent process>(10592): 15028,READ_CONTROL|DELETE|SYNCHRONIZE|WRITE_DAC|WRITE_OWNER|THREAD_ALL_ACCESS
ReetFPS.exe,15040,DESKTOP-M4PIKSF\dani,0x00001498,Thread,,<Nonexistent process>(10592): 11296,READ_CONTROL|DELETE|SYNCHRONIZE|WRITE_DAC|WRITE_OWNER|THREAD_ALL_ACCESS
ReetFPS.exe,15040,DESKTOP-M4PIKSF\dani,0x0000149C,Thread,,<Nonexistent process>(10592): 15672,READ_CONTROL|DELETE|SYNCHRONIZE|WRITE_DAC|WRITE_OWNER|THREAD_ALL_ACCESS
ReetFPS.exe,15040,DESKTOP-M4PIKSF\dani,0x000014A0,Thread,,<Nonexistent process>(10592): 13492,READ_CONTROL|DELETE|SYNCHRONIZE|WRITE_DAC|WRITE_OWNER|THREAD_ALL_ACCESS
ReetFPS.exe,15040,DESKTOP-M4PIKSF\dani,0x000014A4,Thread,,<Nonexistent process>(10592): 9788,READ_CONTROL|DELETE|SYNCHRONIZE|WRITE_DAC|WRITE_OWNER|THREAD_ALL_ACCESS
ReetFPS.exe,15040,DESKTOP-M4PIKSF\dani,0x000014A8,Thread,,<Nonexistent process>(10592): 13396,READ_CONTROL|DELETE|SYNCHRONIZE|WRITE_DAC|WRITE_OWNER|THREAD_ALL_ACCESS
ReetFPS.exe,15040,DESKTOP-M4PIKSF\dani,0x000014AC,Thread,,<Nonexistent process>(10592): 17052,READ_CONTROL|DELETE|SYNCHRONIZE|WRITE_DAC|WRITE_OWNER|THREAD_ALL_ACCESS
ReetFPS.exe,15040,DESKTOP-M4PIKSF\dani,0x000014B0,Thread,,<Nonexistent process>(10592): 15936,READ_CONTROL|DELETE|SYNCHRONIZE|WRITE_DAC|WRITE_OWNER|THREAD_ALL_ACCESS
ReetFPS.exe,15040,DESKTOP-M4PIKSF\dani,0x000014B4,Thread,,<Nonexistent process>(10592): 11672,READ_CONTROL|DELETE|SYNCHRONIZE|WRITE_DAC|WRITE_OWNER|THREAD_ALL_ACCESS
ReetFPS.exe,15040,DESKTOP-M4PIKSF\dani,0x000014B8,Thread,,<Nonexistent process>(10592): 10584,READ_CONTROL|DELETE|SYNCHRONIZE|WRITE_DAC|WRITE_OWNER|THREAD_ALL_ACCESS
ReetFPS.exe,15040,DESKTOP-M4PIKSF\dani,0x000014BC,Thread,,<Nonexistent process>(10592): 14520,READ_CONTROL|DELETE|SYNCHRONIZE|WRITE_DAC|WRITE_OWNER|THREAD_ALL_ACCESS
ReetFPS.exe,15040,DESKTOP-M4PIKSF\dani,0x000014C0,Thread,,<Nonexistent process>(10592): 14724,READ_CONTROL|DELETE|SYNCHRONIZE|WRITE_DAC|WRITE_OWNER|THREAD_ALL_ACCESS
ReetFPS.exe,15040,DESKTOP-M4PIKSF\dani,0x000014C4,Thread,,<Nonexistent process>(10592): 9340,READ_CONTROL|DELETE|SYNCHRONIZE|WRITE_DAC|WRITE_OWNER|THREAD_ALL_ACCESS
ReetFPS.exe,15040,DESKTOP-M4PIKSF\dani,0x000014C8,Thread,,<Nonexistent process>(10592): 15928,READ_CONTROL|DELETE|SYNCHRONIZE|WRITE_DAC|WRITE_OWNER|THREAD_ALL_ACCESS
ReetFPS.exe,15040,DESKTOP-M4PIKSF\dani,0x000014CC,Thread,,<Nonexistent process>(10592): 16956,READ_CONTROL|DELETE|SYNCHRONIZE|WRITE_DAC|WRITE_OWNER|THREAD_ALL_ACCESS
ReetFPS.exe,15040,DESKTOP-M4PIKSF\dani,0x000014D0,Thread,,<Nonexistent process>(10592): 2932,READ_CONTROL|DELETE|SYNCHRONIZE|WRITE_DAC|WRITE_OWNER|THREAD_ALL_ACCESS
ReetFPS.exe,15040,DESKTOP-M4PIKSF\dani,0x000014D4,Thread,,<Nonexistent process>(10592): 16344,READ_CONTROL|DELETE|SYNCHRONIZE|WRITE_DAC|WRITE_OWNER|THREAD_ALL_ACCESS
ReetFPS.exe,15040,DESKTOP-M4PIKSF\dani,0x000014D8,Thread,,<Nonexistent process>(10592): 13728,READ_CONTROL|DELETE|SYNCHRONIZE|WRITE_DAC|WRITE_OWNER|THREAD_ALL_ACCESS
ReetFPS.exe,15040,DESKTOP-M4PIKSF\dani,0x000014DC,Thread,,<Nonexistent process>(10592): 4968,READ_CONTROL|DELETE|SYNCHRONIZE|WRITE_DAC|WRITE_OWNER|THREAD_ALL_ACCESS
ReetFPS.exe,15040,DESKTOP-M4PIKSF\dani,0x000014E0,Thread,,<Nonexistent process>(10592): 540,READ_CONTROL|DELETE|SYNCHRONIZE|WRITE_DAC|WRITE_OWNER|THREAD_ALL_ACCESS
ReetFPS.exe,15040,DESKTOP-M4PIKSF\dani,0x000014E4,Thread,,<Nonexistent process>(10592): 15988,READ_CONTROL|DELETE|SYNCHRONIZE|WRITE_DAC|WRITE_OWNER|THREAD_ALL_ACCESS
ReetFPS.exe,15040,DESKTOP-M4PIKSF\dani,0x000014E8,Thread,,<Nonexistent process>(10592): 16884,READ_CONTROL|DELETE|SYNCHRONIZE|WRITE_DAC|WRITE_OWNER|THREAD_ALL_ACCESS
ReetFPS.exe,15040,DESKTOP-M4PIKSF\dani,0x000014EC,Thread,,<Nonexistent process>(10592): 16968,READ_CONTROL|DELETE|SYNCHRONIZE|WRITE_DAC|WRITE_OWNER|THREAD_ALL_ACCESS
ReetFPS.exe,15040,DESKTOP-M4PIKSF\dani,0x000014F0,Thread,,<Nonexistent process>(13856): 15404,READ_CONTROL|DELETE|SYNCHRONIZE|WRITE_DAC|WRITE_OWNER|THREAD_ALL_ACCESS
ReetFPS.exe,15040,DESKTOP-M4PIKSF\dani,0x000014F4,Thread,,<Nonexistent process>(10592): 4792,READ_CONTROL|DELETE|SYNCHRONIZE|WRITE_DAC|WRITE_OWNER|THREAD_ALL_ACCESS
ReetFPS.exe,15040,DESKTOP-M4PIKSF\dani,0x000014F8,Thread,,<Nonexistent process>(10592): 15908,READ_CONTROL|DELETE|SYNCHRONIZE|WRITE_DAC|WRITE_OWNER|THREAD_ALL_ACCESS
ReetFPS.exe,15040,DESKTOP-M4PIKSF\dani,0x000014FC,Thread,,<Nonexistent process>(10592): 10072,READ_CONTROL|DELETE|SYNCHRONIZE|WRITE_DAC|WRITE_OWNER|THREAD_ALL_ACCESS
ReetFPS.exe,15040,DESKTOP-M4PIKSF\dani,0x00001500,Thread,,<Nonexistent process>(10592): 16944,READ_CONTROL|DELETE|SYNCHRONIZE|WRITE_DAC|WRITE_OWNER|THREAD_ALL_ACCESS
ReetFPS.exe,15040,DESKTOP-M4PIKSF\dani,0x00001504,Thread,,<Nonexistent process>(10592): 9980,READ_CONTROL|DELETE|SYNCHRONIZE|WRITE_DAC|WRITE_OWNER|THREAD_ALL_ACCESS
ReetFPS.exe,15040,DESKTOP-M4PIKSF\dani,0x00001508,Thread,,<Nonexistent process>(10592): 15916,READ_CONTROL|DELETE|SYNCHRONIZE|WRITE_DAC|WRITE_OWNER|THREAD_ALL_ACCESS
ReetFPS.exe,15040,DESKTOP-M4PIKSF\dani,0x0000150C,Thread,,<Nonexistent process>(10592): 480,READ_CONTROL|DELETE|SYNCHRONIZE|WRITE_DAC|WRITE_OWNER|THREAD_ALL_ACCESS
ReetFPS.exe,15040,DESKTOP-M4PIKSF\dani,0x00001510,Thread,,<Nonexistent process>(10592): 7972,READ_CONTROL|DELETE|SYNCHRONIZE|WRITE_DAC|WRITE_OWNER|THREAD_ALL_ACCESS
ReetFPS.exe,15040,DESKTOP-M4PIKSF\dani,0x00001514,Thread,,<Nonexistent process>(10592): 14440,READ_CONTROL|DELETE|SYNCHRONIZE|WRITE_DAC|WRITE_OWNER|THREAD_ALL_ACCESS
ReetFPS.exe,15040,DESKTOP-M4PIKSF\dani,0x00001518,Thread,,<Nonexistent process>(10592): 16952,READ_CONTROL|DELETE|SYNCHRONIZE|WRITE_DAC|WRITE_OWNER|THREAD_ALL_ACCESS
ReetFPS.exe,15040,DESKTOP-M4PIKSF\dani,0x0000151C,Thread,,<Nonexistent process>(10592): 9280,READ_CONTROL|DELETE|SYNCHRONIZE|WRITE_DAC|WRITE_OWNER|THREAD_ALL_ACCESS
ReetFPS.exe,15040,DESKTOP-M4PIKSF\dani,0x00001520,Thread,,<Nonexistent process>(10592): 5784,READ_CONTROL|DELETE|SYNCHRONIZE|WRITE_DAC|WRITE_OWNER|THREAD_ALL_ACCESS
ReetFPS.exe,15040,DESKTOP-M4PIKSF\dani,0x00001524,Thread,,<Nonexistent process>(13856): 15476,READ_CONTROL|DELETE|SYNCHRONIZE|WRITE_DAC|WRITE_OWNER|THREAD_ALL_ACCESS
ReetFPS.exe,15040,DESKTOP-M4PIKSF\dani,0x00001528,Thread,,<Nonexistent process>(10592): 5420,READ_CONTROL|DELETE|SYNCHRONIZE|WRITE_DAC|WRITE_OWNER|THREAD_ALL_ACCESS
ReetFPS.exe,15040,DESKTOP-M4PIKSF\dani,0x0000152C,Thread,,<Nonexistent process>(10592): 13868,READ_CONTROL|DELETE|SYNCHRONIZE|WRITE_DAC|WRITE_OWNER|THREAD_ALL_ACCESS
ReetFPS.exe,15040,DESKTOP-M4PIKSF\dani,0x00001530,Thread,,<Nonexistent process>(10592): 472,READ_CONTROL|DELETE|SYNCHRONIZE|WRITE_DAC|WRITE_OWNER|THREAD_ALL_ACCESS
ReetFPS.exe,15040,DESKTOP-M4PIKSF\dani,0x00001534,Thread,,<Nonexistent process>(13856): 15452,READ_CONTROL|DELETE|SYNCHRONIZE|WRITE_DAC|WRITE_OWNER|THREAD_ALL_ACCESS
ReetFPS.exe,15040,DESKTOP-M4PIKSF\dani,0x00001538,Thread,,<Nonexistent process>(10592): 12844,READ_CONTROL|DELETE|SYNCHRONIZE|WRITE_DAC|WRITE_OWNER|THREAD_ALL_ACCESS
ReetFPS.exe,15040,DESKTOP-M4PIKSF\dani,0x0000153C,Thread,,<Nonexistent process>(10592): 16964,READ_CONTROL|DELETE|SYNCHRONIZE|WRITE_DAC|WRITE_OWNER|THREAD_ALL_ACCESS
ReetFPS.exe,15040,DESKTOP-M4PIKSF\dani,0x00001540,Thread,,<Nonexistent process>(10592): 16972,READ_CONTROL|DELETE|SYNCHRONIZE|WRITE_DAC|WRITE_OWNER|THREAD_ALL_ACCESS
ReetFPS.exe,15040,DESKTOP-M4PIKSF\dani,0x00001544,Thread,,<Nonexistent process>(10592): 4356,READ_CONTROL|DELETE|SYNCHRONIZE|WRITE_DAC|WRITE_OWNER|THREAD_ALL_ACCESS
ReetFPS.exe,15040,DESKTOP-M4PIKSF\dani,0x00001548,Thread,,<Nonexistent process>(10592): 15892,READ_CONTROL|DELETE|SYNCHRONIZE|WRITE_DAC|WRITE_OWNER|THREAD_ALL_ACCESS
ReetFPS.exe,15040,DESKTOP-M4PIKSF\dani,0x0000154C,Thread,,<Nonexistent process>(10592): 9248,READ_CONTROL|DELETE|SYNCHRONIZE|WRITE_DAC|WRITE_OWNER|THREAD_ALL_ACCESS
ReetFPS.exe,15040,DESKTOP-M4PIKSF\dani,0x00001550,Thread,,<Nonexistent process>(10592): 14356,READ_CONTROL|DELETE|SYNCHRONIZE|WRITE_DAC|WRITE_OWNER|THREAD_ALL_ACCESS
ReetFPS.exe,15040,DESKTOP-M4PIKSF\dani,0x00001554,Thread,,<Nonexistent process>(10592): 12668,READ_CONTROL|DELETE|SYNCHRONIZE|WRITE_DAC|WRITE_OWNER|THREAD_ALL_ACCESS
ReetFPS.exe,15040,DESKTOP-M4PIKSF\dani,0x00001558,Thread,,<Nonexistent process>(10592): 7476,READ_CONTROL|DELETE|SYNCHRONIZE|WRITE_DAC|WRITE_OWNER|THREAD_ALL_ACCESS
ReetFPS.exe,15040,DESKTOP-M4PIKSF\dani,0x0000155C,Thread,,<Nonexistent process>(10592): 15940,READ_CONTROL|DELETE|SYNCHRONIZE|WRITE_DAC|WRITE_OWNER|THREAD_ALL_ACCESS
ReetFPS.exe,15040,DESKTOP-M4PIKSF\dani,0x00001560,Thread,,<Nonexistent process>(10592): 16872,READ_CONTROL|DELETE|SYNCHRONIZE|WRITE_DAC|WRITE_OWNER|THREAD_ALL_ACCESS
ReetFPS.exe,15040,DESKTOP-M4PIKSF\dani,0x00001564,Thread,,<Nonexistent process>(10592): 12964,READ_CONTROL|DELETE|SYNCHRONIZE|WRITE_DAC|WRITE_OWNER|THREAD_ALL_ACCESS
ReetFPS.exe,15040,DESKTOP-M4PIKSF\dani,0x00001568,Thread,,<Nonexistent process>(10592): 14516,READ_CONTROL|DELETE|SYNCHRONIZE|WRITE_DAC|WRITE_OWNER|THREAD_ALL_ACCESS
ReetFPS.exe,15040,DESKTOP-M4PIKSF\dani,0x0000156C,Thread,,<Nonexistent process>(13856): 15492,READ_CONTROL|DELETE|SYNCHRONIZE|WRITE_DAC|WRITE_OWNER|THREAD_ALL_ACCESS
ReetFPS.exe,15040,DESKTOP-M4PIKSF\dani,0x00001570,Thread,,<Nonexistent process>(13856): 15604,READ_CONTROL|DELETE|SYNCHRONIZE|WRITE_DAC|WRITE_OWNER|THREAD_ALL_ACCESS
ReetFPS.exe,15040,DESKTOP-M4PIKSF\dani,0x00001574,Thread,,<Nonexistent process>(10592): 16936,READ_CONTROL|DELETE|SYNCHRONIZE|WRITE_DAC|WRITE_OWNER|THREAD_ALL_ACCESS
ReetFPS.exe,15040,DESKTOP-M4PIKSF\dani,0x00001578,Section,,,READ_CONTROL|DELETE|WRITE_DAC|WRITE_OWNER|QUERY|MAP_WRITE|MAP_READ
ReetFPS.exe,15040,DESKTOP-M4PIKSF\dani,0x0000157C,Thread,,<Nonexistent process>(13856): 4444,READ_CONTROL|DELETE|SYNCHRONIZE|WRITE_DAC|WRITE_OWNER|THREAD_ALL_ACCESS
ReetFPS.exe,15040,DESKTOP-M4PIKSF\dani,0x00001580,Thread,,<Nonexistent process>(10592): 15992,READ_CONTROL|DELETE|SYNCHRONIZE|WRITE_DAC|WRITE_OWNER|THREAD_ALL_ACCESS
ReetFPS.exe,15040,DESKTOP-M4PIKSF\dani,0x00001584,Section,,,READ_CONTROL|DELETE|WRITE_DAC|WRITE_OWNER|QUERY|MAP_WRITE|MAP_READ
ReetFPS.exe,15040,DESKTOP-M4PIKSF\dani,0x00001588,Thread,,<Nonexistent process>(13856): 3132,READ_CONTROL|DELETE|SYNCHRONIZE|WRITE_DAC|WRITE_OWNER|THREAD_ALL_ACCESS
ReetFPS.exe,15040,DESKTOP-M4PIKSF\dani,0x0000158C,Section,,,READ_CONTROL|DELETE|WRITE_DAC|WRITE_OWNER|QUERY|MAP_WRITE|MAP_READ
ReetFPS.exe,15040,DESKTOP-M4PIKSF\dani,0x00001590,Thread,,<Nonexistent process>(13856): 15496,READ_CONTROL|DELETE|SYNCHRONIZE|WRITE_DAC|WRITE_OWNER|THREAD_ALL_ACCESS
ReetFPS.exe,15040,DESKTOP-M4PIKSF\dani,0x00001594,Thread,,<Nonexistent process>(13856): 17076,READ_CONTROL|DELETE|SYNCHRONIZE|WRITE_DAC|WRITE_OWNER|THREAD_ALL_ACCESS
ReetFPS.exe,15040,DESKTOP-M4PIKSF\dani,0x00001598,Section,,,READ_CONTROL|DELETE|WRITE_DAC|WRITE_OWNER|QUERY|MAP_WRITE|MAP_READ
ReetFPS.exe,15040,DESKTOP-M4PIKSF\dani,0x0000159C,Thread,,<Nonexistent process>(13856): 15700,READ_CONTROL|DELETE|SYNCHRONIZE|WRITE_DAC|WRITE_OWNER|THREAD_ALL_ACCESS
ReetFPS.exe,15040,DESKTOP-M4PIKSF\dani,0x000015A0,Thread,,<Nonexistent process>(13856): 17108,READ_CONTROL|DELETE|SYNCHRONIZE|WRITE_DAC|WRITE_OWNER|THREAD_ALL_ACCESS
ReetFPS.exe,15040,DESKTOP-M4PIKSF\dani,0x000015A4,Thread,,<Nonexistent process>(10592): 17376,READ_CONTROL|DELETE|SYNCHRONIZE|WRITE_DAC|WRITE_OWNER|THREAD_ALL_ACCESS
ReetFPS.exe,15040,DESKTOP-M4PIKSF\dani,0x000015A8,Section,,,READ_CONTROL|DELETE|WRITE_DAC|WRITE_OWNER|QUERY|MAP_WRITE|MAP_READ
ReetFPS.exe,15040,DESKTOP-M4PIKSF\dani,0x000015AC,Thread,,<Nonexistent process>(10592): 12632,READ_CONTROL|DELETE|SYNCHRONIZE|WRITE_DAC|WRITE_OWNER|THREAD_ALL_ACCESS
ReetFPS.exe,15040,DESKTOP-M4PIKSF\dani,0x000015B0,Thread,,<Nonexistent process>(10592): 15576,READ_CONTROL|DELETE|SYNCHRONIZE|WRITE_DAC|WRITE_OWNER|THREAD_ALL_ACCESS
ReetFPS.exe,15040,DESKTOP-M4PIKSF\dani,0x000015B4,Thread,,<Nonexistent process>(13856): 16116,READ_CONTROL|DELETE|SYNCHRONIZE|WRITE_DAC|WRITE_OWNER|THREAD_ALL_ACCESS
ReetFPS.exe,15040,DESKTOP-M4PIKSF\dani,0x000015B8,Thread,,<Nonexistent process>(13856): 16352,READ_CONTROL|DELETE|SYNCHRONIZE|WRITE_DAC|WRITE_OWNER|THREAD_ALL_ACCESS
ReetFPS.exe,15040,DESKTOP-M4PIKSF\dani,0x000015BC,Thread,,<Nonexistent process>(13856): 16776,READ_CONTROL|DELETE|SYNCHRONIZE|WRITE_DAC|WRITE_OWNER|THREAD_ALL_ACCESS
ReetFPS.exe,15040,DESKTOP-M4PIKSF\dani,0x000015C0,Section,,,READ_CONTROL|DELETE|WRITE_DAC|WRITE_OWNER|QUERY|MAP_WRITE|MAP_READ
ReetFPS.exe,15040,DESKTOP-M4PIKSF\dani,0x000015C4,Thread,,<Nonexistent process>(13856): 16752,READ_CONTROL|DELETE|SYNCHRONIZE|WRITE_DAC|WRITE_OWNER|THREAD_ALL_ACCESS
ReetFPS.exe,15040,DESKTOP-M4PIKSF\dani,0x000015C8,Thread,,<Nonexistent process>(13856): 15968,READ_CONTROL|DELETE|SYNCHRONIZE|WRITE_DAC|WRITE_OWNER|THREAD_ALL_ACCESS
ReetFPS.exe,15040,DESKTOP-M4PIKSF\dani,0x000015CC,Thread,,<Nonexistent process>(13856): 16092,READ_CONTROL|DELETE|SYNCHRONIZE|WRITE_DAC|WRITE_OWNER|THREAD_ALL_ACCESS
ReetFPS.exe,15040,DESKTOP-M4PIKSF\dani,0x000015D0,Thread,,<Nonexistent process>(13856): 16016,READ_CONTROL|DELETE|SYNCHRONIZE|WRITE_DAC|WRITE_OWNER|THREAD_ALL_ACCESS
ReetFPS.exe,15040,DESKTOP-M4PIKSF\dani,0x000015D4,Thread,,<Nonexistent process>(13856): 16128,READ_CONTROL|DELETE|SYNCHRONIZE|WRITE_DAC|WRITE_OWNER|THREAD_ALL_ACCESS
ReetFPS.exe,15040,DESKTOP-M4PIKSF\dani,0x000015D8,Thread,,<Nonexistent process>(13856): 6868,READ_CONTROL|DELETE|SYNCHRONIZE|WRITE_DAC|WRITE_OWNER|THREAD_ALL_ACCESS
ReetFPS.exe,15040,DESKTOP-M4PIKSF\dani,0x000015DC,Thread,,<Nonexistent process>(13856): 12680,READ_CONTROL|DELETE|SYNCHRONIZE|WRITE_DAC|WRITE_OWNER|THREAD_ALL_ACCESS
ReetFPS.exe,15040,DESKTOP-M4PIKSF\dani,0x000015E0,Thread,,<Nonexistent process>(13856): 14920,READ_CONTROL|DELETE|SYNCHRONIZE|WRITE_DAC|WRITE_OWNER|THREAD_ALL_ACCESS
ReetFPS.exe,15040,DESKTOP-M4PIKSF\dani,0x000015E4,Thread,,<Nonexistent process>(13856): 16340,READ_CONTROL|DELETE|SYNCHRONIZE|WRITE_DAC|WRITE_OWNER|THREAD_ALL_ACCESS
ReetFPS.exe,15040,DESKTOP-M4PIKSF\dani,0x000015E8,Thread,,<Nonexistent process>(13856): 16012,READ_CONTROL|DELETE|SYNCHRONIZE|WRITE_DAC|WRITE_OWNER|THREAD_ALL_ACCESS
ReetFPS.exe,15040,DESKTOP-M4PIKSF\dani,0x000015EC,Thread,,<Nonexistent process>(13856): 15612,READ_CONTROL|DELETE|SYNCHRONIZE|WRITE_DAC|WRITE_OWNER|THREAD_ALL_ACCESS
ReetFPS.exe,15040,DESKTOP-M4PIKSF\dani,0x000015F0,Thread,,<Nonexistent process>(13856): 15860,READ_CONTROL|DELETE|SYNCHRONIZE|WRITE_DAC|WRITE_OWNER|THREAD_ALL_ACCESS
ReetFPS.exe,15040,DESKTOP-M4PIKSF\dani,0x000015F4,Thread,,<Nonexistent process>(13856): 14500,READ_CONTROL|DELETE|SYNCHRONIZE|WRITE_DAC|WRITE_OWNER|THREAD_ALL_ACCESS
ReetFPS.exe,15040,DESKTOP-M4PIKSF\dani,0x000015F8,Thread,,<Nonexistent process>(13856): 15456,READ_CONTROL|DELETE|SYNCHRONIZE|WRITE_DAC|WRITE_OWNER|THREAD_ALL_ACCESS
ReetFPS.exe,15040,DESKTOP-M4PIKSF\dani,0x000015FC,Thread,,<Nonexistent process>(13856): 15444,READ_CONTROL|DELETE|SYNCHRONIZE|WRITE_DAC|WRITE_OWNER|THREAD_ALL_ACCESS
ReetFPS.exe,15040,DESKTOP-M4PIKSF\dani,0x00001600,Thread,,<Nonexistent process>(13856): 10480,READ_CONTROL|DELETE|SYNCHRONIZE|WRITE_DAC|WRITE_OWNER|THREAD_ALL_ACCESS
ReetFPS.exe,15040,DESKTOP-M4PIKSF\dani,0x00001604,Thread,,<Nonexistent process>(13856): 15368,READ_CONTROL|DELETE|SYNCHRONIZE|WRITE_DAC|WRITE_OWNER|THREAD_ALL_ACCESS
ReetFPS.exe,15040,DESKTOP-M4PIKSF\dani,0x00001608,Thread,,<Nonexistent process>(13856): 15516,READ_CONTROL|DELETE|SYNCHRONIZE|WRITE_DAC|WRITE_OWNER|THREAD_ALL_ACCESS
ReetFPS.exe,15040,DESKTOP-M4PIKSF\dani,0x0000160C,Thread,,<Nonexistent process>(13856): 15524,READ_CONTROL|DELETE|SYNCHRONIZE|WRITE_DAC|WRITE_OWNER|THREAD_ALL_ACCESS
ReetFPS.exe,15040,DESKTOP-M4PIKSF\dani,0x00001610,Thread,,<Nonexistent process>(13856): 15528,READ_CONTROL|DELETE|SYNCHRONIZE|WRITE_DAC|WRITE_OWNER|THREAD_ALL_ACCESS
ReetFPS.exe,15040,DESKTOP-M4PIKSF\dani,0x00001614,Thread,,<Nonexistent process>(13856): 15532,READ_CONTROL|DELETE|SYNCHRONIZE|WRITE_DAC|WRITE_OWNER|THREAD_ALL_ACCESS
ReetFPS.exe,15040,DESKTOP-M4PIKSF\dani,0x00001618,Thread,,<Nonexistent process>(13856): 15520,READ_CONTROL|DELETE|SYNCHRONIZE|WRITE_DAC|WRITE_OWNER|THREAD_ALL_ACCESS
ReetFPS.exe,15040,DESKTOP-M4PIKSF\dani,0x0000161C,Thread,,<Nonexistent process>(13856): 15448,READ_CONTROL|DELETE|SYNCHRONIZE|WRITE_DAC|WRITE_OWNER|THREAD_ALL_ACCESS
ReetFPS.exe,15040,DESKTOP-M4PIKSF\dani,0x00001620,Thread,,<Nonexistent process>(13856): 14108,READ_CONTROL|DELETE|SYNCHRONIZE|WRITE_DAC|WRITE_OWNER|THREAD_ALL_ACCESS
ReetFPS.exe,15040,DESKTOP-M4PIKSF\dani,0x00001624,Thread,,<Nonexistent process>(13856): 15600,READ_CONTROL|DELETE|SYNCHRONIZE|WRITE_DAC|WRITE_OWNER|THREAD_ALL_ACCESS
ReetFPS.exe,15040,DESKTOP-M4PIKSF\dani,0x00001628,Thread,,<Nonexistent process>(13856): 15460,READ_CONTROL|DELETE|SYNCHRONIZE|WRITE_DAC|WRITE_OWNER|THREAD_ALL_ACCESS
ReetFPS.exe,15040,DESKTOP-M4PIKSF\dani,0x0000162C,Thread,,<Nonexistent process>(13856): 15464,READ_CONTROL|DELETE|SYNCHRONIZE|WRITE_DAC|WRITE_OWNER|THREAD_ALL_ACCESS
ReetFPS.exe,15040,DESKTOP-M4PIKSF\dani,0x00001630,Thread,,<Nonexistent process>(13856): 16336,READ_CONTROL|DELETE|SYNCHRONIZE|WRITE_DAC|WRITE_OWNER|THREAD_ALL_ACCESS
ReetFPS.exe,15040,DESKTOP-M4PIKSF\dani,0x00001634,Thread,,<Nonexistent process>(13856): 16376,READ_CONTROL|DELETE|SYNCHRONIZE|WRITE_DAC|WRITE_OWNER|THREAD_ALL_ACCESS
ReetFPS.exe,15040,DESKTOP-M4PIKSF\dani,0x00001638,Thread,,<Nonexistent process>(13856): 16312,READ_CONTROL|DELETE|SYNCHRONIZE|WRITE_DAC|WRITE_OWNER|THREAD_ALL_ACCESS
ReetFPS.exe,15040,DESKTOP-M4PIKSF\dani,0x0000163C,Thread,,<Nonexistent process>(13856): 15552,READ_CONTROL|DELETE|SYNCHRONIZE|WRITE_DAC|WRITE_OWNER|THREAD_ALL_ACCESS
ReetFPS.exe,15040,DESKTOP-M4PIKSF\dani,0x00001640,Thread,,<Nonexistent process>(13856): 15556,READ_CONTROL|DELETE|SYNCHRONIZE|WRITE_DAC|WRITE_OWNER|THREAD_ALL_ACCESS
ReetFPS.exe,15040,DESKTOP-M4PIKSF\dani,0x00001644,Thread,,<Nonexistent process>(13856): 15560,READ_CONTROL|DELETE|SYNCHRONIZE|WRITE_DAC|WRITE_OWNER|THREAD_ALL_ACCESS
ReetFPS.exe,15040,DESKTOP-M4PIKSF\dani,0x00001648,Thread,,<Nonexistent process>(13856): 15564,READ_CONTROL|DELETE|SYNCHRONIZE|WRITE_DAC|WRITE_OWNER|THREAD_ALL_ACCESS
ReetFPS.exe,15040,DESKTOP-M4PIKSF\dani,0x0000164C,Thread,,<Nonexistent process>(13856): 15508,READ_CONTROL|DELETE|SYNCHRONIZE|WRITE_DAC|WRITE_OWNER|THREAD_ALL_ACCESS
ReetFPS.exe,15040,DESKTOP-M4PIKSF\dani,0x00001650,Thread,,<Nonexistent process>(13856): 15652,READ_CONTROL|DELETE|SYNCHRONIZE|WRITE_DAC|WRITE_OWNER|THREAD_ALL_ACCESS
ReetFPS.exe,15040,DESKTOP-M4PIKSF\dani,0x00001654,Thread,,<Nonexistent process>(13856): 8824,READ_CONTROL|DELETE|SYNCHRONIZE|WRITE_DAC|WRITE_OWNER|THREAD_ALL_ACCESS
ReetFPS.exe,15040,DESKTOP-M4PIKSF\dani,0x00001658,Thread,,<Nonexistent process>(13856): 15512,READ_CONTROL|DELETE|SYNCHRONIZE|WRITE_DAC|WRITE_OWNER|THREAD_ALL_ACCESS
ReetFPS.exe,15040,DESKTOP-M4PIKSF\dani,0x0000165C,Thread,,<Nonexistent process>(13856): 15568,READ_CONTROL|DELETE|SYNCHRONIZE|WRITE_DAC|WRITE_OWNER|THREAD_ALL_ACCESS
ReetFPS.exe,15040,DESKTOP-M4PIKSF\dani,0x00001660,Thread,,<Nonexistent process>(13856): 16372,READ_CONTROL|DELETE|SYNCHRONIZE|WRITE_DAC|WRITE_OWNER|THREAD_ALL_ACCESS
ReetFPS.exe,15040,DESKTOP-M4PIKSF\dani,0x00001664,Thread,,<Nonexistent process>(13856): 15372,READ_CONTROL|DELETE|SYNCHRONIZE|WRITE_DAC|WRITE_OWNER|THREAD_ALL_ACCESS
ReetFPS.exe,15040,DESKTOP-M4PIKSF\dani,0x00001668,Thread,,<Nonexistent process>(13856): 17100,READ_CONTROL|DELETE|SYNCHRONIZE|WRITE_DAC|WRITE_OWNER|THREAD_ALL_ACCESS
ReetFPS.exe,15040,DESKTOP-M4PIKSF\dani,0x0000166C,Thread,,<Nonexistent process>(13856): 16536,READ_CONTROL|DELETE|SYNCHRONIZE|WRITE_DAC|WRITE_OWNER|THREAD_ALL_ACCESS
ReetFPS.exe,15040,DESKTOP-M4PIKSF\dani,0x00001670,Thread,,<Nonexistent process>(13856): 15472,READ_CONTROL|DELETE|SYNCHRONIZE|WRITE_DAC|WRITE_OWNER|THREAD_ALL_ACCESS
ReetFPS.exe,15040,DESKTOP-M4PIKSF\dani,0x00001674,Thread,,<Nonexistent process>(13856): 15548,READ_CONTROL|DELETE|SYNCHRONIZE|WRITE_DAC|WRITE_OWNER|THREAD_ALL_ACCESS
ReetFPS.exe,15040,DESKTOP-M4PIKSF\dani,0x00001678,Thread,,<Nonexistent process>(13856): 16332,READ_CONTROL|DELETE|SYNCHRONIZE|WRITE_DAC|WRITE_OWNER|THREAD_ALL_ACCESS
ReetFPS.exe,15040,DESKTOP-M4PIKSF\dani,0x0000167C,Thread,,<Nonexistent process>(13856): 15888,READ_CONTROL|DELETE|SYNCHRONIZE|WRITE_DAC|WRITE_OWNER|THREAD_ALL_ACCESS
ReetFPS.exe,15040,DESKTOP-M4PIKSF\dani,0x00001680,Thread,,<Nonexistent process>(13856): 15904,READ_CONTROL|DELETE|SYNCHRONIZE|WRITE_DAC|WRITE_OWNER|THREAD_ALL_ACCESS
ReetFPS.exe,15040,DESKTOP-M4PIKSF\dani,0x00001684,Thread,,<Nonexistent process>(13856): 15280,READ_CONTROL|DELETE|SYNCHRONIZE|WRITE_DAC|WRITE_OWNER|THREAD_ALL_ACCESS
ReetFPS.exe,15040,DESKTOP-M4PIKSF\dani,0x00001688,Thread,,<Nonexistent process>(13856): 16004,READ_CONTROL|DELETE|SYNCHRONIZE|WRITE_DAC|WRITE_OWNER|THREAD_ALL_ACCESS
ReetFPS.exe,15040,DESKTOP-M4PIKSF\dani,0x0000168C,Thread,,<Nonexistent process>(13856): 16008,READ_CONTROL|DELETE|SYNCHRONIZE|WRITE_DAC|WRITE_OWNER|THREAD_ALL_ACCESS
ReetFPS.exe,15040,DESKTOP-M4PIKSF\dani,0x00001690,Thread,,<Nonexistent process>(13856): 16020,READ_CONTROL|DELETE|SYNCHRONIZE|WRITE_DAC|WRITE_OWNER|THREAD_ALL_ACCESS
ReetFPS.exe,15040,DESKTOP-M4PIKSF\dani,0x00001694,Thread,,<Nonexistent process>(13856): 16104,READ_CONTROL|DELETE|SYNCHRONIZE|WRITE_DAC|WRITE_OWNER|THREAD_ALL_ACCESS
ReetFPS.exe,15040,DESKTOP-M4PIKSF\dani,0x00001698,Thread,,<Nonexistent process>(13856): 15748,READ_CONTROL|DELETE|SYNCHRONIZE|WRITE_DAC|WRITE_OWNER|THREAD_ALL_ACCESS
ReetFPS.exe,15040,DESKTOP-M4PIKSF\dani,0x0000169C,Thread,,<Nonexistent process>(13856): 14168,READ_CONTROL|DELETE|SYNCHRONIZE|WRITE_DAC|WRITE_OWNER|THREAD_ALL_ACCESS
ReetFPS.exe,15040,DESKTOP-M4PIKSF\dani,0x000016A0,Thread,,<Nonexistent process>(13856): 15468,READ_CONTROL|DELETE|SYNCHRONIZE|WRITE_DAC|WRITE_OWNER|THREAD_ALL_ACCESS
ReetFPS.exe,15040,DESKTOP-M4PIKSF\dani,0x000016A4,Thread,,<Nonexistent process>(13856): 15808,READ_CONTROL|DELETE|SYNCHRONIZE|WRITE_DAC|WRITE_OWNER|THREAD_ALL_ACCESS
ReetFPS.exe,15040,DESKTOP-M4PIKSF\dani,0x000016A8,Thread,,<Nonexistent process>(13856): 15804,READ_CONTROL|DELETE|SYNCHRONIZE|WRITE_DAC|WRITE_OWNER|THREAD_ALL_ACCESS
ReetFPS.exe,15040,DESKTOP-M4PIKSF\dani,0x000016AC,Thread,,<Nonexistent process>(13856): 15792,READ_CONTROL|DELETE|SYNCHRONIZE|WRITE_DAC|WRITE_OWNER|THREAD_ALL_ACCESS
ReetFPS.exe,15040,DESKTOP-M4PIKSF\dani,0x000016B0,Thread,,<Nonexistent process>(13856): 15752,READ_CONTROL|DELETE|SYNCHRONIZE|WRITE_DAC|WRITE_OWNER|THREAD_ALL_ACCESS
ReetFPS.exe,15040,DESKTOP-M4PIKSF\dani,0x000016B4,Thread,,<Nonexistent process>(13856): 15872,READ_CONTROL|DELETE|SYNCHRONIZE|WRITE_DAC|WRITE_OWNER|THREAD_ALL_ACCESS
ReetFPS.exe,15040,DESKTOP-M4PIKSF\dani,0x000016B8,Thread,,<Nonexistent process>(13856): 15800,READ_CONTROL|DELETE|SYNCHRONIZE|WRITE_DAC|WRITE_OWNER|THREAD_ALL_ACCESS
ReetFPS.exe,15040,DESKTOP-M4PIKSF\dani,0x000016BC,Thread,,<Nonexistent process>(13856): 15844,READ_CONTROL|DELETE|SYNCHRONIZE|WRITE_DAC|WRITE_OWNER|THREAD_ALL_ACCESS
ReetFPS.exe,15040,DESKTOP-M4PIKSF\dani,0x000016C0,Thread,,<Nonexistent process>(13856): 15776,READ_CONTROL|DELETE|SYNCHRONIZE|WRITE_DAC|WRITE_OWNER|THREAD_ALL_ACCESS
ReetFPS.exe,15040,DESKTOP-M4PIKSF\dani,0x000016C4,Thread,,<Nonexistent process>(13856): 15884,READ_CONTROL|DELETE|SYNCHRONIZE|WRITE_DAC|WRITE_OWNER|THREAD_ALL_ACCESS
ReetFPS.exe,15040,DESKTOP-M4PIKSF\dani,0x000016C8,Thread,,<Nonexistent process>(13856): 15788,READ_CONTROL|DELETE|SYNCHRONIZE|WRITE_DAC|WRITE_OWNER|THREAD_ALL_ACCESS
ReetFPS.exe,15040,DESKTOP-M4PIKSF\dani,0x000016CC,Thread,,<Nonexistent process>(13856): 15876,READ_CONTROL|DELETE|SYNCHRONIZE|WRITE_DAC|WRITE_OWNER|THREAD_ALL_ACCESS
ReetFPS.exe,15040,DESKTOP-M4PIKSF\dani,0x000016D0,Thread,,<Nonexistent process>(13856): 15376,READ_CONTROL|DELETE|SYNCHRONIZE|WRITE_DAC|WRITE_OWNER|THREAD_ALL_ACCESS
ReetFPS.exe,15040,DESKTOP-M4PIKSF\dani,0x000016D4,Thread,,<Nonexistent process>(13856): 15868,READ_CONTROL|DELETE|SYNCHRONIZE|WRITE_DAC|WRITE_OWNER|THREAD_ALL_ACCESS
ReetFPS.exe,15040,DESKTOP-M4PIKSF\dani,0x000016D8,Thread,,<Nonexistent process>(13856): 15880,READ_CONTROL|DELETE|SYNCHRONIZE|WRITE_DAC|WRITE_OWNER|THREAD_ALL_ACCESS
ReetFPS.exe,15040,DESKTOP-M4PIKSF\dani,0x000016DC,Thread,,<Nonexistent process>(13856): 15820,READ_CONTROL|DELETE|SYNCHRONIZE|WRITE_DAC|WRITE_OWNER|THREAD_ALL_ACCESS
ReetFPS.exe,15040,DESKTOP-M4PIKSF\dani,0x000016E0,Thread,,<Nonexistent process>(13856): 15440,READ_CONTROL|DELETE|SYNCHRONIZE|WRITE_DAC|WRITE_OWNER|THREAD_ALL_ACCESS
ReetFPS.exe,15040,DESKTOP-M4PIKSF\dani,0x000016E4,Thread,,<Nonexistent process>(13856): 15996,READ_CONTROL|DELETE|SYNCHRONIZE|WRITE_DAC|WRITE_OWNER|THREAD_ALL_ACCESS
ReetFPS.exe,15040,DESKTOP-M4PIKSF\dani,0x000016E8,Thread,,<Nonexistent process>(13856): 15984,READ_CONTROL|DELETE|SYNCHRONIZE|WRITE_DAC|WRITE_OWNER|THREAD_ALL_ACCESS
ReetFPS.exe,15040,DESKTOP-M4PIKSF\dani,0x000016EC,Thread,,<Nonexistent process>(13856): 15964,READ_CONTROL|DELETE|SYNCHRONIZE|WRITE_DAC|WRITE_OWNER|THREAD_ALL_ACCESS
ReetFPS.exe,15040,DESKTOP-M4PIKSF\dani,0x000016F0,Thread,,<Nonexistent process>(13856): 15004,READ_CONTROL|DELETE|SYNCHRONIZE|WRITE_DAC|WRITE_OWNER|THREAD_ALL_ACCESS
ReetFPS.exe,15040,DESKTOP-M4PIKSF\dani,0x000016F4,Thread,,<Nonexistent process>(13856): 15864,READ_CONTROL|DELETE|SYNCHRONIZE|WRITE_DAC|WRITE_OWNER|THREAD_ALL_ACCESS
ReetFPS.exe,15040,DESKTOP-M4PIKSF\dani,0x000016F8,Thread,,<Nonexistent process>(13856): 16408,READ_CONTROL|DELETE|SYNCHRONIZE|WRITE_DAC|WRITE_OWNER|THREAD_ALL_ACCESS
ReetFPS.exe,15040,DESKTOP-M4PIKSF\dani,0x000016FC,Thread,,<Nonexistent process>(13856): 16388,READ_CONTROL|DELETE|SYNCHRONIZE|WRITE_DAC|WRITE_OWNER|THREAD_ALL_ACCESS
ReetFPS.exe,15040,DESKTOP-M4PIKSF\dani,0x00001700,Thread,,<Nonexistent process>(13856): 16392,READ_CONTROL|DELETE|SYNCHRONIZE|WRITE_DAC|WRITE_OWNER|THREAD_ALL_ACCESS
ReetFPS.exe,15040,DESKTOP-M4PIKSF\dani,0x00001704,Thread,,<Nonexistent process>(13856): 16400,READ_CONTROL|DELETE|SYNCHRONIZE|WRITE_DAC|WRITE_OWNER|THREAD_ALL_ACCESS
ReetFPS.exe,15040,DESKTOP-M4PIKSF\dani,0x00001708,Thread,,<Nonexistent process>(13856): 16396,READ_CONTROL|DELETE|SYNCHRONIZE|WRITE_DAC|WRITE_OWNER|THREAD_ALL_ACCESS
ReetFPS.exe,15040,DESKTOP-M4PIKSF\dani,0x0000170C,Thread,,<Nonexistent process>(13856): 16404,READ_CONTROL|DELETE|SYNCHRONIZE|WRITE_DAC|WRITE_OWNER|THREAD_ALL_ACCESS
ReetFPS.exe,15040,DESKTOP-M4PIKSF\dani,0x00001710,Thread,,<Nonexistent process>(13856): 16412,READ_CONTROL|DELETE|SYNCHRONIZE|WRITE_DAC|WRITE_OWNER|THREAD_ALL_ACCESS
ReetFPS.exe,15040,DESKTOP-M4PIKSF\dani,0x00001714,Thread,,<Nonexistent process>(13856): 16416,READ_CONTROL|DELETE|SYNCHRONIZE|WRITE_DAC|WRITE_OWNER|THREAD_ALL_ACCESS
ReetFPS.exe,15040,DESKTOP-M4PIKSF\dani,0x00001718,Thread,,<Nonexistent process>(13856): 16420,READ_CONTROL|DELETE|SYNCHRONIZE|WRITE_DAC|WRITE_OWNER|THREAD_ALL_ACCESS
ReetFPS.exe,15040,DESKTOP-M4PIKSF\dani,0x0000171C,Thread,,<Nonexistent process>(13856): 16424,READ_CONTROL|DELETE|SYNCHRONIZE|WRITE_DAC|WRITE_OWNER|THREAD_ALL_ACCESS
ReetFPS.exe,15040,DESKTOP-M4PIKSF\dani,0x00001720,Thread,,<Nonexistent process>(13856): 16256,READ_CONTROL|DELETE|SYNCHRONIZE|WRITE_DAC|WRITE_OWNER|THREAD_ALL_ACCESS
ReetFPS.exe,15040,DESKTOP-M4PIKSF\dani,0x00001724,Thread,,<Nonexistent process>(13856): 16208,READ_CONTROL|DELETE|SYNCHRONIZE|WRITE_DAC|WRITE_OWNER|THREAD_ALL_ACCESS
ReetFPS.exe,15040,DESKTOP-M4PIKSF\dani,0x00001728,Thread,,<Nonexistent process>(13856): 16316,READ_CONTROL|DELETE|SYNCHRONIZE|WRITE_DAC|WRITE_OWNER|THREAD_ALL_ACCESS
ReetFPS.exe,15040,DESKTOP-M4PIKSF\dani,0x0000172C,Thread,,<Nonexistent process>(13856): 16644,READ_CONTROL|DELETE|SYNCHRONIZE|WRITE_DAC|WRITE_OWNER|THREAD_ALL_ACCESS
ReetFPS.exe,15040,DESKTOP-M4PIKSF\dani,0x00001730,Thread,,<Nonexistent process>(13856): 16436,READ_CONTROL|DELETE|SYNCHRONIZE|WRITE_DAC|WRITE_OWNER|THREAD_ALL_ACCESS
ReetFPS.exe,15040,DESKTOP-M4PIKSF\dani,0x00001734,Thread,,<Nonexistent process>(13856): 16484,READ_CONTROL|DELETE|SYNCHRONIZE|WRITE_DAC|WRITE_OWNER|THREAD_ALL_ACCESS
ReetFPS.exe,15040,DESKTOP-M4PIKSF\dani,0x00001738,Thread,,<Nonexistent process>(13856): 16444,READ_CONTROL|DELETE|SYNCHRONIZE|WRITE_DAC|WRITE_OWNER|THREAD_ALL_ACCESS
ReetFPS.exe,15040,DESKTOP-M4PIKSF\dani,0x0000173C,Thread,,<Nonexistent process>(13856): 16464,READ_CONTROL|DELETE|SYNCHRONIZE|WRITE_DAC|WRITE_OWNER|THREAD_ALL_ACCESS
ReetFPS.exe,15040,DESKTOP-M4PIKSF\dani,0x00001740,Thread,,<Nonexistent process>(13856): 16448,READ_CONTROL|DELETE|SYNCHRONIZE|WRITE_DAC|WRITE_OWNER|THREAD_ALL_ACCESS
ReetFPS.exe,15040,DESKTOP-M4PIKSF\dani,0x00001744,Thread,,<Nonexistent process>(13856): 16472,READ_CONTROL|DELETE|SYNCHRONIZE|WRITE_DAC|WRITE_OWNER|THREAD_ALL_ACCESS
ReetFPS.exe,15040,DESKTOP-M4PIKSF\dani,0x00001748,Thread,,<Nonexistent process>(13856): 16452,READ_CONTROL|DELETE|SYNCHRONIZE|WRITE_DAC|WRITE_OWNER|THREAD_ALL_ACCESS
ReetFPS.exe,15040,DESKTOP-M4PIKSF\dani,0x0000174C,Thread,,<Nonexistent process>(13856): 16456,READ_CONTROL|DELETE|SYNCHRONIZE|WRITE_DAC|WRITE_OWNER|THREAD_ALL_ACCESS
ReetFPS.exe,15040,DESKTOP-M4PIKSF\dani,0x00001750,Thread,,<Nonexistent process>(13856): 16460,READ_CONTROL|DELETE|SYNCHRONIZE|WRITE_DAC|WRITE_OWNER|THREAD_ALL_ACCESS
ReetFPS.exe,15040,DESKTOP-M4PIKSF\dani,0x00001754,Thread,,<Nonexistent process>(13856): 16468,READ_CONTROL|DELETE|SYNCHRONIZE|WRITE_DAC|WRITE_OWNER|THREAD_ALL_ACCESS
ReetFPS.exe,15040,DESKTOP-M4PIKSF\dani,0x00001758,Thread,,<Nonexistent process>(13856): 16476,READ_CONTROL|DELETE|SYNCHRONIZE|WRITE_DAC|WRITE_OWNER|THREAD_ALL_ACCESS
ReetFPS.exe,15040,DESKTOP-M4PIKSF\dani,0x0000175C,Thread,,<Nonexistent process>(13856): 15488,READ_CONTROL|DELETE|SYNCHRONIZE|WRITE_DAC|WRITE_OWNER|THREAD_ALL_ACCESS
ReetFPS.exe,15040,DESKTOP-M4PIKSF\dani,0x00001760,Thread,,<Nonexistent process>(13856): 16480,READ_CONTROL|DELETE|SYNCHRONIZE|WRITE_DAC|WRITE_OWNER|THREAD_ALL_ACCESS
ReetFPS.exe,15040,DESKTOP-M4PIKSF\dani,0x00001764,Thread,,<Nonexistent process>(13856): 13364,READ_CONTROL|DELETE|SYNCHRONIZE|WRITE_DAC|WRITE_OWNER|THREAD_ALL_ACCESS
ReetFPS.exe,15040,DESKTOP-M4PIKSF\dani,0x00001768,Thread,,<Nonexistent process>(13856): 16488,READ_CONTROL|DELETE|SYNCHRONIZE|WRITE_DAC|WRITE_OWNER|THREAD_ALL_ACCESS
ReetFPS.exe,15040,DESKTOP-M4PIKSF\dani,0x0000176C,Thread,,<Nonexistent process>(13856): 16528,READ_CONTROL|DELETE|SYNCHRONIZE|WRITE_DAC|WRITE_OWNER|THREAD_ALL_ACCESS
ReetFPS.exe,15040,DESKTOP-M4PIKSF\dani,0x00001770,Thread,,<Nonexistent process>(13856): 16492,READ_CONTROL|DELETE|SYNCHRONIZE|WRITE_DAC|WRITE_OWNER|THREAD_ALL_ACCESS
ReetFPS.exe,15040,DESKTOP-M4PIKSF\dani,0x00001774,Thread,,<Nonexistent process>(13856): 15480,READ_CONTROL|DELETE|SYNCHRONIZE|WRITE_DAC|WRITE_OWNER|THREAD_ALL_ACCESS
ReetFPS.exe,15040,DESKTOP-M4PIKSF\dani,0x00001778,Thread,,<Nonexistent process>(13856): 15500,READ_CONTROL|DELETE|SYNCHRONIZE|WRITE_DAC|WRITE_OWNER|THREAD_ALL_ACCESS
ReetFPS.exe,15040,DESKTOP-M4PIKSF\dani,0x0000177C,Thread,,<Nonexistent process>(13856): 15484,READ_CONTROL|DELETE|SYNCHRONIZE|WRITE_DAC|WRITE_OWNER|THREAD_ALL_ACCESS
ReetFPS.exe,15040,DESKTOP-M4PIKSF\dani,0x00001780,Thread,,<Nonexistent process>(13856): 17292,READ_CONTROL|DELETE|SYNCHRONIZE|WRITE_DAC|WRITE_OWNER|THREAD_ALL_ACCESS
ReetFPS.exe,15040,DESKTOP-M4PIKSF\dani,0x00001784,Thread,,<Nonexistent process>(13856): 16196,READ_CONTROL|DELETE|SYNCHRONIZE|WRITE_DAC|WRITE_OWNER|THREAD_ALL_ACCESS
ReetFPS.exe,15040,DESKTOP-M4PIKSF\dani,0x00001788,Thread,,<Nonexistent process>(13856): 5472,READ_CONTROL|DELETE|SYNCHRONIZE|WRITE_DAC|WRITE_OWNER|THREAD_ALL_ACCESS
ReetFPS.exe,15040,DESKTOP-M4PIKSF\dani,0x0000178C,Thread,,<Nonexistent process>(13856): 16328,READ_CONTROL|DELETE|SYNCHRONIZE|WRITE_DAC|WRITE_OWNER|THREAD_ALL_ACCESS
ReetFPS.exe,15040,DESKTOP-M4PIKSF\dani,0x00001790,Thread,,<Nonexistent process>(13856): 15328,READ_CONTROL|DELETE|SYNCHRONIZE|WRITE_DAC|WRITE_OWNER|THREAD_ALL_ACCESS
ReetFPS.exe,15040,DESKTOP-M4PIKSF\dani,0x00001794,Thread,,<Nonexistent process>(13856): 16200,READ_CONTROL|DELETE|SYNCHRONIZE|WRITE_DAC|WRITE_OWNER|THREAD_ALL_ACCESS
ReetFPS.exe,15040,DESKTOP-M4PIKSF\dani,0x00001798,Thread,,<Nonexistent process>(13856): 16144,READ_CONTROL|DELETE|SYNCHRONIZE|WRITE_DAC|WRITE_OWNER|THREAD_ALL_ACCESS
ReetFPS.exe,15040,DESKTOP-M4PIKSF\dani,0x0000179C,Thread,,<Nonexistent process>(13856): 7040,READ_CONTROL|DELETE|SYNCHRONIZE|WRITE_DAC|WRITE_OWNER|THREAD_ALL_ACCESS
ReetFPS.exe,15040,DESKTOP-M4PIKSF\dani,0x000017A0,Thread,,<Nonexistent process>(13856): 16204,READ_CONTROL|DELETE|SYNCHRONIZE|WRITE_DAC|WRITE_OWNER|THREAD_ALL_ACCESS
ReetFPS.exe,15040,DESKTOP-M4PIKSF\dani,0x000017A4,Thread,,<Nonexistent process>(13856): 16216,READ_CONTROL|DELETE|SYNCHRONIZE|WRITE_DAC|WRITE_OWNER|THREAD_ALL_ACCESS
ReetFPS.exe,15040,DESKTOP-M4PIKSF\dani,0x000017A8,Thread,,<Nonexistent process>(13856): 16240,READ_CONTROL|DELETE|SYNCHRONIZE|WRITE_DAC|WRITE_OWNER|THREAD_ALL_ACCESS
ReetFPS.exe,15040,DESKTOP-M4PIKSF\dani,0x000017AC,Thread,,<Nonexistent process>(13856): 16288,READ_CONTROL|DELETE|SYNCHRONIZE|WRITE_DAC|WRITE_OWNER|THREAD_ALL_ACCESS
ReetFPS.exe,15040,DESKTOP-M4PIKSF\dani,0x000017B0,Thread,,<Nonexistent process>(13856): 16380,READ_CONTROL|DELETE|SYNCHRONIZE|WRITE_DAC|WRITE_OWNER|THREAD_ALL_ACCESS
ReetFPS.exe,15040,DESKTOP-M4PIKSF\dani,0x000017B4,Thread,,<Nonexistent process>(13856): 16260,READ_CONTROL|DELETE|SYNCHRONIZE|WRITE_DAC|WRITE_OWNER|THREAD_ALL_ACCESS
ReetFPS.exe,15040,DESKTOP-M4PIKSF\dani,0x000017B8,Thread,,<Nonexistent process>(13856): 16272,READ_CONTROL|DELETE|SYNCHRONIZE|WRITE_DAC|WRITE_OWNER|THREAD_ALL_ACCESS
ReetFPS.exe,15040,DESKTOP-M4PIKSF\dani,0x000017BC,Thread,,<Nonexistent process>(13856): 16268,READ_CONTROL|DELETE|SYNCHRONIZE|WRITE_DAC|WRITE_OWNER|THREAD_ALL_ACCESS
ReetFPS.exe,15040,DESKTOP-M4PIKSF\dani,0x000017C0,Thread,,<Nonexistent process>(13856): 16188,READ_CONTROL|DELETE|SYNCHRONIZE|WRITE_DAC|WRITE_OWNER|THREAD_ALL_ACCESS
ReetFPS.exe,15040,DESKTOP-M4PIKSF\dani,0x000017C4,Thread,,<Nonexistent process>(13856): 16292,READ_CONTROL|DELETE|SYNCHRONIZE|WRITE_DAC|WRITE_OWNER|THREAD_ALL_ACCESS
ReetFPS.exe,15040,DESKTOP-M4PIKSF\dani,0x000017C8,Thread,,<Nonexistent process>(13856): 15616,READ_CONTROL|DELETE|SYNCHRONIZE|WRITE_DAC|WRITE_OWNER|THREAD_ALL_ACCESS
ReetFPS.exe,15040,DESKTOP-M4PIKSF\dani,0x000017CC,Thread,,<Nonexistent process>(13856): 16284,READ_CONTROL|DELETE|SYNCHRONIZE|WRITE_DAC|WRITE_OWNER|THREAD_ALL_ACCESS
ReetFPS.exe,15040,DESKTOP-M4PIKSF\dani,0x000017D0,Thread,,<Nonexistent process>(13856): 16232,READ_CONTROL|DELETE|SYNCHRONIZE|WRITE_DAC|WRITE_OWNER|THREAD_ALL_ACCESS
ReetFPS.exe,15040,DESKTOP-M4PIKSF\dani,0x000017D4,Thread,,<Nonexistent process>(13856): 15400,READ_CONTROL|DELETE|SYNCHRONIZE|WRITE_DAC|WRITE_OWNER|THREAD_ALL_ACCESS
ReetFPS.exe,15040,DESKTOP-M4PIKSF\dani,0x000017D8,Thread,,<Nonexistent process>(13856): 16276,READ_CONTROL|DELETE|SYNCHRONIZE|WRITE_DAC|WRITE_OWNER|THREAD_ALL_ACCESS
ReetFPS.exe,15040,DESKTOP-M4PIKSF\dani,0x000017DC,Thread,,<Nonexistent process>(13856): 15396,READ_CONTROL|DELETE|SYNCHRONIZE|WRITE_DAC|WRITE_OWNER|THREAD_ALL_ACCESS
ReetFPS.exe,15040,DESKTOP-M4PIKSF\dani,0x000017E0,Thread,,<Nonexistent process>(13856): 15380,READ_CONTROL|DELETE|SYNCHRONIZE|WRITE_DAC|WRITE_OWNER|THREAD_ALL_ACCESS
ReetFPS.exe,15040,DESKTOP-M4PIKSF\dani,0x000017E4,Thread,,<Nonexistent process>(13856): 15384,READ_CONTROL|DELETE|SYNCHRONIZE|WRITE_DAC|WRITE_OWNER|THREAD_ALL_ACCESS
ReetFPS.exe,15040,DESKTOP-M4PIKSF\dani,0x000017E8,Thread,,<Nonexistent process>(13856): 16324,READ_CONTROL|DELETE|SYNCHRONIZE|WRITE_DAC|WRITE_OWNER|THREAD_ALL_ACCESS
ReetFPS.exe,15040,DESKTOP-M4PIKSF\dani,0x000017EC,Thread,,<Nonexistent process>(13856): 16280,READ_CONTROL|DELETE|SYNCHRONIZE|WRITE_DAC|WRITE_OWNER|THREAD_ALL_ACCESS
ReetFPS.exe,15040,DESKTOP-M4PIKSF\dani,0x000017F0,Thread,,<Nonexistent process>(13856): 16212,READ_CONTROL|DELETE|SYNCHRONIZE|WRITE_DAC|WRITE_OWNER|THREAD_ALL_ACCESS
ReetFPS.exe,15040,DESKTOP-M4PIKSF\dani,0x000017F4,Thread,,<Nonexistent process>(13856): 16228,READ_CONTROL|DELETE|SYNCHRONIZE|WRITE_DAC|WRITE_OWNER|THREAD_ALL_ACCESS
ReetFPS.exe,15040,DESKTOP-M4PIKSF\dani,0x000017F8,Thread,,<Nonexistent process>(13856): 16808,READ_CONTROL|DELETE|SYNCHRONIZE|WRITE_DAC|WRITE_OWNER|THREAD_ALL_ACCESS
ReetFPS.exe,15040,DESKTOP-M4PIKSF\dani,0x000017FC,Thread,,<Nonexistent process>(13856): 16264,READ_CONTROL|DELETE|SYNCHRONIZE|WRITE_DAC|WRITE_OWNER|THREAD_ALL_ACCESS
ReetFPS.exe,15040,DESKTOP-M4PIKSF\dani,0x00001804,Thread,,<Nonexistent process>(13856): 16356,READ_CONTROL|DELETE|SYNCHRONIZE|WRITE_DAC|WRITE_OWNER|THREAD_ALL_ACCESS
ReetFPS.exe,15040,DESKTOP-M4PIKSF\dani,0x00001808,Thread,,<Nonexistent process>(13856): 16252,READ_CONTROL|DELETE|SYNCHRONIZE|WRITE_DAC|WRITE_OWNER|THREAD_ALL_ACCESS
ReetFPS.exe,15040,DESKTOP-M4PIKSF\dani,0x0000180C,Thread,,<Nonexistent process>(13856): 6716,READ_CONTROL|DELETE|SYNCHRONIZE|WRITE_DAC|WRITE_OWNER|THREAD_ALL_ACCESS
ReetFPS.exe,15040,DESKTOP-M4PIKSF\dani,0x00001810,Thread,,<Nonexistent process>(13856): 16220,READ_CONTROL|DELETE|SYNCHRONIZE|WRITE_DAC|WRITE_OWNER|THREAD_ALL_ACCESS
ReetFPS.exe,15040,DESKTOP-M4PIKSF\dani,0x00001814,Thread,,<Nonexistent process>(13856): 16168,READ_CONTROL|DELETE|SYNCHRONIZE|WRITE_DAC|WRITE_OWNER|THREAD_ALL_ACCESS
ReetFPS.exe,15040,DESKTOP-M4PIKSF\dani,0x00001818,Thread,,<Nonexistent process>(13856): 16124,READ_CONTROL|DELETE|SYNCHRONIZE|WRITE_DAC|WRITE_OWNER|THREAD_ALL_ACCESS
ReetFPS.exe,15040,DESKTOP-M4PIKSF\dani,0x0000181C,Thread,,<Nonexistent process>(13856): 16192,READ_CONTROL|DELETE|SYNCHRONIZE|WRITE_DAC|WRITE_OWNER|THREAD_ALL_ACCESS
ReetFPS.exe,15040,DESKTOP-M4PIKSF\dani,0x00001820,Thread,,<Nonexistent process>(13856): 14840,READ_CONTROL|DELETE|SYNCHRONIZE|WRITE_DAC|WRITE_OWNER|THREAD_ALL_ACCESS
ReetFPS.exe,15040,DESKTOP-M4PIKSF\dani,0x00001824,Thread,,<Nonexistent process>(13856): 15724,READ_CONTROL|DELETE|SYNCHRONIZE|WRITE_DAC|WRITE_OWNER|THREAD_ALL_ACCESS
ReetFPS.exe,15040,DESKTOP-M4PIKSF\dani,0x00001828,Thread,,<Nonexistent process>(13856): 14764,READ_CONTROL|DELETE|SYNCHRONIZE|WRITE_DAC|WRITE_OWNER|THREAD_ALL_ACCESS
ReetFPS.exe,15040,DESKTOP-M4PIKSF\dani,0x0000182C,Thread,,<Nonexistent process>(13856): 16180,READ_CONTROL|DELETE|SYNCHRONIZE|WRITE_DAC|WRITE_OWNER|THREAD_ALL_ACCESS
ReetFPS.exe,15040,DESKTOP-M4PIKSF\dani,0x00001830,Thread,,<Nonexistent process>(13856): 16172,READ_CONTROL|DELETE|SYNCHRONIZE|WRITE_DAC|WRITE_OWNER|THREAD_ALL_ACCESS
ReetFPS.exe,15040,DESKTOP-M4PIKSF\dani,0x00001834,Thread,,<Nonexistent process>(13856): 16176,READ_CONTROL|DELETE|SYNCHRONIZE|WRITE_DAC|WRITE_OWNER|THREAD_ALL_ACCESS
ReetFPS.exe,15040,DESKTOP-M4PIKSF\dani,0x00001838,Thread,,<Nonexistent process>(13856): 16148,READ_CONTROL|DELETE|SYNCHRONIZE|WRITE_DAC|WRITE_OWNER|THREAD_ALL_ACCESS
ReetFPS.exe,15040,DESKTOP-M4PIKSF\dani,0x0000183C,Thread,,<Nonexistent process>(13856): 16184,READ_CONTROL|DELETE|SYNCHRONIZE|WRITE_DAC|WRITE_OWNER|THREAD_ALL_ACCESS
ReetFPS.exe,15040,DESKTOP-M4PIKSF\dani,0x00001840,Thread,,<Nonexistent process>(13856): 11744,READ_CONTROL|DELETE|SYNCHRONIZE|WRITE_DAC|WRITE_OWNER|THREAD_ALL_ACCESS
ReetFPS.exe,15040,DESKTOP-M4PIKSF\dani,0x00001844,Thread,,<Nonexistent process>(13856): 7316,READ_CONTROL|DELETE|SYNCHRONIZE|WRITE_DAC|WRITE_OWNER|THREAD_ALL_ACCESS
ReetFPS.exe,15040,DESKTOP-M4PIKSF\dani,0x00001848,Thread,,<Nonexistent process>(13856): 11576,READ_CONTROL|DELETE|SYNCHRONIZE|WRITE_DAC|WRITE_OWNER|THREAD_ALL_ACCESS
ReetFPS.exe,15040,DESKTOP-M4PIKSF\dani,0x0000184C,Thread,,<Nonexistent process>(13856): 14844,READ_CONTROL|DELETE|SYNCHRONIZE|WRITE_DAC|WRITE_OWNER|THREAD_ALL_ACCESS
ReetFPS.exe,15040,DESKTOP-M4PIKSF\dani,0x00001850,Thread,,<Nonexistent process>(13856): 13572,READ_CONTROL|DELETE|SYNCHRONIZE|WRITE_DAC|WRITE_OWNER|THREAD_ALL_ACCESS
ReetFPS.exe,15040,DESKTOP-M4PIKSF\dani,0x00001854,Thread,,<Nonexistent process>(13856): 13776,READ_CONTROL|DELETE|SYNCHRONIZE|WRITE_DAC|WRITE_OWNER|THREAD_ALL_ACCESS
ReetFPS.exe,15040,DESKTOP-M4PIKSF\dani,0x00001858,Thread,,<Nonexistent process>(13856): 15684,READ_CONTROL|DELETE|SYNCHRONIZE|WRITE_DAC|WRITE_OWNER|THREAD_ALL_ACCESS
ReetFPS.exe,15040,DESKTOP-M4PIKSF\dani,0x0000185C,Section,,,READ_CONTROL|DELETE|WRITE_DAC|WRITE_OWNER|QUERY|MAP_WRITE|MAP_READ
ReetFPS.exe,15040,DESKTOP-M4PIKSF\dani,0x00001860,Section,,,READ_CONTROL|DELETE|WRITE_DAC|WRITE_OWNER|QUERY|MAP_WRITE|MAP_READ
ReetFPS.exe,15040,DESKTOP-M4PIKSF\dani,0x00001864,Thread,,<Nonexistent process>(13856): 15356,READ_CONTROL|DELETE|SYNCHRONIZE|WRITE_DAC|WRITE_OWNER|THREAD_ALL_ACCESS
ReetFPS.exe,15040,DESKTOP-M4PIKSF\dani,0x00001868,Thread,,<Nonexistent process>(13856): 14468,READ_CONTROL|DELETE|SYNCHRONIZE|WRITE_DAC|WRITE_OWNER|THREAD_ALL_ACCESS
ReetFPS.exe,15040,DESKTOP-M4PIKSF\dani,0x0000186C,Thread,,<Nonexistent process>(13856): 16700,READ_CONTROL|DELETE|SYNCHRONIZE|WRITE_DAC|WRITE_OWNER|THREAD_ALL_ACCESS
ReetFPS.exe,15040,DESKTOP-M4PIKSF\dani,0x00001870,Thread,,<Nonexistent process>(13856): 16628,READ_CONTROL|DELETE|SYNCHRONIZE|WRITE_DAC|WRITE_OWNER|THREAD_ALL_ACCESS
ReetFPS.exe,15040,DESKTOP-M4PIKSF\dani,0x00001874,Thread,,<Nonexistent process>(13856): 16660,READ_CONTROL|DELETE|SYNCHRONIZE|WRITE_DAC|WRITE_OWNER|THREAD_ALL_ACCESS
ReetFPS.exe,15040,DESKTOP-M4PIKSF\dani,0x00001878,Thread,,<Nonexistent process>(13856): 15056,READ_CONTROL|DELETE|SYNCHRONIZE|WRITE_DAC|WRITE_OWNER|THREAD_ALL_ACCESS
ReetFPS.exe,15040,DESKTOP-M4PIKSF\dani,0x0000187C,Thread,,<Nonexistent process>(13856): 15816,READ_CONTROL|DELETE|SYNCHRONIZE|WRITE_DAC|WRITE_OWNER|THREAD_ALL_ACCESS
ReetFPS.exe,15040,DESKTOP-M4PIKSF\dani,0x00001880,Thread,,<Nonexistent process>(13856): 15316,READ_CONTROL|DELETE|SYNCHRONIZE|WRITE_DAC|WRITE_OWNER|THREAD_ALL_ACCESS
ReetFPS.exe,15040,DESKTOP-M4PIKSF\dani,0x00001884,Thread,,<Nonexistent process>(13856): 10120,READ_CONTROL|DELETE|SYNCHRONIZE|WRITE_DAC|WRITE_OWNER|THREAD_ALL_ACCESS
ReetFPS.exe,15040,DESKTOP-M4PIKSF\dani,0x00001888,Thread,,<Nonexistent process>(13856): 13876,READ_CONTROL|DELETE|SYNCHRONIZE|WRITE_DAC|WRITE_OWNER|THREAD_ALL_ACCESS
ReetFPS.exe,15040,DESKTOP-M4PIKSF\dani,0x0000188C,Thread,,<Nonexistent process>(13856): 13652,READ_CONTROL|DELETE|SYNCHRONIZE|WRITE_DAC|WRITE_OWNER|THREAD_ALL_ACCESS
ReetFPS.exe,15040,DESKTOP-M4PIKSF\dani,0x00001890,Thread,,<Nonexistent process>(13856): 8876,READ_CONTROL|DELETE|SYNCHRONIZE|WRITE_DAC|WRITE_OWNER|THREAD_ALL_ACCESS
ReetFPS.exe,15040,DESKTOP-M4PIKSF\dani,0x00001894,Thread,,<Nonexistent process>(13856): 3596,READ_CONTROL|DELETE|SYNCHRONIZE|WRITE_DAC|WRITE_OWNER|THREAD_ALL_ACCESS
ReetFPS.exe,15040,DESKTOP-M4PIKSF\dani,0x00001898,Thread,,<Nonexistent process>(13856): 14720,READ_CONTROL|DELETE|SYNCHRONIZE|WRITE_DAC|WRITE_OWNER|THREAD_ALL_ACCESS
ReetFPS.exe,15040,DESKTOP-M4PIKSF\dani,0x0000189C,Thread,,<Nonexistent process>(13856): 17028,READ_CONTROL|DELETE|SYNCHRONIZE|WRITE_DAC|WRITE_OWNER|THREAD_ALL_ACCESS
ReetFPS.exe,15040,DESKTOP-M4PIKSF\dani,0x000018A0,Thread,,<Nonexistent process>(13856): 15096,READ_CONTROL|DELETE|SYNCHRONIZE|WRITE_DAC|WRITE_OWNER|THREAD_ALL_ACCESS
ReetFPS.exe,15040,DESKTOP-M4PIKSF\dani,0x000018A4,Thread,,<Nonexistent process>(13856): 16624,READ_CONTROL|DELETE|SYNCHRONIZE|WRITE_DAC|WRITE_OWNER|THREAD_ALL_ACCESS
ReetFPS.exe,15040,DESKTOP-M4PIKSF\dani,0x000018A8,Thread,,<Nonexistent process>(13856): 16588,READ_CONTROL|DELETE|SYNCHRONIZE|WRITE_DAC|WRITE_OWNER|THREAD_ALL_ACCESS
ReetFPS.exe,15040,DESKTOP-M4PIKSF\dani,0x000018AC,Thread,,<Nonexistent process>(13856): 14964,READ_CONTROL|DELETE|SYNCHRONIZE|WRITE_DAC|WRITE_OWNER|THREAD_ALL_ACCESS
ReetFPS.exe,15040,DESKTOP-M4PIKSF\dani,0x000018B0,Thread,,<Nonexistent process>(13856): 8016,READ_CONTROL|DELETE|SYNCHRONIZE|WRITE_DAC|WRITE_OWNER|THREAD_ALL_ACCESS
ReetFPS.exe,15040,DESKTOP-M4PIKSF\dani,0x000018B4,Thread,,<Nonexistent process>(13856): 14848,READ_CONTROL|DELETE|SYNCHRONIZE|WRITE_DAC|WRITE_OWNER|THREAD_ALL_ACCESS
ReetFPS.exe,15040,DESKTOP-M4PIKSF\dani,0x000018B8,Thread,,<Nonexistent process>(13856): 7964,READ_CONTROL|DELETE|SYNCHRONIZE|WRITE_DAC|WRITE_OWNER|THREAD_ALL_ACCESS
ReetFPS.exe,15040,DESKTOP-M4PIKSF\dani,0x000018BC,Thread,,<Nonexistent process>(13856): 9168,READ_CONTROL|DELETE|SYNCHRONIZE|WRITE_DAC|WRITE_OWNER|THREAD_ALL_ACCESS
ReetFPS.exe,15040,DESKTOP-M4PIKSF\dani,0x000018C0,Thread,,<Nonexistent process>(13856): 12620,READ_CONTROL|DELETE|SYNCHRONIZE|WRITE_DAC|WRITE_OWNER|THREAD_ALL_ACCESS
ReetFPS.exe,15040,DESKTOP-M4PIKSF\dani,0x000018C4,Thread,,<Nonexistent process>(13856): 17188,READ_CONTROL|DELETE|SYNCHRONIZE|WRITE_DAC|WRITE_OWNER|THREAD_ALL_ACCESS
ReetFPS.exe,15040,DESKTOP-M4PIKSF\dani,0x000018C8,Thread,,<Nonexistent process>(13856): 12700,READ_CONTROL|DELETE|SYNCHRONIZE|WRITE_DAC|WRITE_OWNER|THREAD_ALL_ACCESS
ReetFPS.exe,15040,DESKTOP-M4PIKSF\dani,0x000018CC,Thread,,<Nonexistent process>(13856): 16976,READ_CONTROL|DELETE|SYNCHRONIZE|WRITE_DAC|WRITE_OWNER|THREAD_ALL_ACCESS
ReetFPS.exe,15040,DESKTOP-M4PIKSF\dani,0x000018D0,Thread,,<Nonexistent process>(13856): 16096,READ_CONTROL|DELETE|SYNCHRONIZE|WRITE_DAC|WRITE_OWNER|THREAD_ALL_ACCESS
ReetFPS.exe,15040,DESKTOP-M4PIKSF\dani,0x000018D4,Section,,,READ_CONTROL|DELETE|WRITE_DAC|WRITE_OWNER|QUERY|MAP_WRITE|MAP_READ
ReetFPS.exe,15040,DESKTOP-M4PIKSF\dani,0x000018D8,Section,,,READ_CONTROL|DELETE|WRITE_DAC|WRITE_OWNER|QUERY|MAP_WRITE|MAP_READ
ReetFPS.exe,15040,DESKTOP-M4PIKSF\dani,0x000018DC,Thread,,<Nonexistent process>(13856): 14504,READ_CONTROL|DELETE|SYNCHRONIZE|WRITE_DAC|WRITE_OWNER|THREAD_ALL_ACCESS
ReetFPS.exe,15040,DESKTOP-M4PIKSF\dani,0x000018E0,Section,,,READ_CONTROL|DELETE|WRITE_DAC|WRITE_OWNER|QUERY|MAP_WRITE|MAP_READ
ReetFPS.exe,15040,DESKTOP-M4PIKSF\dani,0x000018E4,Thread,,<Nonexistent process>(13856): 15152,READ_CONTROL|DELETE|SYNCHRONIZE|WRITE_DAC|WRITE_OWNER|THREAD_ALL_ACCESS
ReetFPS.exe,15040,DESKTOP-M4PIKSF\dani,0x000018E8,Thread,,<Nonexistent process>(13856): 13328,READ_CONTROL|DELETE|SYNCHRONIZE|WRITE_DAC|WRITE_OWNER|THREAD_ALL_ACCESS
ReetFPS.exe,15040,DESKTOP-M4PIKSF\dani,0x000018EC,Section,,,READ_CONTROL|DELETE|WRITE_DAC|WRITE_OWNER|QUERY|MAP_WRITE|MAP_READ
ReetFPS.exe,15040,DESKTOP-M4PIKSF\dani,0x000018F0,Thread,,<Nonexistent process>(13856): 14428,READ_CONTROL|DELETE|SYNCHRONIZE|WRITE_DAC|WRITE_OWNER|THREAD_ALL_ACCESS
ReetFPS.exe,15040,DESKTOP-M4PIKSF\dani,0x000018F4,Thread,,<Nonexistent process>(13856): 14464,READ_CONTROL|DELETE|SYNCHRONIZE|WRITE_DAC|WRITE_OWNER|THREAD_ALL_ACCESS
ReetFPS.exe,15040,DESKTOP-M4PIKSF\dani,0x000018F8,Thread,,<Nonexistent process>(13856): 16960,READ_CONTROL|DELETE|SYNCHRONIZE|WRITE_DAC|WRITE_OWNER|THREAD_ALL_ACCESS
ReetFPS.exe,15040,DESKTOP-M4PIKSF\dani,0x000018FC,Thread,,<Nonexistent process>(13856): 16908,READ_CONTROL|DELETE|SYNCHRONIZE|WRITE_DAC|WRITE_OWNER|THREAD_ALL_ACCESS
ReetFPS.exe,15040,DESKTOP-M4PIKSF\dani,0x00001900,Thread,,<Nonexistent process>(13856): 13760,READ_CONTROL|DELETE|SYNCHRONIZE|WRITE_DAC|WRITE_OWNER|THREAD_ALL_ACCESS
ReetFPS.exe,15040,DESKTOP-M4PIKSF\dani,0x00001904,Thread,,<Nonexistent process>(13856): 15132,READ_CONTROL|DELETE|SYNCHRONIZE|WRITE_DAC|WRITE_OWNER|THREAD_ALL_ACCESS
ReetFPS.exe,15040,DESKTOP-M4PIKSF\dani,0x00001908,Section,,,READ_CONTROL|DELETE|WRITE_DAC|WRITE_OWNER|QUERY|MAP_WRITE|MAP_READ
ReetFPS.exe,15040,DESKTOP-M4PIKSF\dani,0x0000190C,Thread,,<Nonexistent process>(13856): 17272,READ_CONTROL|DELETE|SYNCHRONIZE|WRITE_DAC|WRITE_OWNER|THREAD_ALL_ACCESS
ReetFPS.exe,15040,DESKTOP-M4PIKSF\dani,0x00001910,Thread,,<Nonexistent process>(13856): 17384,READ_CONTROL|DELETE|SYNCHRONIZE|WRITE_DAC|WRITE_OWNER|THREAD_ALL_ACCESS
ReetFPS.exe,15040,DESKTOP-M4PIKSF\dani,0x00001914,Thread,,<Nonexistent process>(13856): 16348,READ_CONTROL|DELETE|SYNCHRONIZE|WRITE_DAC|WRITE_OWNER|THREAD_ALL_ACCESS
ReetFPS.exe,15040,DESKTOP-M4PIKSF\dani,0x00001918,Thread,,<Nonexistent process>(13856): 16000,READ_CONTROL|DELETE|SYNCHRONIZE|WRITE_DAC|WRITE_OWNER|THREAD_ALL_ACCESS
ReetFPS.exe,15040,DESKTOP-M4PIKSF\dani,0x0000191C,Section,,,READ_CONTROL|DELETE|WRITE_DAC|WRITE_OWNER|QUERY|MAP_WRITE|MAP_READ
ReetFPS.exe,15040,DESKTOP-M4PIKSF\dani,0x00001920,Section,,,READ_CONTROL|DELETE|WRITE_DAC|WRITE_OWNER|QUERY|MAP_WRITE|MAP_READ
ReetFPS.exe,15040,DESKTOP-M4PIKSF\dani,0x00001924,Section,,,READ_CONTROL|DELETE|WRITE_DAC|WRITE_OWNER|QUERY|MAP_WRITE|MAP_READ
ReetFPS.exe,15040,DESKTOP-M4PIKSF\dani,0x00001928,Section,,,READ_CONTROL|DELETE|WRITE_DAC|WRITE_OWNER|QUERY|MAP_WRITE|MAP_READ
ReetFPS.exe,15040,DESKTOP-M4PIKSF\dani,0x0000192C,Section,,,READ_CONTROL|DELETE|WRITE_DAC|WRITE_OWNER|QUERY|MAP_WRITE|MAP_READ
ReetFPS.exe,15040,DESKTOP-M4PIKSF\dani,0x00001930,Section,,,READ_CONTROL|DELETE|WRITE_DAC|WRITE_OWNER|QUERY|MAP_WRITE|MAP_READ
ReetFPS.exe,15040,DESKTOP-M4PIKSF\dani,0x00001934,Section,,,READ_CONTROL|DELETE|WRITE_DAC|WRITE_OWNER|QUERY|MAP_WRITE|MAP_READ
ReetFPS.exe,15040,DESKTOP-M4PIKSF\dani,0x00001938,Section,,,READ_CONTROL|DELETE|WRITE_DAC|WRITE_OWNER|QUERY|MAP_WRITE|MAP_READ
ReetFPS.exe,15040,DESKTOP-M4PIKSF\dani,0x0000193C,Section,,,READ_CONTROL|DELETE|WRITE_DAC|WRITE_OWNER|QUERY|MAP_WRITE|MAP_READ
ReetFPS.exe,15040,DESKTOP-M4PIKSF\dani,0x00001940,Section,,,READ_CONTROL|DELETE|WRITE_DAC|WRITE_OWNER|QUERY|MAP_WRITE|MAP_READ
ReetFPS.exe,15040,DESKTOP-M4PIKSF\dani,0x00001944,Section,,,READ_CONTROL|DELETE|WRITE_DAC|WRITE_OWNER|QUERY|MAP_WRITE|MAP_READ
ReetFPS.exe,15040,DESKTOP-M4PIKSF\dani,0x00001948,Section,,,READ_CONTROL|DELETE|WRITE_DAC|WRITE_OWNER|QUERY|MAP_WRITE|MAP_READ
ReetFPS.exe,15040,DESKTOP-M4PIKSF\dani,0x0000194C,Section,,,READ_CONTROL|DELETE|WRITE_DAC|WRITE_OWNER|QUERY|MAP_WRITE|MAP_READ
ReetFPS.exe,15040,DESKTOP-M4PIKSF\dani,0x00001950,Section,,,READ_CONTROL|DELETE|WRITE_DAC|WRITE_OWNER|QUERY|MAP_WRITE|MAP_READ
ReetFPS.exe,15040,DESKTOP-M4PIKSF\dani,0x00001954,Section,,,READ_CONTROL|DELETE|WRITE_DAC|WRITE_OWNER|QUERY|MAP_WRITE|MAP_READ
ReetFPS.exe,15040,DESKTOP-M4PIKSF\dani,0x00001958,Section,,,READ_CONTROL|DELETE|WRITE_DAC|WRITE_OWNER|QUERY|MAP_WRITE|MAP_READ
ReetFPS.exe,15040,DESKTOP-M4PIKSF\dani,0x0000195C,Section,,,READ_CONTROL|DELETE|WRITE_DAC|WRITE_OWNER|QUERY|MAP_WRITE|MAP_READ
ReetFPS.exe,15040,DESKTOP-M4PIKSF\dani,0x00001960,Section,,,READ_CONTROL|DELETE|WRITE_DAC|WRITE_OWNER|QUERY|MAP_WRITE|MAP_READ
ReetFPS.exe,15040,DESKTOP-M4PIKSF\dani,0x00001964,Section,,,READ_CONTROL|DELETE|WRITE_DAC|WRITE_OWNER|QUERY|MAP_WRITE|MAP_READ
ReetFPS.exe,15040,DESKTOP-M4PIKSF\dani,0x00001968,Section,,,READ_CONTROL|DELETE|WRITE_DAC|WRITE_OWNER|QUERY|MAP_WRITE|MAP_READ
ReetFPS.exe,15040,DESKTOP-M4PIKSF\dani,0x0000196C,Section,,,READ_CONTROL|DELETE|WRITE_DAC|WRITE_OWNER|QUERY|MAP_WRITE|MAP_READ
ReetFPS.exe,15040,DESKTOP-M4PIKSF\dani,0x00001970,Section,,,READ_CONTROL|DELETE|WRITE_DAC|WRITE_OWNER|QUERY|MAP_WRITE|MAP_READ
ReetFPS.exe,15040,DESKTOP-M4PIKSF\dani,0x00001974,Section,,,READ_CONTROL|DELETE|WRITE_DAC|WRITE_OWNER|QUERY|MAP_WRITE|MAP_READ
ReetFPS.exe,15040,DESKTOP-M4PIKSF\dani,0x00001978,Section,,,READ_CONTROL|DELETE|WRITE_DAC|WRITE_OWNER|QUERY|MAP_WRITE|MAP_READ
ReetFPS.exe,15040,DESKTOP-M4PIKSF\dani,0x0000197C,Section,,,READ_CONTROL|DELETE|WRITE_DAC|WRITE_OWNER|QUERY|MAP_WRITE|MAP_READ
ReetFPS.exe,15040,DESKTOP-M4PIKSF\dani,0x00001980,Section,,,READ_CONTROL|DELETE|WRITE_DAC|WRITE_OWNER|QUERY|MAP_WRITE|MAP_READ
ReetFPS.exe,15040,DESKTOP-M4PIKSF\dani,0x00001984,Section,,,READ_CONTROL|DELETE|WRITE_DAC|WRITE_OWNER|QUERY|MAP_WRITE|MAP_READ
ReetFPS.exe,15040,DESKTOP-M4PIKSF\dani,0x00001988,Section,,,READ_CONTROL|DELETE|WRITE_DAC|WRITE_OWNER|QUERY|MAP_WRITE|MAP_READ
ReetFPS.exe,15040,DESKTOP-M4PIKSF\dani,0x0000198C,Section,,,READ_CONTROL|DELETE|WRITE_DAC|WRITE_OWNER|QUERY|MAP_WRITE|MAP_READ
ReetFPS.exe,15040,DESKTOP-M4PIKSF\dani,0x00001990,Section,,,READ_CONTROL|DELETE|WRITE_DAC|WRITE_OWNER|QUERY|MAP_WRITE|MAP_READ
ReetFPS.exe,15040,DESKTOP-M4PIKSF\dani,0x00001994,Section,,,READ_CONTROL|DELETE|WRITE_DAC|WRITE_OWNER|QUERY|MAP_WRITE|MAP_READ
ReetFPS.exe,15040,DESKTOP-M4PIKSF\dani,0x00001998,Section,,,READ_CONTROL|DELETE|WRITE_DAC|WRITE_OWNER|QUERY|MAP_WRITE|MAP_READ
ReetFPS.exe,15040,DESKTOP-M4PIKSF\dani,0x0000199C,Section,,,READ_CONTROL|DELETE|WRITE_DAC|WRITE_OWNER|QUERY|MAP_WRITE|MAP_READ
ReetFPS.exe,15040,DESKTOP-M4PIKSF\dani,0x000019A0,Section,,,READ_CONTROL|DELETE|WRITE_DAC|WRITE_OWNER|QUERY|MAP_WRITE|MAP_READ
ReetFPS.exe,15040,DESKTOP-M4PIKSF\dani,0x000019A4,Section,,,READ_CONTROL|DELETE|WRITE_DAC|WRITE_OWNER|QUERY|MAP_WRITE|MAP_READ
ReetFPS.exe,15040,DESKTOP-M4PIKSF\dani,0x000019A8,Section,,,READ_CONTROL|DELETE|WRITE_DAC|WRITE_OWNER|QUERY|MAP_WRITE|MAP_READ
ReetFPS.exe,15040,DESKTOP-M4PIKSF\dani,0x000019AC,Section,,,READ_CONTROL|DELETE|WRITE_DAC|WRITE_OWNER|QUERY|MAP_WRITE|MAP_READ
ReetFPS.exe,15040,DESKTOP-M4PIKSF\dani,0x000019B0,Section,,,READ_CONTROL|DELETE|WRITE_DAC|WRITE_OWNER|QUERY|MAP_WRITE|MAP_READ
ReetFPS.exe,15040,DESKTOP-M4PIKSF\dani,0x000019B4,Section,,,READ_CONTROL|DELETE|WRITE_DAC|WRITE_OWNER|QUERY|MAP_WRITE|MAP_READ
ReetFPS.exe,15040,DESKTOP-M4PIKSF\dani,0x000019B8,Section,,,READ_CONTROL|DELETE|WRITE_DAC|WRITE_OWNER|QUERY|MAP_WRITE|MAP_READ
ReetFPS.exe,15040,DESKTOP-M4PIKSF\dani,0x000019BC,Section,,,READ_CONTROL|DELETE|WRITE_DAC|WRITE_OWNER|QUERY|MAP_WRITE|MAP_READ
ReetFPS.exe,15040,DESKTOP-M4PIKSF\dani,0x000019C0,Section,,,READ_CONTROL|DELETE|WRITE_DAC|WRITE_OWNER|QUERY|MAP_WRITE|MAP_READ
ReetFPS.exe,15040,DESKTOP-M4PIKSF\dani,0x000019C4,Section,,,READ_CONTROL|DELETE|WRITE_DAC|WRITE_OWNER|QUERY|MAP_WRITE|MAP_READ
ReetFPS.exe,15040,DESKTOP-M4PIKSF\dani,0x000019C8,Section,,,READ_CONTROL|DELETE|WRITE_DAC|WRITE_OWNER|QUERY|MAP_WRITE|MAP_READ
ReetFPS.exe,15040,DESKTOP-M4PIKSF\dani,0x000019CC,Section,,,READ_CONTROL|DELETE|WRITE_DAC|WRITE_OWNER|QUERY|MAP_WRITE|MAP_READ
ReetFPS.exe,15040,DESKTOP-M4PIKSF\dani,0x000019D0,Section,,,READ_CONTROL|DELETE|WRITE_DAC|WRITE_OWNER|QUERY|MAP_WRITE|MAP_READ
ReetFPS.exe,15040,DESKTOP-M4PIKSF\dani,0x000019D4,Section,,,READ_CONTROL|DELETE|WRITE_DAC|WRITE_OWNER|QUERY|MAP_WRITE|MAP_READ
ReetFPS.exe,15040,DESKTOP-M4PIKSF\dani,0x000019D8,Section,,,READ_CONTROL|DELETE|WRITE_DAC|WRITE_OWNER|QUERY|MAP_WRITE|MAP_READ
ReetFPS.exe,15040,DESKTOP-M4PIKSF\dani,0x000019DC,Section,,,READ_CONTROL|DELETE|WRITE_DAC|WRITE_OWNER|QUERY|MAP_WRITE|MAP_READ
ReetFPS.exe,15040,DESKTOP-M4PIKSF\dani,0x000019E0,Section,,,READ_CONTROL|DELETE|WRITE_DAC|WRITE_OWNER|QUERY|MAP_WRITE|MAP_READ
ReetFPS.exe,15040,DESKTOP-M4PIKSF\dani,0x000019E4,Section,,,READ_CONTROL|DELETE|WRITE_DAC|WRITE_OWNER|QUERY|MAP_WRITE|MAP_READ
ReetFPS.exe,15040,DESKTOP-M4PIKSF\dani,0x000019E8,Section,,,READ_CONTROL|DELETE|WRITE_DAC|WRITE_OWNER|QUERY|MAP_WRITE|MAP_READ
ReetFPS.exe,15040,DESKTOP-M4PIKSF\dani,0x000019EC,Section,,,READ_CONTROL|DELETE|WRITE_DAC|WRITE_OWNER|QUERY|MAP_WRITE|MAP_READ
ReetFPS.exe,15040,DESKTOP-M4PIKSF\dani,0x000019F0,Section,,,READ_CONTROL|DELETE|WRITE_DAC|WRITE_OWNER|QUERY|MAP_WRITE|MAP_READ
ReetFPS.exe,15040,DESKTOP-M4PIKSF\dani,0x000019F4,Section,,,READ_CONTROL|DELETE|WRITE_DAC|WRITE_OWNER|QUERY|MAP_WRITE|MAP_READ
ReetFPS.exe,15040,DESKTOP-M4PIKSF\dani,0x000019F8,Section,,,READ_CONTROL|DELETE|WRITE_DAC|WRITE_OWNER|QUERY|MAP_WRITE|MAP_READ
ReetFPS.exe,15040,DESKTOP-M4PIKSF\dani,0x000019FC,Section,,,READ_CONTROL|DELETE|WRITE_DAC|WRITE_OWNER|QUERY|MAP_WRITE|MAP_READ
ReetFPS.exe,15040,DESKTOP-M4PIKSF\dani,0x00001A00,Section,,,READ_CONTROL|DELETE|WRITE_DAC|WRITE_OWNER|QUERY|MAP_WRITE|MAP_READ
ReetFPS.exe,15040,DESKTOP-M4PIKSF\dani,0x00001A04,Section,,,READ_CONTROL|DELETE|WRITE_DAC|WRITE_OWNER|QUERY|MAP_WRITE|MAP_READ
ReetFPS.exe,15040,DESKTOP-M4PIKSF\dani,0x00001A08,Section,,,READ_CONTROL|DELETE|WRITE_DAC|WRITE_OWNER|QUERY|MAP_WRITE|MAP_READ
ReetFPS.exe,15040,DESKTOP-M4PIKSF\dani,0x00001A0C,Section,,,READ_CONTROL|DELETE|WRITE_DAC|WRITE_OWNER|QUERY|MAP_WRITE|MAP_READ
ReetFPS.exe,15040,DESKTOP-M4PIKSF\dani,0x00001A10,Section,,,READ_CONTROL|DELETE|WRITE_DAC|WRITE_OWNER|QUERY|MAP_WRITE|MAP_READ
ReetFPS.exe,15040,DESKTOP-M4PIKSF\dani,0x00001A14,Section,,,READ_CONTROL|DELETE|WRITE_DAC|WRITE_OWNER|QUERY|MAP_WRITE|MAP_READ
ReetFPS.exe,15040,DESKTOP-M4PIKSF\dani,0x00001A18,Section,,,READ_CONTROL|DELETE|WRITE_DAC|WRITE_OWNER|QUERY|MAP_WRITE|MAP_READ
ReetFPS.exe,15040,DESKTOP-M4PIKSF\dani,0x00001A1C,Section,,,READ_CONTROL|DELETE|WRITE_DAC|WRITE_OWNER|QUERY|MAP_WRITE|MAP_READ
ReetFPS.exe,15040,DESKTOP-M4PIKSF\dani,0x00001A20,Section,,,READ_CONTROL|DELETE|WRITE_DAC|WRITE_OWNER|QUERY|MAP_WRITE|MAP_READ
ReetFPS.exe,15040,DESKTOP-M4PIKSF\dani,0x00001A24,Section,,,READ_CONTROL|DELETE|WRITE_DAC|WRITE_OWNER|QUERY|MAP_WRITE|MAP_READ
ReetFPS.exe,15040,DESKTOP-M4PIKSF\dani,0x00001A28,Section,,,READ_CONTROL|DELETE|WRITE_DAC|WRITE_OWNER|QUERY|MAP_WRITE|MAP_READ
ReetFPS.exe,15040,DESKTOP-M4PIKSF\dani,0x00001A2C,Section,,,READ_CONTROL|DELETE|WRITE_DAC|WRITE_OWNER|QUERY|MAP_WRITE|MAP_READ
ReetFPS.exe,15040,DESKTOP-M4PIKSF\dani,0x00001A30,Section,,,READ_CONTROL|DELETE|WRITE_DAC|WRITE_OWNER|QUERY|MAP_WRITE|MAP_READ
ReetFPS.exe,15040,DESKTOP-M4PIKSF\dani,0x00001A34,Section,,,READ_CONTROL|DELETE|WRITE_DAC|WRITE_OWNER|QUERY|MAP_WRITE|MAP_READ
ReetFPS.exe,15040,DESKTOP-M4PIKSF\dani,0x00001A38,Section,,,READ_CONTROL|DELETE|WRITE_DAC|WRITE_OWNER|QUERY|MAP_WRITE|MAP_READ
ReetFPS.exe,15040,DESKTOP-M4PIKSF\dani,0x00001A3C,Section,,,READ_CONTROL|DELETE|WRITE_DAC|WRITE_OWNER|QUERY|MAP_WRITE|MAP_READ
ReetFPS.exe,15040,DESKTOP-M4PIKSF\dani,0x00001A40,Section,,,READ_CONTROL|DELETE|WRITE_DAC|WRITE_OWNER|QUERY|MAP_WRITE|MAP_READ
ReetFPS.exe,15040,DESKTOP-M4PIKSF\dani,0x00001A44,Section,,,READ_CONTROL|DELETE|WRITE_DAC|WRITE_OWNER|QUERY|MAP_WRITE|MAP_READ
ReetFPS.exe,15040,DESKTOP-M4PIKSF\dani,0x00001A48,Section,,,READ_CONTROL|DELETE|WRITE_DAC|WRITE_OWNER|QUERY|MAP_WRITE|MAP_READ
ReetFPS.exe,15040,DESKTOP-M4PIKSF\dani,0x00001A4C,Section,,,READ_CONTROL|DELETE|WRITE_DAC|WRITE_OWNER|QUERY|MAP_WRITE|MAP_READ
ReetFPS.exe,15040,DESKTOP-M4PIKSF\dani,0x00001A50,Section,,,READ_CONTROL|DELETE|WRITE_DAC|WRITE_OWNER|QUERY|MAP_WRITE|MAP_READ
ReetFPS.exe,15040,DESKTOP-M4PIKSF\dani,0x00001A54,Section,,,READ_CONTROL|DELETE|WRITE_DAC|WRITE_OWNER|QUERY|MAP_WRITE|MAP_READ
ReetFPS.exe,15040,DESKTOP-M4PIKSF\dani,0x00001A58,Section,,,READ_CONTROL|DELETE|WRITE_DAC|WRITE_OWNER|QUERY|MAP_WRITE|MAP_READ
ReetFPS.exe,15040,DESKTOP-M4PIKSF\dani,0x00001A5C,Section,,,READ_CONTROL|DELETE|WRITE_DAC|WRITE_OWNER|QUERY|MAP_WRITE|MAP_READ
ReetFPS.exe,15040,DESKTOP-M4PIKSF\dani,0x00001A60,Section,,,READ_CONTROL|DELETE|WRITE_DAC|WRITE_OWNER|QUERY|MAP_WRITE|MAP_READ
ReetFPS.exe,15040,DESKTOP-M4PIKSF\dani,0x00001A64,Section,,,READ_CONTROL|DELETE|WRITE_DAC|WRITE_OWNER|QUERY|MAP_WRITE|MAP_READ
ReetFPS.exe,15040,DESKTOP-M4PIKSF\dani,0x00001A68,Section,,,READ_CONTROL|DELETE|WRITE_DAC|WRITE_OWNER|QUERY|MAP_WRITE|MAP_READ
ReetFPS.exe,15040,DESKTOP-M4PIKSF\dani,0x00001A6C,Section,,,READ_CONTROL|DELETE|WRITE_DAC|WRITE_OWNER|QUERY|MAP_WRITE|MAP_READ
ReetFPS.exe,15040,DESKTOP-M4PIKSF\dani,0x00001A70,Section,,,READ_CONTROL|DELETE|WRITE_DAC|WRITE_OWNER|QUERY|MAP_WRITE|MAP_READ
ReetFPS.exe,15040,DESKTOP-M4PIKSF\dani,0x00001A74,Section,,,READ_CONTROL|DELETE|WRITE_DAC|WRITE_OWNER|QUERY|MAP_WRITE|MAP_READ
ReetFPS.exe,15040,DESKTOP-M4PIKSF\dani,0x00001A78,Section,,,READ_CONTROL|DELETE|WRITE_DAC|WRITE_OWNER|QUERY|MAP_WRITE|MAP_READ
ReetFPS.exe,15040,DESKTOP-M4PIKSF\dani,0x00001A7C,Section,,,READ_CONTROL|DELETE|WRITE_DAC|WRITE_OWNER|QUERY|MAP_WRITE|MAP_READ
ReetFPS.exe,15040,DESKTOP-M4PIKSF\dani,0x00001A80,Section,,,READ_CONTROL|DELETE|WRITE_DAC|WRITE_OWNER|QUERY|MAP_WRITE|MAP_READ
ReetFPS.exe,15040,DESKTOP-M4PIKSF\dani,0x00001A84,Section,,,READ_CONTROL|DELETE|WRITE_DAC|WRITE_OWNER|QUERY|MAP_WRITE|MAP_READ
ReetFPS.exe,15040,DESKTOP-M4PIKSF\dani,0x00001A88,Section,,,READ_CONTROL|DELETE|WRITE_DAC|WRITE_OWNER|QUERY|MAP_WRITE|MAP_READ
ReetFPS.exe,15040,DESKTOP-M4PIKSF\dani,0x00001A8C,Section,,,READ_CONTROL|DELETE|WRITE_DAC|WRITE_OWNER|QUERY|MAP_WRITE|MAP_READ
ReetFPS.exe,15040,DESKTOP-M4PIKSF\dani,0x00001A90,Section,,,READ_CONTROL|DELETE|WRITE_DAC|WRITE_OWNER|QUERY|MAP_WRITE|MAP_READ
ReetFPS.exe,15040,DESKTOP-M4PIKSF\dani,0x00001A94,Section,,,READ_CONTROL|DELETE|WRITE_DAC|WRITE_OWNER|QUERY|MAP_WRITE|MAP_READ
ReetFPS.exe,15040,DESKTOP-M4PIKSF\dani,0x00001A98,Section,,,READ_CONTROL|DELETE|WRITE_DAC|WRITE_OWNER|QUERY|MAP_WRITE|MAP_READ
ReetFPS.exe,15040,DESKTOP-M4PIKSF\dani,0x00001A9C,Section,,,READ_CONTROL|DELETE|WRITE_DAC|WRITE_OWNER|QUERY|MAP_WRITE|MAP_READ
ReetFPS.exe,15040,DESKTOP-M4PIKSF\dani,0x00001AA0,Section,,,READ_CONTROL|DELETE|WRITE_DAC|WRITE_OWNER|QUERY|MAP_WRITE|MAP_READ
ReetFPS.exe,15040,DESKTOP-M4PIKSF\dani,0x00001AA4,Section,,,READ_CONTROL|DELETE|WRITE_DAC|WRITE_OWNER|QUERY|MAP_WRITE|MAP_READ
ReetFPS.exe,15040,DESKTOP-M4PIKSF\dani,0x00001AA8,Section,,,READ_CONTROL|DELETE|WRITE_DAC|WRITE_OWNER|QUERY|MAP_WRITE|MAP_READ
ReetFPS.exe,15040,DESKTOP-M4PIKSF\dani,0x00001AAC,Section,,,READ_CONTROL|DELETE|WRITE_DAC|WRITE_OWNER|QUERY|MAP_WRITE|MAP_READ
ReetFPS.exe,15040,DESKTOP-M4PIKSF\dani,0x00001AB0,Section,,,READ_CONTROL|DELETE|WRITE_DAC|WRITE_OWNER|QUERY|MAP_WRITE|MAP_READ
ReetFPS.exe,15040,DESKTOP-M4PIKSF\dani,0x00001AB4,Section,,,READ_CONTROL|DELETE|WRITE_DAC|WRITE_OWNER|QUERY|MAP_WRITE|MAP_READ
ReetFPS.exe,15040,DESKTOP-M4PIKSF\dani,0x00001AB8,Section,,,READ_CONTROL|DELETE|WRITE_DAC|WRITE_OWNER|QUERY|MAP_WRITE|MAP_READ
ReetFPS.exe,15040,DESKTOP-M4PIKSF\dani,0x00001ABC,Section,,,READ_CONTROL|DELETE|WRITE_DAC|WRITE_OWNER|QUERY|MAP_WRITE|MAP_READ
ReetFPS.exe,15040,DESKTOP-M4PIKSF\dani,0x00001AC0,Section,,,READ_CONTROL|DELETE|WRITE_DAC|WRITE_OWNER|QUERY|MAP_WRITE|MAP_READ
ReetFPS.exe,15040,DESKTOP-M4PIKSF\dani,0x00001AC4,Section,,,READ_CONTROL|DELETE|WRITE_DAC|WRITE_OWNER|QUERY|MAP_WRITE|MAP_READ
ReetFPS.exe,15040,DESKTOP-M4PIKSF\dani,0x00001AC8,Section,,,READ_CONTROL|DELETE|WRITE_DAC|WRITE_OWNER|QUERY|MAP_WRITE|MAP_READ
ReetFPS.exe,15040,DESKTOP-M4PIKSF\dani,0x00001ACC,Section,,,READ_CONTROL|DELETE|WRITE_DAC|WRITE_OWNER|QUERY|MAP_WRITE|MAP_READ
ReetFPS.exe,15040,DESKTOP-M4PIKSF\dani,0x00001AD0,Section,,,READ_CONTROL|DELETE|WRITE_DAC|WRITE_OWNER|QUERY|MAP_WRITE|MAP_READ
ReetFPS.exe,15040,DESKTOP-M4PIKSF\dani,0x00001AD4,Section,,,READ_CONTROL|DELETE|WRITE_DAC|WRITE_OWNER|QUERY|MAP_WRITE|MAP_READ
ReetFPS.exe,15040,DESKTOP-M4PIKSF\dani,0x00001AD8,Section,,,READ_CONTROL|DELETE|WRITE_DAC|WRITE_OWNER|QUERY|MAP_WRITE|MAP_READ
ReetFPS.exe,15040,DESKTOP-M4PIKSF\dani,0x00001ADC,Section,,,READ_CONTROL|DELETE|WRITE_DAC|WRITE_OWNER|QUERY|MAP_WRITE|MAP_READ
ReetFPS.exe,15040,DESKTOP-M4PIKSF\dani,0x00001AE0,Section,,,READ_CONTROL|DELETE|WRITE_DAC|WRITE_OWNER|QUERY|MAP_WRITE|MAP_READ
ReetFPS.exe,15040,DESKTOP-M4PIKSF\dani,0x00001AE4,Section,,,READ_CONTROL|DELETE|WRITE_DAC|WRITE_OWNER|QUERY|MAP_WRITE|MAP_READ
ReetFPS.exe,15040,DESKTOP-M4PIKSF\dani,0x00001AE8,Section,,,READ_CONTROL|DELETE|WRITE_DAC|WRITE_OWNER|QUERY|MAP_WRITE|MAP_READ
ReetFPS.exe,15040,DESKTOP-M4PIKSF\dani,0x00001AEC,Section,,,READ_CONTROL|DELETE|WRITE_DAC|WRITE_OWNER|QUERY|MAP_WRITE|MAP_READ
ReetFPS.exe,15040,DESKTOP-M4PIKSF\dani,0x00001AF0,Section,,,READ_CONTROL|DELETE|WRITE_DAC|WRITE_OWNER|QUERY|MAP_WRITE|MAP_READ
ReetFPS.exe,15040,DESKTOP-M4PIKSF\dani,0x00001AF4,Section,,,READ_CONTROL|DELETE|WRITE_DAC|WRITE_OWNER|QUERY|MAP_WRITE|MAP_READ
ReetFPS.exe,15040,DESKTOP-M4PIKSF\dani,0x00001AF8,Section,,,READ_CONTROL|DELETE|WRITE_DAC|WRITE_OWNER|QUERY|MAP_WRITE|MAP_READ
ReetFPS.exe,15040,DESKTOP-M4PIKSF\dani,0x00001AFC,Section,,,READ_CONTROL|DELETE|WRITE_DAC|WRITE_OWNER|QUERY|MAP_WRITE|MAP_READ
ReetFPS.exe,15040,DESKTOP-M4PIKSF\dani,0x00001B00,Section,,,READ_CONTROL|DELETE|WRITE_DAC|WRITE_OWNER|QUERY|MAP_WRITE|MAP_READ
ReetFPS.exe,15040,DESKTOP-M4PIKSF\dani,0x00001B04,Section,,,READ_CONTROL|DELETE|WRITE_DAC|WRITE_OWNER|QUERY|MAP_WRITE|MAP_READ
ReetFPS.exe,15040,DESKTOP-M4PIKSF\dani,0x00001B08,Section,,,READ_CONTROL|DELETE|WRITE_DAC|WRITE_OWNER|QUERY|MAP_WRITE|MAP_READ
ReetFPS.exe,15040,DESKTOP-M4PIKSF\dani,0x00001B0C,Section,,,READ_CONTROL|DELETE|WRITE_DAC|WRITE_OWNER|QUERY|MAP_WRITE|MAP_READ
ReetFPS.exe,15040,DESKTOP-M4PIKSF\dani,0x00001B10,Section,,,READ_CONTROL|DELETE|WRITE_DAC|WRITE_OWNER|QUERY|MAP_WRITE|MAP_READ
ReetFPS.exe,15040,DESKTOP-M4PIKSF\dani,0x00001B14,Section,,,READ_CONTROL|DELETE|WRITE_DAC|WRITE_OWNER|QUERY|MAP_WRITE|MAP_READ
ReetFPS.exe,15040,DESKTOP-M4PIKSF\dani,0x00001B18,Section,,,READ_CONTROL|DELETE|WRITE_DAC|WRITE_OWNER|QUERY|MAP_WRITE|MAP_READ
ReetFPS.exe,15040,DESKTOP-M4PIKSF\dani,0x00001B1C,Section,,,READ_CONTROL|DELETE|WRITE_DAC|WRITE_OWNER|QUERY|MAP_WRITE|MAP_READ
ReetFPS.exe,15040,DESKTOP-M4PIKSF\dani,0x00001B20,Section,,,READ_CONTROL|DELETE|WRITE_DAC|WRITE_OWNER|QUERY|MAP_WRITE|MAP_READ
ReetFPS.exe,15040,DESKTOP-M4PIKSF\dani,0x00001B24,Section,,,READ_CONTROL|DELETE|WRITE_DAC|WRITE_OWNER|QUERY|MAP_WRITE|MAP_READ
ReetFPS.exe,15040,DESKTOP-M4PIKSF\dani,0x00001B28,Section,,,READ_CONTROL|DELETE|WRITE_DAC|WRITE_OWNER|QUERY|MAP_WRITE|MAP_READ
ReetFPS.exe,15040,DESKTOP-M4PIKSF\dani,0x00001B2C,Section,,,READ_CONTROL|DELETE|WRITE_DAC|WRITE_OWNER|QUERY|MAP_WRITE|MAP_READ
ReetFPS.exe,15040,DESKTOP-M4PIKSF\dani,0x00001B30,Section,,,READ_CONTROL|DELETE|WRITE_DAC|WRITE_OWNER|QUERY|MAP_WRITE|MAP_READ
ReetFPS.exe,15040,DESKTOP-M4PIKSF\dani,0x00001B34,Section,,,READ_CONTROL|DELETE|WRITE_DAC|WRITE_OWNER|QUERY|MAP_WRITE|MAP_READ
ReetFPS.exe,15040,DESKTOP-M4PIKSF\dani,0x00001B38,Section,,,READ_CONTROL|DELETE|WRITE_DAC|WRITE_OWNER|QUERY|MAP_WRITE|MAP_READ
ReetFPS.exe,15040,DESKTOP-M4PIKSF\dani,0x00001B3C,Section,,,READ_CONTROL|DELETE|WRITE_DAC|WRITE_OWNER|QUERY|MAP_WRITE|MAP_READ
ReetFPS.exe,15040,DESKTOP-M4PIKSF\dani,0x00001B40,Section,,,READ_CONTROL|DELETE|WRITE_DAC|WRITE_OWNER|QUERY|MAP_WRITE|MAP_READ
ReetFPS.exe,15040,DESKTOP-M4PIKSF\dani,0x00001B44,Section,,,READ_CONTROL|DELETE|WRITE_DAC|WRITE_OWNER|QUERY|MAP_WRITE|MAP_READ
ReetFPS.exe,15040,DESKTOP-M4PIKSF\dani,0x00001B48,Section,,,READ_CONTROL|DELETE|WRITE_DAC|WRITE_OWNER|QUERY|MAP_WRITE|MAP_READ
ReetFPS.exe,15040,DESKTOP-M4PIKSF\dani,0x00001B4C,Section,,,READ_CONTROL|DELETE|WRITE_DAC|WRITE_OWNER|QUERY|MAP_WRITE|MAP_READ
ReetFPS.exe,15040,DESKTOP-M4PIKSF\dani,0x00001B50,Section,,,READ_CONTROL|DELETE|WRITE_DAC|WRITE_OWNER|QUERY|MAP_WRITE|MAP_READ
ReetFPS.exe,15040,DESKTOP-M4PIKSF\dani,0x00001B54,Section,,,READ_CONTROL|DELETE|WRITE_DAC|WRITE_OWNER|QUERY|MAP_WRITE|MAP_READ
ReetFPS.exe,15040,DESKTOP-M4PIKSF\dani,0x00001B58,Section,,,READ_CONTROL|DELETE|WRITE_DAC|WRITE_OWNER|QUERY|MAP_WRITE|MAP_READ
ReetFPS.exe,15040,DESKTOP-M4PIKSF\dani,0x00001B5C,Section,,,READ_CONTROL|DELETE|WRITE_DAC|WRITE_OWNER|QUERY|MAP_WRITE|MAP_READ
ReetFPS.exe,15040,DESKTOP-M4PIKSF\dani,0x00001B60,Section,,,READ_CONTROL|DELETE|WRITE_DAC|WRITE_OWNER|QUERY|MAP_WRITE|MAP_READ
ReetFPS.exe,15040,DESKTOP-M4PIKSF\dani,0x00001B64,Section,,,READ_CONTROL|DELETE|WRITE_DAC|WRITE_OWNER|QUERY|MAP_WRITE|MAP_READ
ReetFPS.exe,15040,DESKTOP-M4PIKSF\dani,0x00001B68,Section,,,READ_CONTROL|DELETE|WRITE_DAC|WRITE_OWNER|QUERY|MAP_WRITE|MAP_READ
ReetFPS.exe,15040,DESKTOP-M4PIKSF\dani,0x00001B6C,Section,,,READ_CONTROL|DELETE|WRITE_DAC|WRITE_OWNER|QUERY|MAP_WRITE|MAP_READ
ReetFPS.exe,15040,DESKTOP-M4PIKSF\dani,0x00001B70,Section,,,READ_CONTROL|DELETE|WRITE_DAC|WRITE_OWNER|QUERY|MAP_WRITE|MAP_READ
ReetFPS.exe,15040,DESKTOP-M4PIKSF\dani,0x00001B74,Section,,,READ_CONTROL|DELETE|WRITE_DAC|WRITE_OWNER|QUERY|MAP_WRITE|MAP_READ
ReetFPS.exe,15040,DESKTOP-M4PIKSF\dani,0x00001B78,Section,,,READ_CONTROL|DELETE|WRITE_DAC|WRITE_OWNER|QUERY|MAP_WRITE|MAP_READ
ReetFPS.exe,15040,DESKTOP-M4PIKSF\dani,0x00001B7C,Section,,,READ_CONTROL|DELETE|WRITE_DAC|WRITE_OWNER|QUERY|MAP_WRITE|MAP_READ
ReetFPS.exe,15040,DESKTOP-M4PIKSF\dani,0x00001B80,Section,,,READ_CONTROL|DELETE|WRITE_DAC|WRITE_OWNER|QUERY|MAP_WRITE|MAP_READ
ReetFPS.exe,15040,DESKTOP-M4PIKSF\dani,0x00001B84,Section,,,READ_CONTROL|DELETE|WRITE_DAC|WRITE_OWNER|QUERY|MAP_WRITE|MAP_READ
ReetFPS.exe,15040,DESKTOP-M4PIKSF\dani,0x00001B88,Section,,,READ_CONTROL|DELETE|WRITE_DAC|WRITE_OWNER|QUERY|MAP_WRITE|MAP_READ
ReetFPS.exe,15040,DESKTOP-M4PIKSF\dani,0x00001B8C,Section,,,READ_CONTROL|DELETE|WRITE_DAC|WRITE_OWNER|QUERY|MAP_WRITE|MAP_READ
ReetFPS.exe,15040,DESKTOP-M4PIKSF\dani,0x00001B90,Section,,,READ_CONTROL|DELETE|WRITE_DAC|WRITE_OWNER|QUERY|MAP_WRITE|MAP_READ
ReetFPS.exe,15040,DESKTOP-M4PIKSF\dani,0x00001B94,Section,,,READ_CONTROL|DELETE|WRITE_DAC|WRITE_OWNER|QUERY|MAP_WRITE|MAP_READ
ReetFPS.exe,15040,DESKTOP-M4PIKSF\dani,0x00001B98,Section,,,READ_CONTROL|DELETE|WRITE_DAC|WRITE_OWNER|QUERY|MAP_WRITE|MAP_READ
ReetFPS.exe,15040,DESKTOP-M4PIKSF\dani,0x00001B9C,Section,,,READ_CONTROL|DELETE|WRITE_DAC|WRITE_OWNER|QUERY|MAP_WRITE|MAP_READ
ReetFPS.exe,15040,DESKTOP-M4PIKSF\dani,0x00001BA0,Section,,,READ_CONTROL|DELETE|WRITE_DAC|WRITE_OWNER|QUERY|MAP_WRITE|MAP_READ
ReetFPS.exe,15040,DESKTOP-M4PIKSF\dani,0x00001BA4,Section,,,READ_CONTROL|DELETE|WRITE_DAC|WRITE_OWNER|QUERY|MAP_WRITE|MAP_READ
ReetFPS.exe,15040,DESKTOP-M4PIKSF\dani,0x00001BA8,Section,,,READ_CONTROL|DELETE|WRITE_DAC|WRITE_OWNER|QUERY|MAP_WRITE|MAP_READ
ReetFPS.exe,15040,DESKTOP-M4PIKSF\dani,0x00001BAC,Section,,,READ_CONTROL|DELETE|WRITE_DAC|WRITE_OWNER|QUERY|MAP_WRITE|MAP_READ
ReetFPS.exe,15040,DESKTOP-M4PIKSF\dani,0x00001BB0,Section,,,READ_CONTROL|DELETE|WRITE_DAC|WRITE_OWNER|QUERY|MAP_WRITE|MAP_READ
ReetFPS.exe,15040,DESKTOP-M4PIKSF\dani,0x00001BB4,Section,,,READ_CONTROL|DELETE|WRITE_DAC|WRITE_OWNER|QUERY|MAP_WRITE|MAP_READ
ReetFPS.exe,15040,DESKTOP-M4PIKSF\dani,0x00001BB8,Section,,,READ_CONTROL|DELETE|WRITE_DAC|WRITE_OWNER|QUERY|MAP_WRITE|MAP_READ
ReetFPS.exe,15040,DESKTOP-M4PIKSF\dani,0x00001BBC,Section,,,READ_CONTROL|DELETE|WRITE_DAC|WRITE_OWNER|QUERY|MAP_WRITE|MAP_READ
ReetFPS.exe,15040,DESKTOP-M4PIKSF\dani,0x00001BC0,Section,,,READ_CONTROL|DELETE|WRITE_DAC|WRITE_OWNER|QUERY|MAP_WRITE|MAP_READ
ReetFPS.exe,15040,DESKTOP-M4PIKSF\dani,0x00001BC4,Section,,,READ_CONTROL|DELETE|WRITE_DAC|WRITE_OWNER|QUERY|MAP_WRITE|MAP_READ
ReetFPS.exe,15040,DESKTOP-M4PIKSF\dani,0x00001BC8,Section,,,READ_CONTROL|DELETE|WRITE_DAC|WRITE_OWNER|QUERY|MAP_WRITE|MAP_READ
ReetFPS.exe,15040,DESKTOP-M4PIKSF\dani,0x00001BCC,Section,,,READ_CONTROL|DELETE|WRITE_DAC|WRITE_OWNER|QUERY|MAP_WRITE|MAP_READ
ReetFPS.exe,15040,DESKTOP-M4PIKSF\dani,0x00001BD0,Section,,,READ_CONTROL|DELETE|WRITE_DAC|WRITE_OWNER|QUERY|MAP_WRITE|MAP_READ
ReetFPS.exe,15040,DESKTOP-M4PIKSF\dani,0x00001BD4,Section,,,READ_CONTROL|DELETE|WRITE_DAC|WRITE_OWNER|QUERY|MAP_WRITE|MAP_READ
ReetFPS.exe,15040,DESKTOP-M4PIKSF\dani,0x00001BD8,Section,,,READ_CONTROL|DELETE|WRITE_DAC|WRITE_OWNER|QUERY|MAP_WRITE|MAP_READ
ReetFPS.exe,15040,DESKTOP-M4PIKSF\dani,0x00001BDC,Section,,,READ_CONTROL|DELETE|WRITE_DAC|WRITE_OWNER|QUERY|MAP_WRITE|MAP_READ
ReetFPS.exe,15040,DESKTOP-M4PIKSF\dani,0x00001BE0,Section,,,READ_CONTROL|DELETE|WRITE_DAC|WRITE_OWNER|QUERY|MAP_WRITE|MAP_READ
ReetFPS.exe,15040,DESKTOP-M4PIKSF\dani,0x00001BE4,Section,,,READ_CONTROL|DELETE|WRITE_DAC|WRITE_OWNER|QUERY|MAP_WRITE|MAP_READ
ReetFPS.exe,15040,DESKTOP-M4PIKSF\dani,0x00001BE8,Section,,,READ_CONTROL|DELETE|WRITE_DAC|WRITE_OWNER|QUERY|MAP_WRITE|MAP_READ
ReetFPS.exe,15040,DESKTOP-M4PIKSF\dani,0x00001BEC,Section,,,READ_CONTROL|DELETE|WRITE_DAC|WRITE_OWNER|QUERY|MAP_WRITE|MAP_READ
ReetFPS.exe,15040,DESKTOP-M4PIKSF\dani,0x00001BF0,Section,,,READ_CONTROL|DELETE|WRITE_DAC|WRITE_OWNER|QUERY|MAP_WRITE|MAP_READ
ReetFPS.exe,15040,DESKTOP-M4PIKSF\dani,0x00001BF4,Section,,,READ_CONTROL|DELETE|WRITE_DAC|WRITE_OWNER|QUERY|MAP_WRITE|MAP_READ
ReetFPS.exe,15040,DESKTOP-M4PIKSF\dani,0x00001BF8,Section,,,READ_CONTROL|DELETE|WRITE_DAC|WRITE_OWNER|QUERY|MAP_WRITE|MAP_READ
ReetFPS.exe,15040,DESKTOP-M4PIKSF\dani,0x00001BFC,Section,,,READ_CONTROL|DELETE|WRITE_DAC|WRITE_OWNER|QUERY|MAP_WRITE|MAP_READ
ReetFPS.exe,15040,DESKTOP-M4PIKSF\dani,0x00001C04,Section,,,READ_CONTROL|DELETE|WRITE_DAC|WRITE_OWNER|QUERY|MAP_WRITE|MAP_READ
ReetFPS.exe,15040,DESKTOP-M4PIKSF\dani,0x00001C08,Section,,,READ_CONTROL|DELETE|WRITE_DAC|WRITE_OWNER|QUERY|MAP_WRITE|MAP_READ
ReetFPS.exe,15040,DESKTOP-M4PIKSF\dani,0x00001C0C,Section,,,READ_CONTROL|DELETE|WRITE_DAC|WRITE_OWNER|QUERY|MAP_WRITE|MAP_READ
ReetFPS.exe,15040,DESKTOP-M4PIKSF\dani,0x00001C10,Section,,,READ_CONTROL|DELETE|WRITE_DAC|WRITE_OWNER|QUERY|MAP_WRITE|MAP_READ
ReetFPS.exe,15040,DESKTOP-M4PIKSF\dani,0x00001C14,Section,,,READ_CONTROL|DELETE|WRITE_DAC|WRITE_OWNER|QUERY|MAP_WRITE|MAP_READ
ReetFPS.exe,15040,DESKTOP-M4PIKSF\dani,0x00001C18,Section,,,READ_CONTROL|DELETE|WRITE_DAC|WRITE_OWNER|QUERY|MAP_WRITE|MAP_READ
ReetFPS.exe,15040,DESKTOP-M4PIKSF\dani,0x00001C1C,Section,,,READ_CONTROL|DELETE|WRITE_DAC|WRITE_OWNER|QUERY|MAP_WRITE|MAP_READ
ReetFPS.exe,15040,DESKTOP-M4PIKSF\dani,0x00001C20,Section,,,READ_CONTROL|DELETE|WRITE_DAC|WRITE_OWNER|QUERY|MAP_WRITE|MAP_READ
ReetFPS.exe,15040,DESKTOP-M4PIKSF\dani,0x00001C24,Section,,,READ_CONTROL|DELETE|WRITE_DAC|WRITE_OWNER|QUERY|MAP_WRITE|MAP_READ
ReetFPS.exe,15040,DESKTOP-M4PIKSF\dani,0x00001C28,Section,,,READ_CONTROL|DELETE|WRITE_DAC|WRITE_OWNER|QUERY|MAP_WRITE|MAP_READ
ReetFPS.exe,15040,DESKTOP-M4PIKSF\dani,0x00001C2C,Section,,,READ_CONTROL|DELETE|WRITE_DAC|WRITE_OWNER|QUERY|MAP_WRITE|MAP_READ
ReetFPS.exe,15040,DESKTOP-M4PIKSF\dani,0x00001C30,Section,,,READ_CONTROL|DELETE|WRITE_DAC|WRITE_OWNER|QUERY|MAP_WRITE|MAP_READ
ReetFPS.exe,15040,DESKTOP-M4PIKSF\dani,0x00001C34,Section,,,READ_CONTROL|DELETE|WRITE_DAC|WRITE_OWNER|QUERY|MAP_WRITE|MAP_READ
ReetFPS.exe,15040,DESKTOP-M4PIKSF\dani,0x00001C38,Section,,,READ_CONTROL|DELETE|WRITE_DAC|WRITE_OWNER|QUERY|MAP_WRITE|MAP_READ
ReetFPS.exe,15040,DESKTOP-M4PIKSF\dani,0x00001C3C,Section,,,READ_CONTROL|DELETE|WRITE_DAC|WRITE_OWNER|QUERY|MAP_WRITE|MAP_READ
ReetFPS.exe,15040,DESKTOP-M4PIKSF\dani,0x00001C40,Section,,,READ_CONTROL|DELETE|WRITE_DAC|WRITE_OWNER|QUERY|MAP_WRITE|MAP_READ
ReetFPS.exe,15040,DESKTOP-M4PIKSF\dani,0x00001C44,Section,,,READ_CONTROL|DELETE|WRITE_DAC|WRITE_OWNER|QUERY|MAP_WRITE|MAP_READ
ReetFPS.exe,15040,DESKTOP-M4PIKSF\dani,0x00001C48,Section,,,READ_CONTROL|DELETE|WRITE_DAC|WRITE_OWNER|QUERY|MAP_WRITE|MAP_READ
ReetFPS.exe,15040,DESKTOP-M4PIKSF\dani,0x00001C4C,Section,,,READ_CONTROL|DELETE|WRITE_DAC|WRITE_OWNER|QUERY|MAP_WRITE|MAP_READ
ReetFPS.exe,15040,DESKTOP-M4PIKSF\dani,0x00001C50,Section,,,READ_CONTROL|DELETE|WRITE_DAC|WRITE_OWNER|QUERY|MAP_WRITE|MAP_READ
ReetFPS.exe,15040,DESKTOP-M4PIKSF\dani,0x00001C54,Section,,,READ_CONTROL|DELETE|WRITE_DAC|WRITE_OWNER|QUERY|MAP_WRITE|MAP_READ
ReetFPS.exe,15040,DESKTOP-M4PIKSF\dani,0x00001C58,Section,,,READ_CONTROL|DELETE|WRITE_DAC|WRITE_OWNER|QUERY|MAP_WRITE|MAP_READ
ReetFPS.exe,15040,DESKTOP-M4PIKSF\dani,0x00001C5C,Section,,,READ_CONTROL|DELETE|WRITE_DAC|WRITE_OWNER|QUERY|MAP_WRITE|MAP_READ
ReetFPS.exe,15040,DESKTOP-M4PIKSF\dani,0x00001C60,Section,,,READ_CONTROL|DELETE|WRITE_DAC|WRITE_OWNER|QUERY|MAP_WRITE|MAP_READ
ReetFPS.exe,15040,DESKTOP-M4PIKSF\dani,0x00001C64,Section,,,READ_CONTROL|DELETE|WRITE_DAC|WRITE_OWNER|QUERY|MAP_WRITE|MAP_READ
ReetFPS.exe,15040,DESKTOP-M4PIKSF\dani,0x00001C68,Section,,,READ_CONTROL|DELETE|WRITE_DAC|WRITE_OWNER|QUERY|MAP_WRITE|MAP_READ
ReetFPS.exe,15040,DESKTOP-M4PIKSF\dani,0x00001C6C,Section,,,READ_CONTROL|DELETE|WRITE_DAC|WRITE_OWNER|QUERY|MAP_WRITE|MAP_READ
ReetFPS.exe,15040,DESKTOP-M4PIKSF\dani,0x00001C70,Section,,,READ_CONTROL|DELETE|WRITE_DAC|WRITE_OWNER|QUERY|MAP_WRITE|MAP_READ
ReetFPS.exe,15040,DESKTOP-M4PIKSF\dani,0x00001C74,Section,,,READ_CONTROL|DELETE|WRITE_DAC|WRITE_OWNER|QUERY|MAP_WRITE|MAP_READ
ReetFPS.exe,15040,DESKTOP-M4PIKSF\dani,0x00001C78,Section,,,READ_CONTROL|DELETE|WRITE_DAC|WRITE_OWNER|QUERY|MAP_WRITE|MAP_READ
ReetFPS.exe,15040,DESKTOP-M4PIKSF\dani,0x00001C7C,Section,,,READ_CONTROL|DELETE|WRITE_DAC|WRITE_OWNER|QUERY|MAP_WRITE|MAP_READ
ReetFPS.exe,15040,DESKTOP-M4PIKSF\dani,0x00001C80,Section,,,READ_CONTROL|DELETE|WRITE_DAC|WRITE_OWNER|QUERY|MAP_WRITE|MAP_READ
ReetFPS.exe,15040,DESKTOP-M4PIKSF\dani,0x00001C84,Section,,,READ_CONTROL|DELETE|WRITE_DAC|WRITE_OWNER|QUERY|MAP_WRITE|MAP_READ
ReetFPS.exe,15040,DESKTOP-M4PIKSF\dani,0x00001C88,Section,,,READ_CONTROL|DELETE|WRITE_DAC|WRITE_OWNER|QUERY|MAP_WRITE|MAP_READ
ReetFPS.exe,15040,DESKTOP-M4PIKSF\dani,0x00001C8C,Section,,,READ_CONTROL|DELETE|WRITE_DAC|WRITE_OWNER|QUERY|MAP_WRITE|MAP_READ
ReetFPS.exe,15040,DESKTOP-M4PIKSF\dani,0x00001C90,Section,,,READ_CONTROL|DELETE|WRITE_DAC|WRITE_OWNER|QUERY|MAP_WRITE|MAP_READ
ReetFPS.exe,15040,DESKTOP-M4PIKSF\dani,0x00001C94,Section,,,READ_CONTROL|DELETE|WRITE_DAC|WRITE_OWNER|QUERY|MAP_WRITE|MAP_READ
ReetFPS.exe,15040,DESKTOP-M4PIKSF\dani,0x00001C98,Section,,,READ_CONTROL|DELETE|WRITE_DAC|WRITE_OWNER|QUERY|MAP_WRITE|MAP_READ
ReetFPS.exe,15040,DESKTOP-M4PIKSF\dani,0x00001C9C,Section,,,READ_CONTROL|DELETE|WRITE_DAC|WRITE_OWNER|QUERY|MAP_WRITE|MAP_READ
ReetFPS.exe,15040,DESKTOP-M4PIKSF\dani,0x00001CA0,Section,,,READ_CONTROL|DELETE|WRITE_DAC|WRITE_OWNER|QUERY|MAP_WRITE|MAP_READ
ReetFPS.exe,15040,DESKTOP-M4PIKSF\dani,0x00001CA4,Section,,,READ_CONTROL|DELETE|WRITE_DAC|WRITE_OWNER|QUERY|MAP_WRITE|MAP_READ
ReetFPS.exe,15040,DESKTOP-M4PIKSF\dani,0x00001CA8,Section,,,READ_CONTROL|DELETE|WRITE_DAC|WRITE_OWNER|QUERY|MAP_WRITE|MAP_READ
ReetFPS.exe,15040,DESKTOP-M4PIKSF\dani,0x00001CAC,Section,,,READ_CONTROL|DELETE|WRITE_DAC|WRITE_OWNER|QUERY|MAP_WRITE|MAP_READ
ReetFPS.exe,15040,DESKTOP-M4PIKSF\dani,0x00001CB0,Section,,,READ_CONTROL|DELETE|WRITE_DAC|WRITE_OWNER|QUERY|MAP_WRITE|MAP_READ
ReetFPS.exe,15040,DESKTOP-M4PIKSF\dani,0x00001CB4,Section,,,READ_CONTROL|DELETE|WRITE_DAC|WRITE_OWNER|QUERY|MAP_WRITE|MAP_READ
ReetFPS.exe,15040,DESKTOP-M4PIKSF\dani,0x00001CB8,Section,,,READ_CONTROL|DELETE|WRITE_DAC|WRITE_OWNER|QUERY|MAP_WRITE|MAP_READ
ReetFPS.exe,15040,DESKTOP-M4PIKSF\dani,0x00001CBC,Section,,,READ_CONTROL|DELETE|WRITE_DAC|WRITE_OWNER|QUERY|MAP_WRITE|MAP_READ
ReetFPS.exe,15040,DESKTOP-M4PIKSF\dani,0x00001CC0,Section,,,READ_CONTROL|DELETE|WRITE_DAC|WRITE_OWNER|QUERY|MAP_WRITE|MAP_READ
ReetFPS.exe,15040,DESKTOP-M4PIKSF\dani,0x00001CC4,Section,,,READ_CONTROL|DELETE|WRITE_DAC|WRITE_OWNER|QUERY|MAP_WRITE|MAP_READ
ReetFPS.exe,15040,DESKTOP-M4PIKSF\dani,0x00001CC8,Section,,,READ_CONTROL|DELETE|WRITE_DAC|WRITE_OWNER|QUERY|MAP_WRITE|MAP_READ
ReetFPS.exe,15040,DESKTOP-M4PIKSF\dani,0x00001CCC,Section,,,READ_CONTROL|DELETE|WRITE_DAC|WRITE_OWNER|QUERY|MAP_WRITE|MAP_READ
ReetFPS.exe,15040,DESKTOP-M4PIKSF\dani,0x00001CD0,Section,,,READ_CONTROL|DELETE|WRITE_DAC|WRITE_OWNER|QUERY|MAP_WRITE|MAP_READ
ReetFPS.exe,15040,DESKTOP-M4PIKSF\dani,0x00001CD4,Section,,,READ_CONTROL|DELETE|WRITE_DAC|WRITE_OWNER|QUERY|MAP_WRITE|MAP_READ
ReetFPS.exe,15040,DESKTOP-M4PIKSF\dani,0x00001CD8,Section,,,READ_CONTROL|DELETE|WRITE_DAC|WRITE_OWNER|QUERY|MAP_WRITE|MAP_READ
ReetFPS.exe,15040,DESKTOP-M4PIKSF\dani,0x00001CDC,Section,,,READ_CONTROL|DELETE|WRITE_DAC|WRITE_OWNER|QUERY|MAP_WRITE|MAP_READ
ReetFPS.exe,15040,DESKTOP-M4PIKSF\dani,0x00001CE0,Section,,,READ_CONTROL|DELETE|WRITE_DAC|WRITE_OWNER|QUERY|MAP_WRITE|MAP_READ
ReetFPS.exe,15040,DESKTOP-M4PIKSF\dani,0x00001CE4,Section,,,READ_CONTROL|DELETE|WRITE_DAC|WRITE_OWNER|QUERY|MAP_WRITE|MAP_READ
ReetFPS.exe,15040,DESKTOP-M4PIKSF\dani,0x00001CE8,Section,,,READ_CONTROL|DELETE|WRITE_DAC|WRITE_OWNER|QUERY|MAP_WRITE|MAP_READ
ReetFPS.exe,15040,DESKTOP-M4PIKSF\dani,0x00001CEC,Section,,,READ_CONTROL|DELETE|WRITE_DAC|WRITE_OWNER|QUERY|MAP_WRITE|MAP_READ
ReetFPS.exe,15040,DESKTOP-M4PIKSF\dani,0x00001CF0,Section,,,READ_CONTROL|DELETE|WRITE_DAC|WRITE_OWNER|QUERY|MAP_WRITE|MAP_READ
ReetFPS.exe,15040,DESKTOP-M4PIKSF\dani,0x00001CF4,Section,,,READ_CONTROL|DELETE|WRITE_DAC|WRITE_OWNER|QUERY|MAP_WRITE|MAP_READ
ReetFPS.exe,15040,DESKTOP-M4PIKSF\dani,0x00001CF8,Section,,,READ_CONTROL|DELETE|WRITE_DAC|WRITE_OWNER|QUERY|MAP_WRITE|MAP_READ
ReetFPS.exe,15040,DESKTOP-M4PIKSF\dani,0x00001CFC,Section,,,READ_CONTROL|DELETE|WRITE_DAC|WRITE_OWNER|QUERY|MAP_WRITE|MAP_READ
ReetFPS.exe,15040,DESKTOP-M4PIKSF\dani,0x00001D00,Section,,,READ_CONTROL|DELETE|WRITE_DAC|WRITE_OWNER|QUERY|MAP_WRITE|MAP_READ
ReetFPS.exe,15040,DESKTOP-M4PIKSF\dani,0x00001D04,Section,,,READ_CONTROL|DELETE|WRITE_DAC|WRITE_OWNER|QUERY|MAP_WRITE|MAP_READ
ReetFPS.exe,15040,DESKTOP-M4PIKSF\dani,0x00001D08,Section,,,READ_CONTROL|DELETE|WRITE_DAC|WRITE_OWNER|QUERY|MAP_WRITE|MAP_READ
ReetFPS.exe,15040,DESKTOP-M4PIKSF\dani,0x00001D0C,Section,,,READ_CONTROL|DELETE|WRITE_DAC|WRITE_OWNER|QUERY|MAP_WRITE|MAP_READ
ReetFPS.exe,15040,DESKTOP-M4PIKSF\dani,0x00001D10,Section,,,READ_CONTROL|DELETE|WRITE_DAC|WRITE_OWNER|QUERY|MAP_WRITE|MAP_READ
ReetFPS.exe,15040,DESKTOP-M4PIKSF\dani,0x00001D14,Section,,,READ_CONTROL|DELETE|WRITE_DAC|WRITE_OWNER|QUERY|MAP_WRITE|MAP_READ
ReetFPS.exe,15040,DESKTOP-M4PIKSF\dani,0x00001D18,Section,,,READ_CONTROL|DELETE|WRITE_DAC|WRITE_OWNER|QUERY|MAP_WRITE|MAP_READ
ReetFPS.exe,15040,DESKTOP-M4PIKSF\dani,0x00001D1C,Section,,,READ_CONTROL|DELETE|WRITE_DAC|WRITE_OWNER|QUERY|MAP_WRITE|MAP_READ
ReetFPS.exe,15040,DESKTOP-M4PIKSF\dani,0x00001D20,Section,,,READ_CONTROL|DELETE|WRITE_DAC|WRITE_OWNER|QUERY|MAP_WRITE|MAP_READ
ReetFPS.exe,15040,DESKTOP-M4PIKSF\dani,0x00001D24,Section,,,READ_CONTROL|DELETE|WRITE_DAC|WRITE_OWNER|QUERY|MAP_WRITE|MAP_READ
ReetFPS.exe,15040,DESKTOP-M4PIKSF\dani,0x00001D28,Section,,,READ_CONTROL|DELETE|WRITE_DAC|WRITE_OWNER|QUERY|MAP_WRITE|MAP_READ
ReetFPS.exe,15040,DESKTOP-M4PIKSF\dani,0x00001D2C,Section,,,READ_CONTROL|DELETE|WRITE_DAC|WRITE_OWNER|QUERY|MAP_WRITE|MAP_READ
ReetFPS.exe,15040,DESKTOP-M4PIKSF\dani,0x00001D30,Section,,,READ_CONTROL|DELETE|WRITE_DAC|WRITE_OWNER|QUERY|MAP_WRITE|MAP_READ
ReetFPS.exe,15040,DESKTOP-M4PIKSF\dani,0x00001D34,Section,,,READ_CONTROL|DELETE|WRITE_DAC|WRITE_OWNER|QUERY|MAP_WRITE|MAP_READ
ReetFPS.exe,15040,DESKTOP-M4PIKSF\dani,0x00001D38,Section,,,READ_CONTROL|DELETE|WRITE_DAC|WRITE_OWNER|QUERY|MAP_WRITE|MAP_READ
ReetFPS.exe,15040,DESKTOP-M4PIKSF\dani,0x00001D3C,Section,,,READ_CONTROL|DELETE|WRITE_DAC|WRITE_OWNER|QUERY|MAP_WRITE|MAP_READ
ReetFPS.exe,15040,DESKTOP-M4PIKSF\dani,0x00001D40,Section,,,READ_CONTROL|DELETE|WRITE_DAC|WRITE_OWNER|QUERY|MAP_WRITE|MAP_READ
ReetFPS.exe,15040,DESKTOP-M4PIKSF\dani,0x00001D44,Section,,,READ_CONTROL|DELETE|WRITE_DAC|WRITE_OWNER|QUERY|MAP_WRITE|MAP_READ
ReetFPS.exe,15040,DESKTOP-M4PIKSF\dani,0x00001D48,Section,,,READ_CONTROL|DELETE|WRITE_DAC|WRITE_OWNER|QUERY|MAP_WRITE|MAP_READ
ReetFPS.exe,15040,DESKTOP-M4PIKSF\dani,0x00001D4C,Section,,,READ_CONTROL|DELETE|WRITE_DAC|WRITE_OWNER|QUERY|MAP_WRITE|MAP_READ
ReetFPS.exe,15040,DESKTOP-M4PIKSF\dani,0x00001D50,Section,,,READ_CONTROL|DELETE|WRITE_DAC|WRITE_OWNER|QUERY|MAP_WRITE|MAP_READ
ReetFPS.exe,15040,DESKTOP-M4PIKSF\dani,0x00001D54,Section,,,READ_CONTROL|DELETE|WRITE_DAC|WRITE_OWNER|QUERY|MAP_WRITE|MAP_READ
ReetFPS.exe,15040,DESKTOP-M4PIKSF\dani,0x00001D58,Section,,,READ_CONTROL|DELETE|WRITE_DAC|WRITE_OWNER|QUERY|MAP_WRITE|MAP_READ
ReetFPS.exe,15040,DESKTOP-M4PIKSF\dani,0x00001D5C,Section,,,READ_CONTROL|DELETE|WRITE_DAC|WRITE_OWNER|QUERY|MAP_WRITE|MAP_READ
ReetFPS.exe,15040,DESKTOP-M4PIKSF\dani,0x00001D60,Section,,,READ_CONTROL|DELETE|WRITE_DAC|WRITE_OWNER|QUERY|MAP_WRITE|MAP_READ
ReetFPS.exe,15040,DESKTOP-M4PIKSF\dani,0x00001D64,Section,,,READ_CONTROL|DELETE|WRITE_DAC|WRITE_OWNER|QUERY|MAP_WRITE|MAP_READ
ReetFPS.exe,15040,DESKTOP-M4PIKSF\dani,0x00001D68,Section,,,READ_CONTROL|DELETE|WRITE_DAC|WRITE_OWNER|QUERY|MAP_WRITE|MAP_READ
ReetFPS.exe,15040,DESKTOP-M4PIKSF\dani,0x00001D6C,Section,,,READ_CONTROL|DELETE|WRITE_DAC|WRITE_OWNER|QUERY|MAP_WRITE|MAP_READ
ReetFPS.exe,15040,DESKTOP-M4PIKSF\dani,0x00001D70,Section,,,READ_CONTROL|DELETE|WRITE_DAC|WRITE_OWNER|QUERY|MAP_WRITE|MAP_READ
ReetFPS.exe,15040,DESKTOP-M4PIKSF\dani,0x00001D74,Section,,,READ_CONTROL|DELETE|WRITE_DAC|WRITE_OWNER|QUERY|MAP_WRITE|MAP_READ
ReetFPS.exe,15040,DESKTOP-M4PIKSF\dani,0x00001D78,Section,,,READ_CONTROL|DELETE|WRITE_DAC|WRITE_OWNER|QUERY|MAP_WRITE|MAP_READ
ReetFPS.exe,15040,DESKTOP-M4PIKSF\dani,0x00001D7C,Section,,,READ_CONTROL|DELETE|WRITE_DAC|WRITE_OWNER|QUERY|MAP_WRITE|MAP_READ
ReetFPS.exe,15040,DESKTOP-M4PIKSF\dani,0x00001D80,Section,,,READ_CONTROL|DELETE|WRITE_DAC|WRITE_OWNER|QUERY|MAP_WRITE|MAP_READ
ReetFPS.exe,15040,DESKTOP-M4PIKSF\dani,0x00001D84,Section,,,READ_CONTROL|DELETE|WRITE_DAC|WRITE_OWNER|QUERY|MAP_WRITE|MAP_READ
ReetFPS.exe,15040,DESKTOP-M4PIKSF\dani,0x00001D88,Section,,,READ_CONTROL|DELETE|WRITE_DAC|WRITE_OWNER|QUERY|MAP_WRITE|MAP_READ
ReetFPS.exe,15040,DESKTOP-M4PIKSF\dani,0x00001D8C,Section,,,READ_CONTROL|DELETE|WRITE_DAC|WRITE_OWNER|QUERY|MAP_WRITE|MAP_READ
ReetFPS.exe,15040,DESKTOP-M4PIKSF\dani,0x00001D90,Section,,,READ_CONTROL|DELETE|WRITE_DAC|WRITE_OWNER|QUERY|MAP_WRITE|MAP_READ
ReetFPS.exe,15040,DESKTOP-M4PIKSF\dani,0x00001D94,Section,,,READ_CONTROL|DELETE|WRITE_DAC|WRITE_OWNER|QUERY|MAP_WRITE|MAP_READ
ReetFPS.exe,15040,DESKTOP-M4PIKSF\dani,0x00001D98,Section,,,READ_CONTROL|DELETE|WRITE_DAC|WRITE_OWNER|QUERY|MAP_WRITE|MAP_READ
ReetFPS.exe,15040,DESKTOP-M4PIKSF\dani,0x00001D9C,Section,,,READ_CONTROL|DELETE|WRITE_DAC|WRITE_OWNER|QUERY|MAP_WRITE|MAP_READ
ReetFPS.exe,15040,DESKTOP-M4PIKSF\dani,0x00001DA0,Section,,,READ_CONTROL|DELETE|WRITE_DAC|WRITE_OWNER|QUERY|MAP_WRITE|MAP_READ
ReetFPS.exe,15040,DESKTOP-M4PIKSF\dani,0x00001DA4,Section,,,READ_CONTROL|DELETE|WRITE_DAC|WRITE_OWNER|QUERY|MAP_WRITE|MAP_READ
ReetFPS.exe,15040,DESKTOP-M4PIKSF\dani,0x00001DA8,Section,,,READ_CONTROL|DELETE|WRITE_DAC|WRITE_OWNER|QUERY|MAP_WRITE|MAP_READ
ReetFPS.exe,15040,DESKTOP-M4PIKSF\dani,0x00001DAC,Section,,,READ_CONTROL|DELETE|WRITE_DAC|WRITE_OWNER|QUERY|MAP_WRITE|MAP_READ
ReetFPS.exe,15040,DESKTOP-M4PIKSF\dani,0x00001DB0,Section,,,READ_CONTROL|DELETE|WRITE_DAC|WRITE_OWNER|QUERY|MAP_WRITE|MAP_READ
ReetFPS.exe,15040,DESKTOP-M4PIKSF\dani,0x00001DB4,Section,,,READ_CONTROL|DELETE|WRITE_DAC|WRITE_OWNER|QUERY|MAP_WRITE|MAP_READ
ReetFPS.exe,15040,DESKTOP-M4PIKSF\dani,0x00001DB8,Section,,,READ_CONTROL|DELETE|WRITE_DAC|WRITE_OWNER|QUERY|MAP_WRITE|MAP_READ
ReetFPS.exe,15040,DESKTOP-M4PIKSF\dani,0x00001DBC,Section,,,READ_CONTROL|DELETE|WRITE_DAC|WRITE_OWNER|QUERY|MAP_WRITE|MAP_READ
ReetFPS.exe,15040,DESKTOP-M4PIKSF\dani,0x00001DC0,Section,,,READ_CONTROL|DELETE|WRITE_DAC|WRITE_OWNER|QUERY|MAP_WRITE|MAP_READ
ReetFPS.exe,15040,DESKTOP-M4PIKSF\dani,0x00001DC4,Section,,,READ_CONTROL|DELETE|WRITE_DAC|WRITE_OWNER|QUERY|MAP_WRITE|MAP_READ
ReetFPS.exe,15040,DESKTOP-M4PIKSF\dani,0x00001DC8,Section,,,READ_CONTROL|DELETE|WRITE_DAC|WRITE_OWNER|QUERY|MAP_WRITE|MAP_READ
ReetFPS.exe,15040,DESKTOP-M4PIKSF\dani,0x00001DCC,Section,,,READ_CONTROL|DELETE|WRITE_DAC|WRITE_OWNER|QUERY|MAP_WRITE|MAP_READ
ReetFPS.exe,15040,DESKTOP-M4PIKSF\dani,0x00001DD0,Section,,,READ_CONTROL|DELETE|WRITE_DAC|WRITE_OWNER|QUERY|MAP_WRITE|MAP_READ
ReetFPS.exe,15040,DESKTOP-M4PIKSF\dani,0x00001DD4,Section,,,READ_CONTROL|DELETE|WRITE_DAC|WRITE_OWNER|QUERY|MAP_WRITE|MAP_READ
ReetFPS.exe,15040,DESKTOP-M4PIKSF\dani,0x00001DD8,Section,,,READ_CONTROL|DELETE|WRITE_DAC|WRITE_OWNER|QUERY|MAP_WRITE|MAP_READ
ReetFPS.exe,15040,DESKTOP-M4PIKSF\dani,0x00001DDC,Section,,,READ_CONTROL|DELETE|WRITE_DAC|WRITE_OWNER|QUERY|MAP_WRITE|MAP_READ
ReetFPS.exe,15040,DESKTOP-M4PIKSF\dani,0x00001DE0,Section,,,READ_CONTROL|DELETE|WRITE_DAC|WRITE_OWNER|QUERY|MAP_WRITE|MAP_READ
ReetFPS.exe,15040,DESKTOP-M4PIKSF\dani,0x00001DE4,Section,,,READ_CONTROL|DELETE|WRITE_DAC|WRITE_OWNER|QUERY|MAP_WRITE|MAP_READ
ReetFPS.exe,15040,DESKTOP-M4PIKSF\dani,0x00001DE8,Section,,,READ_CONTROL|DELETE|WRITE_DAC|WRITE_OWNER|QUERY|MAP_WRITE|MAP_READ
ReetFPS.exe,15040,DESKTOP-M4PIKSF\dani,0x00001DEC,Section,,,READ_CONTROL|DELETE|WRITE_DAC|WRITE_OWNER|QUERY|MAP_WRITE|MAP_READ
ReetFPS.exe,15040,DESKTOP-M4PIKSF\dani,0x00001DF0,Section,,,READ_CONTROL|DELETE|WRITE_DAC|WRITE_OWNER|QUERY|MAP_WRITE|MAP_READ
ReetFPS.exe,15040,DESKTOP-M4PIKSF\dani,0x00001DF4,Section,,,READ_CONTROL|DELETE|WRITE_DAC|WRITE_OWNER|QUERY|MAP_WRITE|MAP_READ
ReetFPS.exe,15040,DESKTOP-M4PIKSF\dani,0x00001DF8,Section,,,READ_CONTROL|DELETE|WRITE_DAC|WRITE_OWNER|QUERY|MAP_WRITE|MAP_READ
ReetFPS.exe,15040,DESKTOP-M4PIKSF\dani,0x00001DFC,Section,,,READ_CONTROL|DELETE|WRITE_DAC|WRITE_OWNER|QUERY|MAP_WRITE|MAP_READ
ReetFPS.exe,15040,DESKTOP-M4PIKSF\dani,0x00001E00,Section,,,READ_CONTROL|DELETE|WRITE_DAC|WRITE_OWNER|QUERY|MAP_WRITE|MAP_READ
ReetFPS.exe,15040,DESKTOP-M4PIKSF\dani,0x00001E04,Section,,,READ_CONTROL|DELETE|WRITE_DAC|WRITE_OWNER|QUERY|MAP_WRITE|MAP_READ
ReetFPS.exe,15040,DESKTOP-M4PIKSF\dani,0x00001E08,Section,,,READ_CONTROL|DELETE|WRITE_DAC|WRITE_OWNER|QUERY|MAP_WRITE|MAP_READ
ReetFPS.exe,15040,DESKTOP-M4PIKSF\dani,0x00001E0C,Section,,,READ_CONTROL|DELETE|WRITE_DAC|WRITE_OWNER|QUERY|MAP_WRITE|MAP_READ
ReetFPS.exe,15040,DESKTOP-M4PIKSF\dani,0x00001E10,Section,,,READ_CONTROL|DELETE|WRITE_DAC|WRITE_OWNER|QUERY|MAP_WRITE|MAP_READ
ReetFPS.exe,15040,DESKTOP-M4PIKSF\dani,0x00001E14,Section,,,READ_CONTROL|DELETE|WRITE_DAC|WRITE_OWNER|QUERY|MAP_WRITE|MAP_READ
ReetFPS.exe,15040,DESKTOP-M4PIKSF\dani,0x00001E18,Section,,,READ_CONTROL|DELETE|WRITE_DAC|WRITE_OWNER|QUERY|MAP_WRITE|MAP_READ
ReetFPS.exe,15040,DESKTOP-M4PIKSF\dani,0x00001E1C,Section,,,READ_CONTROL|DELETE|WRITE_DAC|WRITE_OWNER|QUERY|MAP_WRITE|MAP_READ
ReetFPS.exe,15040,DESKTOP-M4PIKSF\dani,0x00001E20,Section,,,READ_CONTROL|DELETE|WRITE_DAC|WRITE_OWNER|QUERY|MAP_WRITE|MAP_READ
ReetFPS.exe,15040,DESKTOP-M4PIKSF\dani,0x00001E24,Section,,,READ_CONTROL|DELETE|WRITE_DAC|WRITE_OWNER|QUERY|MAP_WRITE|MAP_READ
ReetFPS.exe,15040,DESKTOP-M4PIKSF\dani,0x00001E28,Section,,,READ_CONTROL|DELETE|WRITE_DAC|WRITE_OWNER|QUERY|MAP_WRITE|MAP_READ
ReetFPS.exe,15040,DESKTOP-M4PIKSF\dani,0x00001E2C,Section,,,READ_CONTROL|DELETE|WRITE_DAC|WRITE_OWNER|QUERY|MAP_WRITE|MAP_READ
ReetFPS.exe,15040,DESKTOP-M4PIKSF\dani,0x00001E30,Section,,,READ_CONTROL|DELETE|WRITE_DAC|WRITE_OWNER|QUERY|MAP_WRITE|MAP_READ
ReetFPS.exe,15040,DESKTOP-M4PIKSF\dani,0x00001E34,Section,,,READ_CONTROL|DELETE|WRITE_DAC|WRITE_OWNER|QUERY|MAP_WRITE|MAP_READ
ReetFPS.exe,15040,DESKTOP-M4PIKSF\dani,0x00001E38,Section,,,READ_CONTROL|DELETE|WRITE_DAC|WRITE_OWNER|QUERY|MAP_WRITE|MAP_READ
ReetFPS.exe,15040,DESKTOP-M4PIKSF\dani,0x00001E3C,Section,,,READ_CONTROL|DELETE|WRITE_DAC|WRITE_OWNER|QUERY|MAP_WRITE|MAP_READ
ReetFPS.exe,15040,DESKTOP-M4PIKSF\dani,0x00001E40,Section,,,READ_CONTROL|DELETE|WRITE_DAC|WRITE_OWNER|QUERY|MAP_WRITE|MAP_READ
ReetFPS.exe,15040,DESKTOP-M4PIKSF\dani,0x00001E44,Section,,,READ_CONTROL|DELETE|WRITE_DAC|WRITE_OWNER|QUERY|MAP_WRITE|MAP_READ
ReetFPS.exe,15040,DESKTOP-M4PIKSF\dani,0x00001E48,Section,,,READ_CONTROL|DELETE|WRITE_DAC|WRITE_OWNER|QUERY|MAP_WRITE|MAP_READ
ReetFPS.exe,15040,DESKTOP-M4PIKSF\dani,0x00001E4C,Section,,,READ_CONTROL|DELETE|WRITE_DAC|WRITE_OWNER|QUERY|MAP_WRITE|MAP_READ
ReetFPS.exe,15040,DESKTOP-M4PIKSF\dani,0x00001E50,Section,,,READ_CONTROL|DELETE|WRITE_DAC|WRITE_OWNER|QUERY|MAP_WRITE|MAP_READ
ReetFPS.exe,15040,DESKTOP-M4PIKSF\dani,0x00001E54,Section,,,READ_CONTROL|DELETE|WRITE_DAC|WRITE_OWNER|QUERY|MAP_WRITE|MAP_READ
ReetFPS.exe,15040,DESKTOP-M4PIKSF\dani,0x00001E58,Section,,,READ_CONTROL|DELETE|WRITE_DAC|WRITE_OWNER|QUERY|MAP_WRITE|MAP_READ
ReetFPS.exe,15040,DESKTOP-M4PIKSF\dani,0x00001E5C,Section,,,READ_CONTROL|DELETE|WRITE_DAC|WRITE_OWNER|QUERY|MAP_WRITE|MAP_READ
ReetFPS.exe,15040,DESKTOP-M4PIKSF\dani,0x00001E60,Section,,,READ_CONTROL|DELETE|WRITE_DAC|WRITE_OWNER|QUERY|MAP_WRITE|MAP_READ
ReetFPS.exe,15040,DESKTOP-M4PIKSF\dani,0x00001E64,Section,,,READ_CONTROL|DELETE|WRITE_DAC|WRITE_OWNER|QUERY|MAP_WRITE|MAP_READ
ReetFPS.exe,15040,DESKTOP-M4PIKSF\dani,0x00001E68,Section,,,READ_CONTROL|DELETE|WRITE_DAC|WRITE_OWNER|QUERY|MAP_WRITE|MAP_READ
ReetFPS.exe,15040,DESKTOP-M4PIKSF\dani,0x00001E6C,Section,,,READ_CONTROL|DELETE|WRITE_DAC|WRITE_OWNER|QUERY|MAP_WRITE|MAP_READ
ReetFPS.exe,15040,DESKTOP-M4PIKSF\dani,0x00001E70,Section,,,READ_CONTROL|DELETE|WRITE_DAC|WRITE_OWNER|QUERY|MAP_WRITE|MAP_READ
ReetFPS.exe,15040,DESKTOP-M4PIKSF\dani,0x00001E74,Section,,,READ_CONTROL|DELETE|WRITE_DAC|WRITE_OWNER|QUERY|MAP_WRITE|MAP_READ
ReetFPS.exe,15040,DESKTOP-M4PIKSF\dani,0x00001E78,Section,,,READ_CONTROL|DELETE|WRITE_DAC|WRITE_OWNER|QUERY|MAP_WRITE|MAP_READ
ReetFPS.exe,15040,DESKTOP-M4PIKSF\dani,0x00001E7C,Section,,,READ_CONTROL|DELETE|WRITE_DAC|WRITE_OWNER|QUERY|MAP_WRITE|MAP_READ
ReetFPS.exe,15040,DESKTOP-M4PIKSF\dani,0x00001E80,Section,,,READ_CONTROL|DELETE|WRITE_DAC|WRITE_OWNER|QUERY|MAP_WRITE|MAP_READ
ReetFPS.exe,15040,DESKTOP-M4PIKSF\dani,0x00001E84,Section,,,READ_CONTROL|DELETE|WRITE_DAC|WRITE_OWNER|QUERY|MAP_WRITE|MAP_READ
ReetFPS.exe,15040,DESKTOP-M4PIKSF\dani,0x00001E88,Section,,,READ_CONTROL|DELETE|WRITE_DAC|WRITE_OWNER|QUERY|MAP_WRITE|MAP_READ
ReetFPS.exe,15040,DESKTOP-M4PIKSF\dani,0x00001E8C,Section,,,READ_CONTROL|DELETE|WRITE_DAC|WRITE_OWNER|QUERY|MAP_WRITE|MAP_READ
ReetFPS.exe,15040,DESKTOP-M4PIKSF\dani,0x00001E90,Section,,,READ_CONTROL|DELETE|WRITE_DAC|WRITE_OWNER|QUERY|MAP_WRITE|MAP_READ
ReetFPS.exe,15040,DESKTOP-M4PIKSF\dani,0x00001E94,Section,,,READ_CONTROL|DELETE|WRITE_DAC|WRITE_OWNER|QUERY|MAP_WRITE|MAP_READ
ReetFPS.exe,15040,DESKTOP-M4PIKSF\dani,0x00001E98,Section,,,READ_CONTROL|DELETE|WRITE_DAC|WRITE_OWNER|QUERY|MAP_WRITE|MAP_READ
ReetFPS.exe,15040,DESKTOP-M4PIKSF\dani,0x00001E9C,Section,,,READ_CONTROL|DELETE|WRITE_DAC|WRITE_OWNER|QUERY|MAP_WRITE|MAP_READ
ReetFPS.exe,15040,DESKTOP-M4PIKSF\dani,0x00001EA0,Section,,,READ_CONTROL|DELETE|WRITE_DAC|WRITE_OWNER|QUERY|MAP_WRITE|MAP_READ
ReetFPS.exe,15040,DESKTOP-M4PIKSF\dani,0x00001EA4,Section,,,READ_CONTROL|DELETE|WRITE_DAC|WRITE_OWNER|QUERY|MAP_WRITE|MAP_READ
ReetFPS.exe,15040,DESKTOP-M4PIKSF\dani,0x00001EA8,Section,,,READ_CONTROL|DELETE|WRITE_DAC|WRITE_OWNER|QUERY|MAP_WRITE|MAP_READ
ReetFPS.exe,15040,DESKTOP-M4PIKSF\dani,0x00001EAC,Section,,,READ_CONTROL|DELETE|WRITE_DAC|WRITE_OWNER|QUERY|MAP_WRITE|MAP_READ
ReetFPS.exe,15040,DESKTOP-M4PIKSF\dani,0x00001EB0,Section,,,READ_CONTROL|DELETE|WRITE_DAC|WRITE_OWNER|QUERY|MAP_WRITE|MAP_READ
ReetFPS.exe,15040,DESKTOP-M4PIKSF\dani,0x00001EB4,Section,,,READ_CONTROL|DELETE|WRITE_DAC|WRITE_OWNER|QUERY|MAP_WRITE|MAP_READ
ReetFPS.exe,15040,DESKTOP-M4PIKSF\dani,0x00001EB8,Section,,,READ_CONTROL|DELETE|WRITE_DAC|WRITE_OWNER|QUERY|MAP_WRITE|MAP_READ
ReetFPS.exe,15040,DESKTOP-M4PIKSF\dani,0x00001EBC,Section,,,READ_CONTROL|DELETE|WRITE_DAC|WRITE_OWNER|QUERY|MAP_WRITE|MAP_READ
ReetFPS.exe,15040,DESKTOP-M4PIKSF\dani,0x00001EC0,Section,,,READ_CONTROL|DELETE|WRITE_DAC|WRITE_OWNER|QUERY|MAP_WRITE|MAP_READ
ReetFPS.exe,15040,DESKTOP-M4PIKSF\dani,0x00001EC4,Section,,,READ_CONTROL|DELETE|WRITE_DAC|WRITE_OWNER|QUERY|MAP_WRITE|MAP_READ
ReetFPS.exe,15040,DESKTOP-M4PIKSF\dani,0x00001EC8,Section,,,READ_CONTROL|DELETE|WRITE_DAC|WRITE_OWNER|QUERY|MAP_WRITE|MAP_READ
ReetFPS.exe,15040,DESKTOP-M4PIKSF\dani,0x00001ECC,Section,,,READ_CONTROL|DELETE|WRITE_DAC|WRITE_OWNER|QUERY|MAP_WRITE|MAP_READ
ReetFPS.exe,15040,DESKTOP-M4PIKSF\dani,0x00001ED0,Section,,,READ_CONTROL|DELETE|WRITE_DAC|WRITE_OWNER|QUERY|MAP_WRITE|MAP_READ
ReetFPS.exe,15040,DESKTOP-M4PIKSF\dani,0x00001ED4,Section,,,READ_CONTROL|DELETE|WRITE_DAC|WRITE_OWNER|QUERY|MAP_WRITE|MAP_READ
ReetFPS.exe,15040,DESKTOP-M4PIKSF\dani,0x00001ED8,Section,,,READ_CONTROL|DELETE|WRITE_DAC|WRITE_OWNER|QUERY|MAP_WRITE|MAP_READ
ReetFPS.exe,15040,DESKTOP-M4PIKSF\dani,0x00001EDC,Section,,,READ_CONTROL|DELETE|WRITE_DAC|WRITE_OWNER|QUERY|MAP_WRITE|MAP_READ
ReetFPS.exe,15040,DESKTOP-M4PIKSF\dani,0x00001EE0,Section,,,READ_CONTROL|DELETE|WRITE_DAC|WRITE_OWNER|QUERY|MAP_WRITE|MAP_READ
ReetFPS.exe,15040,DESKTOP-M4PIKSF\dani,0x00001EE4,Section,,,READ_CONTROL|DELETE|WRITE_DAC|WRITE_OWNER|QUERY|MAP_WRITE|MAP_READ
ReetFPS.exe,15040,DESKTOP-M4PIKSF\dani,0x00001EE8,Section,,,READ_CONTROL|DELETE|WRITE_DAC|WRITE_OWNER|QUERY|MAP_WRITE|MAP_READ
ReetFPS.exe,15040,DESKTOP-M4PIKSF\dani,0x00001EEC,Section,,,READ_CONTROL|DELETE|WRITE_DAC|WRITE_OWNER|QUERY|MAP_WRITE|MAP_READ
ReetFPS.exe,15040,DESKTOP-M4PIKSF\dani,0x00001EF0,Section,,,READ_CONTROL|DELETE|WRITE_DAC|WRITE_OWNER|QUERY|MAP_WRITE|MAP_READ
ReetFPS.exe,15040,DESKTOP-M4PIKSF\dani,0x00001EF4,Section,,,READ_CONTROL|DELETE|WRITE_DAC|WRITE_OWNER|QUERY|MAP_WRITE|MAP_READ
ReetFPS.exe,15040,DESKTOP-M4PIKSF\dani,0x00001EF8,Section,,,READ_CONTROL|DELETE|WRITE_DAC|WRITE_OWNER|QUERY|MAP_WRITE|MAP_READ
ReetFPS.exe,15040,DESKTOP-M4PIKSF\dani,0x00001EFC,Section,,,READ_CONTROL|DELETE|WRITE_DAC|WRITE_OWNER|QUERY|MAP_WRITE|MAP_READ
ReetFPS.exe,15040,DESKTOP-M4PIKSF\dani,0x00001F00,Section,,,READ_CONTROL|DELETE|WRITE_DAC|WRITE_OWNER|QUERY|MAP_WRITE|MAP_READ
ReetFPS.exe,15040,DESKTOP-M4PIKSF\dani,0x00001F04,Section,,,READ_CONTROL|DELETE|WRITE_DAC|WRITE_OWNER|QUERY|MAP_WRITE|MAP_READ
ReetFPS.exe,15040,DESKTOP-M4PIKSF\dani,0x00001F08,Section,,,READ_CONTROL|DELETE|WRITE_DAC|WRITE_OWNER|QUERY|MAP_WRITE|MAP_READ
ReetFPS.exe,15040,DESKTOP-M4PIKSF\dani,0x00001F0C,Section,,,READ_CONTROL|DELETE|WRITE_DAC|WRITE_OWNER|QUERY|MAP_WRITE|MAP_READ
ReetFPS.exe,15040,DESKTOP-M4PIKSF\dani,0x00001F10,Section,,,READ_CONTROL|DELETE|WRITE_DAC|WRITE_OWNER|QUERY|MAP_WRITE|MAP_READ
ReetFPS.exe,15040,DESKTOP-M4PIKSF\dani,0x00001F14,Section,,,READ_CONTROL|DELETE|WRITE_DAC|WRITE_OWNER|QUERY|MAP_WRITE|MAP_READ
ReetFPS.exe,15040,DESKTOP-M4PIKSF\dani,0x00001F18,Section,,,READ_CONTROL|DELETE|WRITE_DAC|WRITE_OWNER|QUERY|MAP_WRITE|MAP_READ
ReetFPS.exe,15040,DESKTOP-M4PIKSF\dani,0x00001F1C,Section,,,READ_CONTROL|DELETE|WRITE_DAC|WRITE_OWNER|QUERY|MAP_WRITE|MAP_READ
ReetFPS.exe,15040,DESKTOP-M4PIKSF\dani,0x00001F20,Section,,,READ_CONTROL|DELETE|WRITE_DAC|WRITE_OWNER|QUERY|MAP_WRITE|MAP_READ
ReetFPS.exe,15040,DESKTOP-M4PIKSF\dani,0x00001F24,Section,,,READ_CONTROL|DELETE|WRITE_DAC|WRITE_OWNER|QUERY|MAP_WRITE|MAP_READ
ReetFPS.exe,15040,DESKTOP-M4PIKSF\dani,0x00001F28,Section,,,READ_CONTROL|DELETE|WRITE_DAC|WRITE_OWNER|QUERY|MAP_WRITE|MAP_READ
ReetFPS.exe,15040,DESKTOP-M4PIKSF\dani,0x00001F2C,Section,,,READ_CONTROL|DELETE|WRITE_DAC|WRITE_OWNER|QUERY|MAP_WRITE|MAP_READ
ReetFPS.exe,15040,DESKTOP-M4PIKSF\dani,0x00001F30,Section,,,READ_CONTROL|DELETE|WRITE_DAC|WRITE_OWNER|QUERY|MAP_WRITE|MAP_READ
ReetFPS.exe,15040,DESKTOP-M4PIKSF\dani,0x00001F34,Section,,,READ_CONTROL|DELETE|WRITE_DAC|WRITE_OWNER|QUERY|MAP_WRITE|MAP_READ
ReetFPS.exe,15040,DESKTOP-M4PIKSF\dani,0x00001F38,Section,,,READ_CONTROL|DELETE|WRITE_DAC|WRITE_OWNER|QUERY|MAP_WRITE|MAP_READ
ReetFPS.exe,15040,DESKTOP-M4PIKSF\dani,0x00001F3C,Section,,,READ_CONTROL|DELETE|WRITE_DAC|WRITE_OWNER|QUERY|MAP_WRITE|MAP_READ
ReetFPS.exe,15040,DESKTOP-M4PIKSF\dani,0x00001F40,Section,,,READ_CONTROL|DELETE|WRITE_DAC|WRITE_OWNER|QUERY|MAP_WRITE|MAP_READ
ReetFPS.exe,15040,DESKTOP-M4PIKSF\dani,0x00001F44,Section,,,READ_CONTROL|DELETE|WRITE_DAC|WRITE_OWNER|QUERY|MAP_WRITE|MAP_READ
ReetFPS.exe,15040,DESKTOP-M4PIKSF\dani,0x00001F48,Section,,,READ_CONTROL|DELETE|WRITE_DAC|WRITE_OWNER|QUERY|MAP_WRITE|MAP_READ
ReetFPS.exe,15040,DESKTOP-M4PIKSF\dani,0x00001F4C,Section,,,READ_CONTROL|DELETE|WRITE_DAC|WRITE_OWNER|QUERY|MAP_WRITE|MAP_READ
ReetFPS.exe,15040,DESKTOP-M4PIKSF\dani,0x00001F50,Section,,,READ_CONTROL|DELETE|WRITE_DAC|WRITE_OWNER|QUERY|MAP_WRITE|MAP_READ
ReetFPS.exe,15040,DESKTOP-M4PIKSF\dani,0x00001F54,Section,,,READ_CONTROL|DELETE|WRITE_DAC|WRITE_OWNER|QUERY|MAP_WRITE|MAP_READ
ReetFPS.exe,15040,DESKTOP-M4PIKSF\dani,0x00001F58,Section,,,READ_CONTROL|DELETE|WRITE_DAC|WRITE_OWNER|QUERY|MAP_WRITE|MAP_READ
ReetFPS.exe,15040,DESKTOP-M4PIKSF\dani,0x00001F5C,Section,,,READ_CONTROL|DELETE|WRITE_DAC|WRITE_OWNER|QUERY|MAP_WRITE|MAP_READ
ReetFPS.exe,15040,DESKTOP-M4PIKSF\dani,0x00001F60,Section,,,READ_CONTROL|DELETE|WRITE_DAC|WRITE_OWNER|QUERY|MAP_WRITE|MAP_READ
ReetFPS.exe,15040,DESKTOP-M4PIKSF\dani,0x00001F64,Section,,,READ_CONTROL|DELETE|WRITE_DAC|WRITE_OWNER|QUERY|MAP_WRITE|MAP_READ
ReetFPS.exe,15040,DESKTOP-M4PIKSF\dani,0x00001F68,Section,,,READ_CONTROL|DELETE|WRITE_DAC|WRITE_OWNER|QUERY|MAP_WRITE|MAP_READ
ReetFPS.exe,15040,DESKTOP-M4PIKSF\dani,0x00001F6C,Section,,,READ_CONTROL|DELETE|WRITE_DAC|WRITE_OWNER|QUERY|MAP_WRITE|MAP_READ
ReetFPS.exe,15040,DESKTOP-M4PIKSF\dani,0x00001F70,Section,,,READ_CONTROL|DELETE|WRITE_DAC|WRITE_OWNER|QUERY|MAP_WRITE|MAP_READ
ReetFPS.exe,15040,DESKTOP-M4PIKSF\dani,0x00001F74,Section,,,READ_CONTROL|DELETE|WRITE_DAC|WRITE_OWNER|QUERY|MAP_WRITE|MAP_READ
ReetFPS.exe,15040,DESKTOP-M4PIKSF\dani,0x00001F78,Section,,,READ_CONTROL|DELETE|WRITE_DAC|WRITE_OWNER|QUERY|MAP_WRITE|MAP_READ
ReetFPS.exe,15040,DESKTOP-M4PIKSF\dani,0x00001F7C,Section,,,READ_CONTROL|DELETE|WRITE_DAC|WRITE_OWNER|QUERY|MAP_WRITE|MAP_READ
ReetFPS.exe,15040,DESKTOP-M4PIKSF\dani,0x00001F80,Section,,,READ_CONTROL|DELETE|WRITE_DAC|WRITE_OWNER|QUERY|MAP_WRITE|MAP_READ
ReetFPS.exe,15040,DESKTOP-M4PIKSF\dani,0x00001F84,Section,,,READ_CONTROL|DELETE|WRITE_DAC|WRITE_OWNER|QUERY|MAP_WRITE|MAP_READ
ReetFPS.exe,15040,DESKTOP-M4PIKSF\dani,0x00001F88,Section,,,READ_CONTROL|DELETE|WRITE_DAC|WRITE_OWNER|QUERY|MAP_WRITE|MAP_READ
ReetFPS.exe,15040,DESKTOP-M4PIKSF\dani,0x00001F8C,Section,,,READ_CONTROL|DELETE|WRITE_DAC|WRITE_OWNER|QUERY|MAP_WRITE|MAP_READ
ReetFPS.exe,15040,DESKTOP-M4PIKSF\dani,0x00001F90,Section,,,READ_CONTROL|DELETE|WRITE_DAC|WRITE_OWNER|QUERY|MAP_WRITE|MAP_READ
ReetFPS.exe,15040,DESKTOP-M4PIKSF\dani,0x00001F94,Section,,,READ_CONTROL|DELETE|WRITE_DAC|WRITE_OWNER|QUERY|MAP_WRITE|MAP_READ
ReetFPS.exe,15040,DESKTOP-M4PIKSF\dani,0x00001F98,Section,,,READ_CONTROL|DELETE|WRITE_DAC|WRITE_OWNER|QUERY|MAP_WRITE|MAP_READ
ReetFPS.exe,15040,DESKTOP-M4PIKSF\dani,0x00001F9C,Section,,,READ_CONTROL|DELETE|WRITE_DAC|WRITE_OWNER|QUERY|MAP_WRITE|MAP_READ
ReetFPS.exe,15040,DESKTOP-M4PIKSF\dani,0x00001FA0,Key,,HKCU\Software\Microsoft\Windows\CurrentVersion\Explorer\FileExts,READ_CONTROL|KEY_READ
ReetFPS.exe,15040,DESKTOP-M4PIKSF\dani,0x00001FA4,Section,,,READ_CONTROL|DELETE|WRITE_DAC|WRITE_OWNER|QUERY|MAP_WRITE|MAP_READ
ReetFPS.exe,15040,DESKTOP-M4PIKSF\dani,0x00001FA8,Section,,,READ_CONTROL|DELETE|WRITE_DAC|WRITE_OWNER|QUERY|MAP_WRITE|MAP_READ
ReetFPS.exe,15040,DESKTOP-M4PIKSF\dani,0x00001FAC,Section,,,READ_CONTROL|DELETE|WRITE_DAC|WRITE_OWNER|QUERY|MAP_WRITE|MAP_READ
ReetFPS.exe,15040,DESKTOP-M4PIKSF\dani,0x00001FB0,Section,,,READ_CONTROL|DELETE|WRITE_DAC|WRITE_OWNER|QUERY|MAP_WRITE|MAP_READ
ReetFPS.exe,15040,DESKTOP-M4PIKSF\dani,0x00001FB4,Section,,,READ_CONTROL|DELETE|WRITE_DAC|WRITE_OWNER|QUERY|MAP_WRITE|MAP_READ
ReetFPS.exe,15040,DESKTOP-M4PIKSF\dani,0x00001FB8,Section,,,READ_CONTROL|DELETE|WRITE_DAC|WRITE_OWNER|QUERY|MAP_WRITE|MAP_READ
ReetFPS.exe,15040,DESKTOP-M4PIKSF\dani,0x00001FBC,Section,,,READ_CONTROL|DELETE|WRITE_DAC|WRITE_OWNER|QUERY|MAP_WRITE|MAP_READ
ReetFPS.exe,15040,DESKTOP-M4PIKSF\dani,0x00001FC0,Section,,,READ_CONTROL|DELETE|WRITE_DAC|WRITE_OWNER|QUERY|MAP_WRITE|MAP_READ
ReetFPS.exe,15040,DESKTOP-M4PIKSF\dani,0x00001FC4,Section,,,READ_CONTROL|DELETE|WRITE_DAC|WRITE_OWNER|QUERY|MAP_WRITE|MAP_READ
ReetFPS.exe,15040,DESKTOP-M4PIKSF\dani,0x00001FC8,Section,,,READ_CONTROL|DELETE|WRITE_DAC|WRITE_OWNER|QUERY|MAP_WRITE|MAP_READ
ReetFPS.exe,15040,DESKTOP-M4PIKSF\dani,0x00001FCC,Section,,,READ_CONTROL|DELETE|WRITE_DAC|WRITE_OWNER|QUERY|MAP_WRITE|MAP_READ
ReetFPS.exe,15040,DESKTOP-M4PIKSF\dani,0x00001FD0,Section,,,READ_CONTROL|DELETE|WRITE_DAC|WRITE_OWNER|QUERY|MAP_WRITE|MAP_READ
ReetFPS.exe,15040,DESKTOP-M4PIKSF\dani,0x00001FD4,Section,,,READ_CONTROL|DELETE|WRITE_DAC|WRITE_OWNER|QUERY|MAP_WRITE|MAP_READ
ReetFPS.exe,15040,DESKTOP-M4PIKSF\dani,0x00001FD8,Section,,,READ_CONTROL|DELETE|WRITE_DAC|WRITE_OWNER|QUERY|MAP_WRITE|MAP_READ
ReetFPS.exe,15040,DESKTOP-M4PIKSF\dani,0x00001FDC,Section,,,READ_CONTROL|DELETE|WRITE_DAC|WRITE_OWNER|QUERY|MAP_WRITE|MAP_READ
ReetFPS.exe,15040,DESKTOP-M4PIKSF\dani,0x00001FE0,Section,,,READ_CONTROL|DELETE|WRITE_DAC|WRITE_OWNER|QUERY|MAP_WRITE|MAP_READ
ReetFPS.exe,15040,DESKTOP-M4PIKSF\dani,0x00001FE4,Section,,,READ_CONTROL|DELETE|WRITE_DAC|WRITE_OWNER|QUERY|MAP_WRITE|MAP_READ
ReetFPS.exe,15040,DESKTOP-M4PIKSF\dani,0x00001FE8,Section,,,READ_CONTROL|DELETE|WRITE_DAC|WRITE_OWNER|QUERY|MAP_WRITE|MAP_READ
ReetFPS.exe,15040,DESKTOP-M4PIKSF\dani,0x00001FEC,Section,,,READ_CONTROL|DELETE|WRITE_DAC|WRITE_OWNER|QUERY|MAP_WRITE|MAP_READ
ReetFPS.exe,15040,DESKTOP-M4PIKSF\dani,0x00001FF0,Section,,,READ_CONTROL|DELETE|WRITE_DAC|WRITE_OWNER|QUERY|MAP_WRITE|MAP_READ
ReetFPS.exe,15040,DESKTOP-M4PIKSF\dani,0x00001FF4,Section,,,READ_CONTROL|DELETE|WRITE_DAC|WRITE_OWNER|QUERY|MAP_WRITE|MAP_READ
ReetFPS.exe,15040,DESKTOP-M4PIKSF\dani,0x00001FF8,Section,,,READ_CONTROL|DELETE|WRITE_DAC|WRITE_OWNER|QUERY|MAP_WRITE|MAP_READ
ReetFPS.exe,15040,DESKTOP-M4PIKSF\dani,0x00001FFC,Section,,,READ_CONTROL|DELETE|WRITE_DAC|WRITE_OWNER|QUERY|MAP_WRITE|MAP_READ
ReetFPS.exe,15040,DESKTOP-M4PIKSF\dani,0x00002004,Section,,,READ_CONTROL|DELETE|WRITE_DAC|WRITE_OWNER|QUERY|MAP_WRITE|MAP_READ
ReetFPS.exe,15040,DESKTOP-M4PIKSF\dani,0x00002008,Section,,,READ_CONTROL|DELETE|WRITE_DAC|WRITE_OWNER|QUERY|MAP_WRITE|MAP_READ
ReetFPS.exe,15040,DESKTOP-M4PIKSF\dani,0x0000200C,Section,,,READ_CONTROL|DELETE|WRITE_DAC|WRITE_OWNER|QUERY|MAP_WRITE|MAP_READ
ReetFPS.exe,15040,DESKTOP-M4PIKSF\dani,0x00002010,Section,,,READ_CONTROL|DELETE|WRITE_DAC|WRITE_OWNER|QUERY|MAP_WRITE|MAP_READ
ReetFPS.exe,15040,DESKTOP-M4PIKSF\dani,0x00002014,Section,,,READ_CONTROL|DELETE|WRITE_DAC|WRITE_OWNER|QUERY|MAP_WRITE|MAP_READ
ReetFPS.exe,15040,DESKTOP-M4PIKSF\dani,0x00002018,Section,,,READ_CONTROL|DELETE|WRITE_DAC|WRITE_OWNER|QUERY|MAP_WRITE|MAP_READ
ReetFPS.exe,15040,DESKTOP-M4PIKSF\dani,0x0000201C,Section,,,READ_CONTROL|DELETE|WRITE_DAC|WRITE_OWNER|QUERY|MAP_WRITE|MAP_READ
ReetFPS.exe,15040,DESKTOP-M4PIKSF\dani,0x00002020,Section,,,READ_CONTROL|DELETE|WRITE_DAC|WRITE_OWNER|QUERY|MAP_WRITE|MAP_READ
ReetFPS.exe,15040,DESKTOP-M4PIKSF\dani,0x00002024,Section,,,READ_CONTROL|DELETE|WRITE_DAC|WRITE_OWNER|QUERY|MAP_WRITE|MAP_READ
ReetFPS.exe,15040,DESKTOP-M4PIKSF\dani,0x00002028,Section,,,READ_CONTROL|DELETE|WRITE_DAC|WRITE_OWNER|QUERY|MAP_WRITE|MAP_READ
ReetFPS.exe,15040,DESKTOP-M4PIKSF\dani,0x0000202C,Section,,,READ_CONTROL|DELETE|WRITE_DAC|WRITE_OWNER|QUERY|MAP_WRITE|MAP_READ
ReetFPS.exe,15040,DESKTOP-M4PIKSF\dani,0x00002030,Section,,,READ_CONTROL|DELETE|WRITE_DAC|WRITE_OWNER|QUERY|MAP_WRITE|MAP_READ
ReetFPS.exe,15040,DESKTOP-M4PIKSF\dani,0x00002034,Section,,,READ_CONTROL|DELETE|WRITE_DAC|WRITE_OWNER|QUERY|MAP_WRITE|MAP_READ
ReetFPS.exe,15040,DESKTOP-M4PIKSF\dani,0x00002038,Section,,,READ_CONTROL|DELETE|WRITE_DAC|WRITE_OWNER|QUERY|MAP_WRITE|MAP_READ
ReetFPS.exe,15040,DESKTOP-M4PIKSF\dani,0x0000203C,Section,,,READ_CONTROL|DELETE|WRITE_DAC|WRITE_OWNER|QUERY|MAP_WRITE|MAP_READ
ReetFPS.exe,15040,DESKTOP-M4PIKSF\dani,0x00002040,Section,,,READ_CONTROL|DELETE|WRITE_DAC|WRITE_OWNER|QUERY|MAP_WRITE|MAP_READ
ReetFPS.exe,15040,DESKTOP-M4PIKSF\dani,0x00002044,Section,,,READ_CONTROL|DELETE|WRITE_DAC|WRITE_OWNER|QUERY|MAP_WRITE|MAP_READ
ReetFPS.exe,15040,DESKTOP-M4PIKSF\dani,0x00002048,Section,,,READ_CONTROL|DELETE|WRITE_DAC|WRITE_OWNER|QUERY|MAP_WRITE|MAP_READ
ReetFPS.exe,15040,DESKTOP-M4PIKSF\dani,0x0000204C,Section,,,READ_CONTROL|DELETE|WRITE_DAC|WRITE_OWNER|QUERY|MAP_WRITE|MAP_READ
ReetFPS.exe,15040,DESKTOP-M4PIKSF\dani,0x00002050,Section,,,READ_CONTROL|DELETE|WRITE_DAC|WRITE_OWNER|QUERY|MAP_WRITE|MAP_READ
ReetFPS.exe,15040,DESKTOP-M4PIKSF\dani,0x00002054,Section,,,READ_CONTROL|DELETE|WRITE_DAC|WRITE_OWNER|QUERY|MAP_WRITE|MAP_READ
ReetFPS.exe,15040,DESKTOP-M4PIKSF\dani,0x00002058,Section,,,READ_CONTROL|DELETE|WRITE_DAC|WRITE_OWNER|QUERY|MAP_WRITE|MAP_READ
ReetFPS.exe,15040,DESKTOP-M4PIKSF\dani,0x0000205C,Section,,,READ_CONTROL|DELETE|WRITE_DAC|WRITE_OWNER|QUERY|MAP_WRITE|MAP_READ
ReetFPS.exe,15040,DESKTOP-M4PIKSF\dani,0x00002060,Section,,,READ_CONTROL|DELETE|WRITE_DAC|WRITE_OWNER|QUERY|MAP_WRITE|MAP_READ
ReetFPS.exe,15040,DESKTOP-M4PIKSF\dani,0x00002064,Section,,,READ_CONTROL|DELETE|WRITE_DAC|WRITE_OWNER|QUERY|MAP_WRITE|MAP_READ
ReetFPS.exe,15040,DESKTOP-M4PIKSF\dani,0x00002068,Section,,,READ_CONTROL|DELETE|WRITE_DAC|WRITE_OWNER|QUERY|MAP_WRITE|MAP_READ
ReetFPS.exe,15040,DESKTOP-M4PIKSF\dani,0x0000206C,Section,,,READ_CONTROL|DELETE|WRITE_DAC|WRITE_OWNER|QUERY|MAP_WRITE|MAP_READ
ReetFPS.exe,15040,DESKTOP-M4PIKSF\dani,0x00002070,Section,,,READ_CONTROL|DELETE|WRITE_DAC|WRITE_OWNER|QUERY|MAP_WRITE|MAP_READ
ReetFPS.exe,15040,DESKTOP-M4PIKSF\dani,0x00002074,Section,,,READ_CONTROL|DELETE|WRITE_DAC|WRITE_OWNER|QUERY|MAP_WRITE|MAP_READ
ReetFPS.exe,15040,DESKTOP-M4PIKSF\dani,0x00002078,Section,,,READ_CONTROL|DELETE|WRITE_DAC|WRITE_OWNER|QUERY|MAP_WRITE|MAP_READ
ReetFPS.exe,15040,DESKTOP-M4PIKSF\dani,0x0000207C,Section,,,READ_CONTROL|DELETE|WRITE_DAC|WRITE_OWNER|QUERY|MAP_WRITE|MAP_READ
ReetFPS.exe,15040,DESKTOP-M4PIKSF\dani,0x00002080,Section,,,READ_CONTROL|DELETE|WRITE_DAC|WRITE_OWNER|QUERY|MAP_WRITE|MAP_READ
ReetFPS.exe,15040,DESKTOP-M4PIKSF\dani,0x00002084,Section,,,READ_CONTROL|DELETE|WRITE_DAC|WRITE_OWNER|QUERY|MAP_WRITE|MAP_READ
ReetFPS.exe,15040,DESKTOP-M4PIKSF\dani,0x00002088,Section,,,READ_CONTROL|DELETE|WRITE_DAC|WRITE_OWNER|QUERY|MAP_WRITE|MAP_READ
ReetFPS.exe,15040,DESKTOP-M4PIKSF\dani,0x0000208C,Section,,,READ_CONTROL|DELETE|WRITE_DAC|WRITE_OWNER|QUERY|MAP_WRITE|MAP_READ
ReetFPS.exe,15040,DESKTOP-M4PIKSF\dani,0x00002090,Section,,,READ_CONTROL|DELETE|WRITE_DAC|WRITE_OWNER|QUERY|MAP_WRITE|MAP_READ
ReetFPS.exe,15040,DESKTOP-M4PIKSF\dani,0x00002094,Section,,,READ_CONTROL|DELETE|WRITE_DAC|WRITE_OWNER|QUERY|MAP_WRITE|MAP_READ
ReetFPS.exe,15040,DESKTOP-M4PIKSF\dani,0x00002098,Section,,,READ_CONTROL|DELETE|WRITE_DAC|WRITE_OWNER|QUERY|MAP_WRITE|MAP_READ
ReetFPS.exe,15040,DESKTOP-M4PIKSF\dani,0x0000209C,Section,,,READ_CONTROL|DELETE|WRITE_DAC|WRITE_OWNER|QUERY|MAP_WRITE|MAP_READ
ReetFPS.exe,15040,DESKTOP-M4PIKSF\dani,0x000020A0,Section,,,READ_CONTROL|DELETE|WRITE_DAC|WRITE_OWNER|QUERY|MAP_WRITE|MAP_READ
ReetFPS.exe,15040,DESKTOP-M4PIKSF\dani,0x000020A4,Section,,,READ_CONTROL|DELETE|WRITE_DAC|WRITE_OWNER|QUERY|MAP_WRITE|MAP_READ
ReetFPS.exe,15040,DESKTOP-M4PIKSF\dani,0x000020A8,Section,,,READ_CONTROL|DELETE|WRITE_DAC|WRITE_OWNER|QUERY|MAP_WRITE|MAP_READ
ReetFPS.exe,15040,DESKTOP-M4PIKSF\dani,0x000020AC,Section,,,READ_CONTROL|DELETE|WRITE_DAC|WRITE_OWNER|QUERY|MAP_WRITE|MAP_READ
ReetFPS.exe,15040,DESKTOP-M4PIKSF\dani,0x000020B0,Section,,,READ_CONTROL|DELETE|WRITE_DAC|WRITE_OWNER|QUERY|MAP_WRITE|MAP_READ
ReetFPS.exe,15040,DESKTOP-M4PIKSF\dani,0x000020B4,Section,,,READ_CONTROL|DELETE|WRITE_DAC|WRITE_OWNER|QUERY|MAP_WRITE|MAP_READ
ReetFPS.exe,15040,DESKTOP-M4PIKSF\dani,0x000020B8,Section,,,READ_CONTROL|DELETE|WRITE_DAC|WRITE_OWNER|QUERY|MAP_WRITE|MAP_READ
ReetFPS.exe,15040,DESKTOP-M4PIKSF\dani,0x000020BC,Section,,,READ_CONTROL|DELETE|WRITE_DAC|WRITE_OWNER|QUERY|MAP_WRITE|MAP_READ
ReetFPS.exe,15040,DESKTOP-M4PIKSF\dani,0x000020C0,Section,,,READ_CONTROL|DELETE|WRITE_DAC|WRITE_OWNER|QUERY|MAP_WRITE|MAP_READ
ReetFPS.exe,15040,DESKTOP-M4PIKSF\dani,0x000020C4,Section,,,READ_CONTROL|DELETE|WRITE_DAC|WRITE_OWNER|QUERY|MAP_WRITE|MAP_READ
ReetFPS.exe,15040,DESKTOP-M4PIKSF\dani,0x000020C8,Section,,,READ_CONTROL|DELETE|WRITE_DAC|WRITE_OWNER|QUERY|MAP_WRITE|MAP_READ
ReetFPS.exe,15040,DESKTOP-M4PIKSF\dani,0x000020CC,Section,,,READ_CONTROL|DELETE|WRITE_DAC|WRITE_OWNER|QUERY|MAP_WRITE|MAP_READ
ReetFPS.exe,15040,DESKTOP-M4PIKSF\dani,0x000020D0,Section,,,READ_CONTROL|DELETE|WRITE_DAC|WRITE_OWNER|QUERY|MAP_WRITE|MAP_READ
ReetFPS.exe,15040,DESKTOP-M4PIKSF\dani,0x000020D4,Section,,,READ_CONTROL|DELETE|WRITE_DAC|WRITE_OWNER|QUERY|MAP_WRITE|MAP_READ
ReetFPS.exe,15040,DESKTOP-M4PIKSF\dani,0x000020D8,Section,,,READ_CONTROL|DELETE|WRITE_DAC|WRITE_OWNER|QUERY|MAP_WRITE|MAP_READ
ReetFPS.exe,15040,DESKTOP-M4PIKSF\dani,0x000020DC,Section,,,READ_CONTROL|DELETE|WRITE_DAC|WRITE_OWNER|QUERY|MAP_WRITE|MAP_READ
ReetFPS.exe,15040,DESKTOP-M4PIKSF\dani,0x000020E0,Section,,,READ_CONTROL|DELETE|WRITE_DAC|WRITE_OWNER|QUERY|MAP_WRITE|MAP_READ
ReetFPS.exe,15040,DESKTOP-M4PIKSF\dani,0x000020E4,Section,,,READ_CONTROL|DELETE|WRITE_DAC|WRITE_OWNER|QUERY|MAP_WRITE|MAP_READ
ReetFPS.exe,15040,DESKTOP-M4PIKSF\dani,0x000020E8,Section,,,READ_CONTROL|DELETE|WRITE_DAC|WRITE_OWNER|QUERY|MAP_WRITE|MAP_READ
ReetFPS.exe,15040,DESKTOP-M4PIKSF\dani,0x000020EC,Section,,,READ_CONTROL|DELETE|WRITE_DAC|WRITE_OWNER|QUERY|MAP_WRITE|MAP_READ
ReetFPS.exe,15040,DESKTOP-M4PIKSF\dani,0x000020F0,Section,,,READ_CONTROL|DELETE|WRITE_DAC|WRITE_OWNER|QUERY|MAP_WRITE|MAP_READ
ReetFPS.exe,15040,DESKTOP-M4PIKSF\dani,0x000020F4,Section,,,READ_CONTROL|DELETE|WRITE_DAC|WRITE_OWNER|QUERY|MAP_WRITE|MAP_READ
ReetFPS.exe,15040,DESKTOP-M4PIKSF\dani,0x000020F8,Section,,,READ_CONTROL|DELETE|WRITE_DAC|WRITE_OWNER|QUERY|MAP_WRITE|MAP_READ
ReetFPS.exe,15040,DESKTOP-M4PIKSF\dani,0x000020FC,Section,,,READ_CONTROL|DELETE|WRITE_DAC|WRITE_OWNER|QUERY|MAP_WRITE|MAP_READ
ReetFPS.exe,15040,DESKTOP-M4PIKSF\dani,0x00002100,Section,,,READ_CONTROL|DELETE|WRITE_DAC|WRITE_OWNER|QUERY|MAP_WRITE|MAP_READ
ReetFPS.exe,15040,DESKTOP-M4PIKSF\dani,0x00002104,Section,,,READ_CONTROL|DELETE|WRITE_DAC|WRITE_OWNER|QUERY|MAP_WRITE|MAP_READ
ReetFPS.exe,15040,DESKTOP-M4PIKSF\dani,0x00002108,Section,,,READ_CONTROL|DELETE|WRITE_DAC|WRITE_OWNER|QUERY|MAP_WRITE|MAP_READ
ReetFPS.exe,15040,DESKTOP-M4PIKSF\dani,0x0000210C,Section,,,READ_CONTROL|DELETE|WRITE_DAC|WRITE_OWNER|QUERY|MAP_WRITE|MAP_READ
ReetFPS.exe,15040,DESKTOP-M4PIKSF\dani,0x00002110,Section,,,READ_CONTROL|DELETE|WRITE_DAC|WRITE_OWNER|QUERY|MAP_WRITE|MAP_READ
ReetFPS.exe,15040,DESKTOP-M4PIKSF\dani,0x00002114,Section,,,READ_CONTROL|DELETE|WRITE_DAC|WRITE_OWNER|QUERY|MAP_WRITE|MAP_READ
ReetFPS.exe,15040,DESKTOP-M4PIKSF\dani,0x00002118,Section,,,READ_CONTROL|DELETE|WRITE_DAC|WRITE_OWNER|QUERY|MAP_WRITE|MAP_READ
ReetFPS.exe,15040,DESKTOP-M4PIKSF\dani,0x0000211C,Section,,,READ_CONTROL|DELETE|WRITE_DAC|WRITE_OWNER|QUERY|MAP_WRITE|MAP_READ
ReetFPS.exe,15040,DESKTOP-M4PIKSF\dani,0x00002120,Section,,,READ_CONTROL|DELETE|WRITE_DAC|WRITE_OWNER|QUERY|MAP_WRITE|MAP_READ
ReetFPS.exe,15040,DESKTOP-M4PIKSF\dani,0x00002124,Section,,,READ_CONTROL|DELETE|WRITE_DAC|WRITE_OWNER|QUERY|MAP_WRITE|MAP_READ
ReetFPS.exe,15040,DESKTOP-M4PIKSF\dani,0x00002128,Section,,,READ_CONTROL|DELETE|WRITE_DAC|WRITE_OWNER|QUERY|MAP_WRITE|MAP_READ
ReetFPS.exe,15040,DESKTOP-M4PIKSF\dani,0x0000212C,Section,,,READ_CONTROL|DELETE|WRITE_DAC|WRITE_OWNER|QUERY|MAP_WRITE|MAP_READ
ReetFPS.exe,15040,DESKTOP-M4PIKSF\dani,0x00002130,Section,,,READ_CONTROL|DELETE|WRITE_DAC|WRITE_OWNER|QUERY|MAP_WRITE|MAP_READ
ReetFPS.exe,15040,DESKTOP-M4PIKSF\dani,0x00002134,Section,,,READ_CONTROL|DELETE|WRITE_DAC|WRITE_OWNER|QUERY|MAP_WRITE|MAP_READ
ReetFPS.exe,15040,DESKTOP-M4PIKSF\dani,0x00002138,Section,,,READ_CONTROL|DELETE|WRITE_DAC|WRITE_OWNER|QUERY|MAP_WRITE|MAP_READ
ReetFPS.exe,15040,DESKTOP-M4PIKSF\dani,0x0000213C,Section,,,READ_CONTROL|DELETE|WRITE_DAC|WRITE_OWNER|QUERY|MAP_WRITE|MAP_READ
ReetFPS.exe,15040,DESKTOP-M4PIKSF\dani,0x00002140,Section,,,READ_CONTROL|DELETE|WRITE_DAC|WRITE_OWNER|QUERY|MAP_WRITE|MAP_READ
ReetFPS.exe,15040,DESKTOP-M4PIKSF\dani,0x00002144,Section,,,READ_CONTROL|DELETE|WRITE_DAC|WRITE_OWNER|QUERY|MAP_WRITE|MAP_READ
ReetFPS.exe,15040,DESKTOP-M4PIKSF\dani,0x00002148,Section,,,READ_CONTROL|DELETE|WRITE_DAC|WRITE_OWNER|QUERY|MAP_WRITE|MAP_READ
ReetFPS.exe,15040,DESKTOP-M4PIKSF\dani,0x0000214C,Section,,,READ_CONTROL|DELETE|WRITE_DAC|WRITE_OWNER|QUERY|MAP_WRITE|MAP_READ
ReetFPS.exe,15040,DESKTOP-M4PIKSF\dani,0x00002150,Section,,,READ_CONTROL|DELETE|WRITE_DAC|WRITE_OWNER|QUERY|MAP_WRITE|MAP_READ
ReetFPS.exe,15040,DESKTOP-M4PIKSF\dani,0x00002154,Section,,,READ_CONTROL|DELETE|WRITE_DAC|WRITE_OWNER|QUERY|MAP_WRITE|MAP_READ
ReetFPS.exe,15040,DESKTOP-M4PIKSF\dani,0x00002158,Section,,,READ_CONTROL|DELETE|WRITE_DAC|WRITE_OWNER|QUERY|MAP_WRITE|MAP_READ
ReetFPS.exe,15040,DESKTOP-M4PIKSF\dani,0x0000215C,Section,,,READ_CONTROL|DELETE|WRITE_DAC|WRITE_OWNER|QUERY|MAP_WRITE|MAP_READ
ReetFPS.exe,15040,DESKTOP-M4PIKSF\dani,0x00002160,Section,,,READ_CONTROL|DELETE|WRITE_DAC|WRITE_OWNER|QUERY|MAP_WRITE|MAP_READ
ReetFPS.exe,15040,DESKTOP-M4PIKSF\dani,0x00002164,Section,,,READ_CONTROL|DELETE|WRITE_DAC|WRITE_OWNER|QUERY|MAP_WRITE|MAP_READ
ReetFPS.exe,15040,DESKTOP-M4PIKSF\dani,0x00002168,Section,,,READ_CONTROL|DELETE|WRITE_DAC|WRITE_OWNER|QUERY|MAP_WRITE|MAP_READ
ReetFPS.exe,15040,DESKTOP-M4PIKSF\dani,0x0000216C,Section,,,READ_CONTROL|DELETE|WRITE_DAC|WRITE_OWNER|QUERY|MAP_WRITE|MAP_READ
ReetFPS.exe,15040,DESKTOP-M4PIKSF\dani,0x00002170,Section,,,READ_CONTROL|DELETE|WRITE_DAC|WRITE_OWNER|QUERY|MAP_WRITE|MAP_READ
ReetFPS.exe,15040,DESKTOP-M4PIKSF\dani,0x00002174,Section,,,READ_CONTROL|DELETE|WRITE_DAC|WRITE_OWNER|QUERY|MAP_WRITE|MAP_READ
ReetFPS.exe,15040,DESKTOP-M4PIKSF\dani,0x00002178,Section,,,READ_CONTROL|DELETE|WRITE_DAC|WRITE_OWNER|QUERY|MAP_WRITE|MAP_READ
ReetFPS.exe,15040,DESKTOP-M4PIKSF\dani,0x0000217C,Section,,,READ_CONTROL|DELETE|WRITE_DAC|WRITE_OWNER|QUERY|MAP_WRITE|MAP_READ
ReetFPS.exe,15040,DESKTOP-M4PIKSF\dani,0x00002180,Section,,,READ_CONTROL|DELETE|WRITE_DAC|WRITE_OWNER|QUERY|MAP_WRITE|MAP_READ
ReetFPS.exe,15040,DESKTOP-M4PIKSF\dani,0x00002184,Section,,,READ_CONTROL|DELETE|WRITE_DAC|WRITE_OWNER|QUERY|MAP_WRITE|MAP_READ
ReetFPS.exe,15040,DESKTOP-M4PIKSF\dani,0x00002188,Section,,,READ_CONTROL|DELETE|WRITE_DAC|WRITE_OWNER|QUERY|MAP_WRITE|MAP_READ
ReetFPS.exe,15040,DESKTOP-M4PIKSF\dani,0x0000218C,Section,,,READ_CONTROL|DELETE|WRITE_DAC|WRITE_OWNER|QUERY|MAP_WRITE|MAP_READ
ReetFPS.exe,15040,DESKTOP-M4PIKSF\dani,0x00002190,Section,,,READ_CONTROL|DELETE|WRITE_DAC|WRITE_OWNER|QUERY|MAP_WRITE|MAP_READ
ReetFPS.exe,15040,DESKTOP-M4PIKSF\dani,0x00002194,Section,,,READ_CONTROL|DELETE|WRITE_DAC|WRITE_OWNER|QUERY|MAP_WRITE|MAP_READ
ReetFPS.exe,15040,DESKTOP-M4PIKSF\dani,0x00002198,Section,,,READ_CONTROL|DELETE|WRITE_DAC|WRITE_OWNER|QUERY|MAP_WRITE|MAP_READ
ReetFPS.exe,15040,DESKTOP-M4PIKSF\dani,0x0000219C,Section,,,READ_CONTROL|DELETE|WRITE_DAC|WRITE_OWNER|QUERY|MAP_WRITE|MAP_READ
ReetFPS.exe,15040,DESKTOP-M4PIKSF\dani,0x000021A0,Section,,,READ_CONTROL|DELETE|WRITE_DAC|WRITE_OWNER|QUERY|MAP_WRITE|MAP_READ
ReetFPS.exe,15040,DESKTOP-M4PIKSF\dani,0x000021A4,Section,,,READ_CONTROL|DELETE|WRITE_DAC|WRITE_OWNER|QUERY|MAP_WRITE|MAP_READ
ReetFPS.exe,15040,DESKTOP-M4PIKSF\dani,0x000021A8,Section,,,READ_CONTROL|DELETE|WRITE_DAC|WRITE_OWNER|QUERY|MAP_WRITE|MAP_READ
ReetFPS.exe,15040,DESKTOP-M4PIKSF\dani,0x000021AC,Section,,,READ_CONTROL|DELETE|WRITE_DAC|WRITE_OWNER|QUERY|MAP_WRITE|MAP_READ
ReetFPS.exe,15040,DESKTOP-M4PIKSF\dani,0x000021B0,Section,,,READ_CONTROL|DELETE|WRITE_DAC|WRITE_OWNER|QUERY|MAP_WRITE|MAP_READ
ReetFPS.exe,15040,DESKTOP-M4PIKSF\dani,0x000021B4,Section,,,READ_CONTROL|DELETE|WRITE_DAC|WRITE_OWNER|QUERY|MAP_WRITE|MAP_READ
ReetFPS.exe,15040,DESKTOP-M4PIKSF\dani,0x000021B8,Section,,,READ_CONTROL|DELETE|WRITE_DAC|WRITE_OWNER|QUERY|MAP_WRITE|MAP_READ
ReetFPS.exe,15040,DESKTOP-M4PIKSF\dani,0x000021BC,Section,,,READ_CONTROL|DELETE|WRITE_DAC|WRITE_OWNER|QUERY|MAP_WRITE|MAP_READ
ReetFPS.exe,15040,DESKTOP-M4PIKSF\dani,0x000021C0,Section,,,READ_CONTROL|DELETE|WRITE_DAC|WRITE_OWNER|QUERY|MAP_WRITE|MAP_READ
ReetFPS.exe,15040,DESKTOP-M4PIKSF\dani,0x000021C4,Section,,,READ_CONTROL|DELETE|WRITE_DAC|WRITE_OWNER|QUERY|MAP_WRITE|MAP_READ
ReetFPS.exe,15040,DESKTOP-M4PIKSF\dani,0x000021C8,Section,,,READ_CONTROL|DELETE|WRITE_DAC|WRITE_OWNER|QUERY|MAP_WRITE|MAP_READ
ReetFPS.exe,15040,DESKTOP-M4PIKSF\dani,0x000021CC,Section,,,READ_CONTROL|DELETE|WRITE_DAC|WRITE_OWNER|QUERY|MAP_WRITE|MAP_READ
ReetFPS.exe,15040,DESKTOP-M4PIKSF\dani,0x000021D0,Section,,,READ_CONTROL|DELETE|WRITE_DAC|WRITE_OWNER|QUERY|MAP_WRITE|MAP_READ
ReetFPS.exe,15040,DESKTOP-M4PIKSF\dani,0x000021D4,Section,,,READ_CONTROL|DELETE|WRITE_DAC|WRITE_OWNER|QUERY|MAP_WRITE|MAP_READ
ReetFPS.exe,15040,DESKTOP-M4PIKSF\dani,0x000021D8,Section,,,READ_CONTROL|DELETE|WRITE_DAC|WRITE_OWNER|QUERY|MAP_WRITE|MAP_READ
ReetFPS.exe,15040,DESKTOP-M4PIKSF\dani,0x000021DC,Section,,,READ_CONTROL|DELETE|WRITE_DAC|WRITE_OWNER|QUERY|MAP_WRITE|MAP_READ
ReetFPS.exe,15040,DESKTOP-M4PIKSF\dani,0x000021E0,Section,,,READ_CONTROL|DELETE|WRITE_DAC|WRITE_OWNER|QUERY|MAP_WRITE|MAP_READ
ReetFPS.exe,15040,DESKTOP-M4PIKSF\dani,0x000021E4,Section,,,READ_CONTROL|DELETE|WRITE_DAC|WRITE_OWNER|QUERY|MAP_WRITE|MAP_READ
ReetFPS.exe,15040,DESKTOP-M4PIKSF\dani,0x000021E8,Section,,,READ_CONTROL|DELETE|WRITE_DAC|WRITE_OWNER|QUERY|MAP_WRITE|MAP_READ
ReetFPS.exe,15040,DESKTOP-M4PIKSF\dani,0x000021EC,Section,,,READ_CONTROL|DELETE|WRITE_DAC|WRITE_OWNER|QUERY|MAP_WRITE|MAP_READ
ReetFPS.exe,15040,DESKTOP-M4PIKSF\dani,0x000021F0,Section,,,READ_CONTROL|DELETE|WRITE_DAC|WRITE_OWNER|QUERY|MAP_WRITE|MAP_READ
ReetFPS.exe,15040,DESKTOP-M4PIKSF\dani,0x000021F4,Section,,,READ_CONTROL|DELETE|WRITE_DAC|WRITE_OWNER|QUERY|MAP_WRITE|MAP_READ
ReetFPS.exe,15040,DESKTOP-M4PIKSF\dani,0x000021F8,Section,,,READ_CONTROL|DELETE|WRITE_DAC|WRITE_OWNER|QUERY|MAP_WRITE|MAP_READ
ReetFPS.exe,15040,DESKTOP-M4PIKSF\dani,0x000021FC,Section,,,READ_CONTROL|DELETE|WRITE_DAC|WRITE_OWNER|QUERY|MAP_WRITE|MAP_READ
ReetFPS.exe,15040,DESKTOP-M4PIKSF\dani,0x00002200,Section,,,READ_CONTROL|DELETE|WRITE_DAC|WRITE_OWNER|QUERY|MAP_WRITE|MAP_READ
ReetFPS.exe,15040,DESKTOP-M4PIKSF\dani,0x00002204,Section,,,READ_CONTROL|DELETE|WRITE_DAC|WRITE_OWNER|QUERY|MAP_WRITE|MAP_READ
ReetFPS.exe,15040,DESKTOP-M4PIKSF\dani,0x00002208,Section,,,READ_CONTROL|DELETE|WRITE_DAC|WRITE_OWNER|QUERY|MAP_WRITE|MAP_READ
ReetFPS.exe,15040,DESKTOP-M4PIKSF\dani,0x0000220C,Section,,,READ_CONTROL|DELETE|WRITE_DAC|WRITE_OWNER|QUERY|MAP_WRITE|MAP_READ
ReetFPS.exe,15040,DESKTOP-M4PIKSF\dani,0x00002210,Section,,,READ_CONTROL|DELETE|WRITE_DAC|WRITE_OWNER|QUERY|MAP_WRITE|MAP_READ
ReetFPS.exe,15040,DESKTOP-M4PIKSF\dani,0x00002214,Section,,,READ_CONTROL|DELETE|WRITE_DAC|WRITE_OWNER|QUERY|MAP_WRITE|MAP_READ
ReetFPS.exe,15040,DESKTOP-M4PIKSF\dani,0x00002218,Section,,,READ_CONTROL|DELETE|WRITE_DAC|WRITE_OWNER|QUERY|MAP_WRITE|MAP_READ
ReetFPS.exe,15040,DESKTOP-M4PIKSF\dani,0x0000221C,Section,,,READ_CONTROL|DELETE|WRITE_DAC|WRITE_OWNER|QUERY|MAP_WRITE|MAP_READ
ReetFPS.exe,15040,DESKTOP-M4PIKSF\dani,0x00002220,Section,,,READ_CONTROL|DELETE|WRITE_DAC|WRITE_OWNER|QUERY|MAP_WRITE|MAP_READ
ReetFPS.exe,15040,DESKTOP-M4PIKSF\dani,0x00002224,Section,,,READ_CONTROL|DELETE|WRITE_DAC|WRITE_OWNER|QUERY|MAP_WRITE|MAP_READ
ReetFPS.exe,15040,DESKTOP-M4PIKSF\dani,0x00002228,Section,,,READ_CONTROL|DELETE|WRITE_DAC|WRITE_OWNER|QUERY|MAP_WRITE|MAP_READ
ReetFPS.exe,15040,DESKTOP-M4PIKSF\dani,0x0000222C,Section,,,READ_CONTROL|DELETE|WRITE_DAC|WRITE_OWNER|QUERY|MAP_WRITE|MAP_READ
ReetFPS.exe,15040,DESKTOP-M4PIKSF\dani,0x00002230,Section,,,READ_CONTROL|DELETE|WRITE_DAC|WRITE_OWNER|QUERY|MAP_WRITE|MAP_READ
ReetFPS.exe,15040,DESKTOP-M4PIKSF\dani,0x00002234,Section,,,READ_CONTROL|DELETE|WRITE_DAC|WRITE_OWNER|QUERY|MAP_WRITE|MAP_READ
ReetFPS.exe,15040,DESKTOP-M4PIKSF\dani,0x00002238,Section,,,READ_CONTROL|DELETE|WRITE_DAC|WRITE_OWNER|QUERY|MAP_WRITE|MAP_READ
ReetFPS.exe,15040,DESKTOP-M4PIKSF\dani,0x0000223C,Section,,,READ_CONTROL|DELETE|WRITE_DAC|WRITE_OWNER|QUERY|MAP_WRITE|MAP_READ
ReetFPS.exe,15040,DESKTOP-M4PIKSF\dani,0x00002240,Section,,,READ_CONTROL|DELETE|WRITE_DAC|WRITE_OWNER|QUERY|MAP_WRITE|MAP_READ
ReetFPS.exe,15040,DESKTOP-M4PIKSF\dani,0x00002244,Section,,,READ_CONTROL|DELETE|WRITE_DAC|WRITE_OWNER|QUERY|MAP_WRITE|MAP_READ
ReetFPS.exe,15040,DESKTOP-M4PIKSF\dani,0x00002248,Section,,,READ_CONTROL|DELETE|WRITE_DAC|WRITE_OWNER|QUERY|MAP_WRITE|MAP_READ
ReetFPS.exe,15040,DESKTOP-M4PIKSF\dani,0x0000224C,Section,,,READ_CONTROL|DELETE|WRITE_DAC|WRITE_OWNER|QUERY|MAP_WRITE|MAP_READ
ReetFPS.exe,15040,DESKTOP-M4PIKSF\dani,0x00002250,Section,,,READ_CONTROL|DELETE|WRITE_DAC|WRITE_OWNER|QUERY|MAP_WRITE|MAP_READ
ReetFPS.exe,15040,DESKTOP-M4PIKSF\dani,0x00002254,Section,,,READ_CONTROL|DELETE|WRITE_DAC|WRITE_OWNER|QUERY|MAP_WRITE|MAP_READ
ReetFPS.exe,15040,DESKTOP-M4PIKSF\dani,0x00002258,Section,,,READ_CONTROL|DELETE|WRITE_DAC|WRITE_OWNER|QUERY|MAP_WRITE|MAP_READ
ReetFPS.exe,15040,DESKTOP-M4PIKSF\dani,0x0000225C,Section,,,READ_CONTROL|DELETE|WRITE_DAC|WRITE_OWNER|QUERY|MAP_WRITE|MAP_READ
ReetFPS.exe,15040,DESKTOP-M4PIKSF\dani,0x00002260,Section,,,READ_CONTROL|DELETE|WRITE_DAC|WRITE_OWNER|QUERY|MAP_WRITE|MAP_READ
ReetFPS.exe,15040,DESKTOP-M4PIKSF\dani,0x00002264,Section,,,READ_CONTROL|DELETE|WRITE_DAC|WRITE_OWNER|QUERY|MAP_WRITE|MAP_READ
ReetFPS.exe,15040,DESKTOP-M4PIKSF\dani,0x00002268,Section,,,READ_CONTROL|DELETE|WRITE_DAC|WRITE_OWNER|QUERY|MAP_WRITE|MAP_READ
ReetFPS.exe,15040,DESKTOP-M4PIKSF\dani,0x0000226C,Section,,,READ_CONTROL|DELETE|WRITE_DAC|WRITE_OWNER|QUERY|MAP_WRITE|MAP_READ
ReetFPS.exe,15040,DESKTOP-M4PIKSF\dani,0x00002270,Section,,,READ_CONTROL|DELETE|WRITE_DAC|WRITE_OWNER|QUERY|MAP_WRITE|MAP_READ
ReetFPS.exe,15040,DESKTOP-M4PIKSF\dani,0x00002274,Section,,,READ_CONTROL|DELETE|WRITE_DAC|WRITE_OWNER|QUERY|MAP_WRITE|MAP_READ
ReetFPS.exe,15040,DESKTOP-M4PIKSF\dani,0x00002278,Section,,,READ_CONTROL|DELETE|WRITE_DAC|WRITE_OWNER|QUERY|MAP_WRITE|MAP_READ
ReetFPS.exe,15040,DESKTOP-M4PIKSF\dani,0x0000227C,Section,,,READ_CONTROL|DELETE|WRITE_DAC|WRITE_OWNER|QUERY|MAP_WRITE|MAP_READ
ReetFPS.exe,15040,DESKTOP-M4PIKSF\dani,0x00002280,Section,,,READ_CONTROL|DELETE|WRITE_DAC|WRITE_OWNER|QUERY|MAP_WRITE|MAP_READ
ReetFPS.exe,15040,DESKTOP-M4PIKSF\dani,0x00002284,Section,,,READ_CONTROL|DELETE|WRITE_DAC|WRITE_OWNER|QUERY|MAP_WRITE|MAP_READ
ReetFPS.exe,15040,DESKTOP-M4PIKSF\dani,0x00002288,Section,,,READ_CONTROL|DELETE|WRITE_DAC|WRITE_OWNER|QUERY|MAP_WRITE|MAP_READ
ReetFPS.exe,15040,DESKTOP-M4PIKSF\dani,0x0000228C,Section,,,READ_CONTROL|DELETE|WRITE_DAC|WRITE_OWNER|QUERY|MAP_WRITE|MAP_READ
ReetFPS.exe,15040,DESKTOP-M4PIKSF\dani,0x00002290,Section,,,READ_CONTROL|DELETE|WRITE_DAC|WRITE_OWNER|QUERY|MAP_WRITE|MAP_READ
ReetFPS.exe,15040,DESKTOP-M4PIKSF\dani,0x00002294,Section,,,READ_CONTROL|DELETE|WRITE_DAC|WRITE_OWNER|QUERY|MAP_WRITE|MAP_READ
ReetFPS.exe,15040,DESKTOP-M4PIKSF\dani,0x00002298,Section,,,READ_CONTROL|DELETE|WRITE_DAC|WRITE_OWNER|QUERY|MAP_WRITE|MAP_READ
ReetFPS.exe,15040,DESKTOP-M4PIKSF\dani,0x0000229C,Section,,,READ_CONTROL|DELETE|WRITE_DAC|WRITE_OWNER|QUERY|MAP_WRITE|MAP_READ
ReetFPS.exe,15040,DESKTOP-M4PIKSF\dani,0x000022A0,Section,,,READ_CONTROL|DELETE|WRITE_DAC|WRITE_OWNER|QUERY|MAP_WRITE|MAP_READ
ReetFPS.exe,15040,DESKTOP-M4PIKSF\dani,0x000022A4,Section,,,READ_CONTROL|DELETE|WRITE_DAC|WRITE_OWNER|QUERY|MAP_WRITE|MAP_READ
ReetFPS.exe,15040,DESKTOP-M4PIKSF\dani,0x000022A8,Section,,,READ_CONTROL|DELETE|WRITE_DAC|WRITE_OWNER|QUERY|MAP_WRITE|MAP_READ
ReetFPS.exe,15040,DESKTOP-M4PIKSF\dani,0x000022AC,Section,,,READ_CONTROL|DELETE|WRITE_DAC|WRITE_OWNER|QUERY|MAP_WRITE|MAP_READ
ReetFPS.exe,15040,DESKTOP-M4PIKSF\dani,0x000022B0,Section,,,READ_CONTROL|DELETE|WRITE_DAC|WRITE_OWNER|QUERY|MAP_WRITE|MAP_READ
ReetFPS.exe,15040,DESKTOP-M4PIKSF\dani,0x000022B4,Section,,,READ_CONTROL|DELETE|WRITE_DAC|WRITE_OWNER|QUERY|MAP_WRITE|MAP_READ
ReetFPS.exe,15040,DESKTOP-M4PIKSF\dani,0x000022B8,Section,,,READ_CONTROL|DELETE|WRITE_DAC|WRITE_OWNER|QUERY|MAP_WRITE|MAP_READ
ReetFPS.exe,15040,DESKTOP-M4PIKSF\dani,0x000022BC,Section,,,READ_CONTROL|DELETE|WRITE_DAC|WRITE_OWNER|QUERY|MAP_WRITE|MAP_READ
ReetFPS.exe,15040,DESKTOP-M4PIKSF\dani,0x000022C0,Section,,,READ_CONTROL|DELETE|WRITE_DAC|WRITE_OWNER|QUERY|MAP_WRITE|MAP_READ
ReetFPS.exe,15040,DESKTOP-M4PIKSF\dani,0x000022C4,Section,,,READ_CONTROL|DELETE|WRITE_DAC|WRITE_OWNER|QUERY|MAP_WRITE|MAP_READ
ReetFPS.exe,15040,DESKTOP-M4PIKSF\dani,0x000022C8,Section,,,READ_CONTROL|DELETE|WRITE_DAC|WRITE_OWNER|QUERY|MAP_WRITE|MAP_READ
ReetFPS.exe,15040,DESKTOP-M4PIKSF\dani,0x000022CC,Section,,,READ_CONTROL|DELETE|WRITE_DAC|WRITE_OWNER|QUERY|MAP_WRITE|MAP_READ
ReetFPS.exe,15040,DESKTOP-M4PIKSF\dani,0x000022D0,Section,,,READ_CONTROL|DELETE|WRITE_DAC|WRITE_OWNER|QUERY|MAP_WRITE|MAP_READ
ReetFPS.exe,15040,DESKTOP-M4PIKSF\dani,0x000022D4,Section,,,READ_CONTROL|DELETE|WRITE_DAC|WRITE_OWNER|QUERY|MAP_WRITE|MAP_READ
ReetFPS.exe,15040,DESKTOP-M4PIKSF\dani,0x000022D8,Section,,,READ_CONTROL|DELETE|WRITE_DAC|WRITE_OWNER|QUERY|MAP_WRITE|MAP_READ
ReetFPS.exe,15040,DESKTOP-M4PIKSF\dani,0x000022DC,Section,,,READ_CONTROL|DELETE|WRITE_DAC|WRITE_OWNER|QUERY|MAP_WRITE|MAP_READ
ReetFPS.exe,15040,DESKTOP-M4PIKSF\dani,0x000022E0,Section,,,READ_CONTROL|DELETE|WRITE_DAC|WRITE_OWNER|QUERY|MAP_WRITE|MAP_READ
ReetFPS.exe,15040,DESKTOP-M4PIKSF\dani,0x000022E4,Thread,,<Nonexistent process>(15840): 18964,READ_CONTROL|DELETE|SYNCHRONIZE|WRITE_DAC|WRITE_OWNER|THREAD_ALL_ACCESS
ReetFPS.exe,15040,DESKTOP-M4PIKSF\dani,0x000022E8,Section,,,READ_CONTROL|DELETE|WRITE_DAC|WRITE_OWNER|QUERY|MAP_WRITE|MAP_READ
ReetFPS.exe,15040,DESKTOP-M4PIKSF\dani,0x000022EC,Section,,,READ_CONTROL|DELETE|WRITE_DAC|WRITE_OWNER|QUERY|MAP_WRITE|MAP_READ
ReetFPS.exe,15040,DESKTOP-M4PIKSF\dani,0x000022F0,Section,,,READ_CONTROL|DELETE|WRITE_DAC|WRITE_OWNER|QUERY|MAP_WRITE|MAP_READ
ReetFPS.exe,15040,DESKTOP-M4PIKSF\dani,0x000022F4,Section,,,READ_CONTROL|DELETE|WRITE_DAC|WRITE_OWNER|QUERY|MAP_WRITE|MAP_READ
ReetFPS.exe,15040,DESKTOP-M4PIKSF\dani,0x000022F8,Section,,,READ_CONTROL|DELETE|WRITE_DAC|WRITE_OWNER|QUERY|MAP_WRITE|MAP_READ
ReetFPS.exe,15040,DESKTOP-M4PIKSF\dani,0x000022FC,Section,,,READ_CONTROL|DELETE|WRITE_DAC|WRITE_OWNER|QUERY|MAP_WRITE|MAP_READ
ReetFPS.exe,15040,DESKTOP-M4PIKSF\dani,0x00002300,Section,,,READ_CONTROL|DELETE|WRITE_DAC|WRITE_OWNER|QUERY|MAP_WRITE|MAP_READ
ReetFPS.exe,15040,DESKTOP-M4PIKSF\dani,0x00002304,Section,,,READ_CONTROL|DELETE|WRITE_DAC|WRITE_OWNER|QUERY|MAP_WRITE|MAP_READ
ReetFPS.exe,15040,DESKTOP-M4PIKSF\dani,0x00002308,Section,,,READ_CONTROL|DELETE|WRITE_DAC|WRITE_OWNER|QUERY|MAP_WRITE|MAP_READ
ReetFPS.exe,15040,DESKTOP-M4PIKSF\dani,0x0000230C,Section,,,READ_CONTROL|DELETE|WRITE_DAC|WRITE_OWNER|QUERY|MAP_WRITE|MAP_READ
ReetFPS.exe,15040,DESKTOP-M4PIKSF\dani,0x00002310,Section,,,READ_CONTROL|DELETE|WRITE_DAC|WRITE_OWNER|QUERY|MAP_WRITE|MAP_READ
ReetFPS.exe,15040,DESKTOP-M4PIKSF\dani,0x00002314,Section,,,READ_CONTROL|DELETE|WRITE_DAC|WRITE_OWNER|QUERY|MAP_WRITE|MAP_READ
ReetFPS.exe,15040,DESKTOP-M4PIKSF\dani,0x00002318,Section,,,READ_CONTROL|DELETE|WRITE_DAC|WRITE_OWNER|QUERY|MAP_WRITE|MAP_READ
ReetFPS.exe,15040,DESKTOP-M4PIKSF\dani,0x0000231C,Section,,,READ_CONTROL|DELETE|WRITE_DAC|WRITE_OWNER|QUERY|MAP_WRITE|MAP_READ
ReetFPS.exe,15040,DESKTOP-M4PIKSF\dani,0x00002320,Section,,,READ_CONTROL|DELETE|WRITE_DAC|WRITE_OWNER|QUERY|MAP_WRITE|MAP_READ
ReetFPS.exe,15040,DESKTOP-M4PIKSF\dani,0x00002324,Section,,,READ_CONTROL|DELETE|WRITE_DAC|WRITE_OWNER|QUERY|MAP_WRITE|MAP_READ
ReetFPS.exe,15040,DESKTOP-M4PIKSF\dani,0x00002328,Section,,,READ_CONTROL|DELETE|WRITE_DAC|WRITE_OWNER|QUERY|MAP_WRITE|MAP_READ
ReetFPS.exe,15040,DESKTOP-M4PIKSF\dani,0x0000232C,Section,,,READ_CONTROL|DELETE|WRITE_DAC|WRITE_OWNER|QUERY|MAP_WRITE|MAP_READ
ReetFPS.exe,15040,DESKTOP-M4PIKSF\dani,0x00002330,Section,,,READ_CONTROL|DELETE|WRITE_DAC|WRITE_OWNER|QUERY|MAP_WRITE|MAP_READ
ReetFPS.exe,15040,DESKTOP-M4PIKSF\dani,0x00002334,Section,,,READ_CONTROL|DELETE|WRITE_DAC|WRITE_OWNER|QUERY|MAP_WRITE|MAP_READ
ReetFPS.exe,15040,DESKTOP-M4PIKSF\dani,0x00002338,Section,,,READ_CONTROL|DELETE|WRITE_DAC|WRITE_OWNER|QUERY|MAP_WRITE|MAP_READ
ReetFPS.exe,15040,DESKTOP-M4PIKSF\dani,0x0000233C,Section,,,READ_CONTROL|DELETE|WRITE_DAC|WRITE_OWNER|QUERY|MAP_WRITE|MAP_READ
ReetFPS.exe,15040,DESKTOP-M4PIKSF\dani,0x00002340,Section,,,READ_CONTROL|DELETE|WRITE_DAC|WRITE_OWNER|QUERY|MAP_WRITE|MAP_READ
ReetFPS.exe,15040,DESKTOP-M4PIKSF\dani,0x00002344,Section,,,READ_CONTROL|DELETE|WRITE_DAC|WRITE_OWNER|QUERY|MAP_WRITE|MAP_READ
ReetFPS.exe,15040,DESKTOP-M4PIKSF\dani,0x00002348,Section,,,READ_CONTROL|DELETE|WRITE_DAC|WRITE_OWNER|QUERY|MAP_WRITE|MAP_READ
ReetFPS.exe,15040,DESKTOP-M4PIKSF\dani,0x0000234C,Section,,,READ_CONTROL|DELETE|WRITE_DAC|WRITE_OWNER|QUERY|MAP_WRITE|MAP_READ
ReetFPS.exe,15040,DESKTOP-M4PIKSF\dani,0x00002350,Section,,,READ_CONTROL|DELETE|WRITE_DAC|WRITE_OWNER|QUERY|MAP_WRITE|MAP_READ
ReetFPS.exe,15040,DESKTOP-M4PIKSF\dani,0x00002354,Section,,,READ_CONTROL|DELETE|WRITE_DAC|WRITE_OWNER|QUERY|MAP_WRITE|MAP_READ
ReetFPS.exe,15040,DESKTOP-M4PIKSF\dani,0x00002358,Section,,,READ_CONTROL|DELETE|WRITE_DAC|WRITE_OWNER|QUERY|MAP_WRITE|MAP_READ
ReetFPS.exe,15040,DESKTOP-M4PIKSF\dani,0x0000235C,Section,,,READ_CONTROL|DELETE|WRITE_DAC|WRITE_OWNER|QUERY|MAP_WRITE|MAP_READ
ReetFPS.exe,15040,DESKTOP-M4PIKSF\dani,0x00002360,Section,,,READ_CONTROL|DELETE|WRITE_DAC|WRITE_OWNER|QUERY|MAP_WRITE|MAP_READ
ReetFPS.exe,15040,DESKTOP-M4PIKSF\dani,0x00002364,Thread,,<Nonexistent process>(15840): 14868,READ_CONTROL|DELETE|SYNCHRONIZE|WRITE_DAC|WRITE_OWNER|THREAD_ALL_ACCESS
ReetFPS.exe,15040,DESKTOP-M4PIKSF\dani,0x00002368,Section,,,READ_CONTROL|DELETE|WRITE_DAC|WRITE_OWNER|QUERY|MAP_WRITE|MAP_READ
ReetFPS.exe,15040,DESKTOP-M4PIKSF\dani,0x0000236C,Section,,,READ_CONTROL|DELETE|WRITE_DAC|WRITE_OWNER|QUERY|MAP_WRITE|MAP_READ
ReetFPS.exe,15040,DESKTOP-M4PIKSF\dani,0x00002370,Section,,,READ_CONTROL|DELETE|WRITE_DAC|WRITE_OWNER|QUERY|MAP_WRITE|MAP_READ
ReetFPS.exe,15040,DESKTOP-M4PIKSF\dani,0x00002374,Section,,,READ_CONTROL|DELETE|WRITE_DAC|WRITE_OWNER|QUERY|MAP_WRITE|MAP_READ
ReetFPS.exe,15040,DESKTOP-M4PIKSF\dani,0x00002378,Section,,,READ_CONTROL|DELETE|WRITE_DAC|WRITE_OWNER|QUERY|MAP_WRITE|MAP_READ
ReetFPS.exe,15040,DESKTOP-M4PIKSF\dani,0x0000237C,Section,,,READ_CONTROL|DELETE|WRITE_DAC|WRITE_OWNER|QUERY|MAP_WRITE|MAP_READ
ReetFPS.exe,15040,DESKTOP-M4PIKSF\dani,0x00002380,Section,,,READ_CONTROL|DELETE|WRITE_DAC|WRITE_OWNER|QUERY|MAP_WRITE|MAP_READ
ReetFPS.exe,15040,DESKTOP-M4PIKSF\dani,0x00002384,Section,,,READ_CONTROL|DELETE|WRITE_DAC|WRITE_OWNER|QUERY|MAP_WRITE|MAP_READ
ReetFPS.exe,15040,DESKTOP-M4PIKSF\dani,0x00002388,Section,,,READ_CONTROL|DELETE|WRITE_DAC|WRITE_OWNER|QUERY|MAP_WRITE|MAP_READ
ReetFPS.exe,15040,DESKTOP-M4PIKSF\dani,0x0000238C,Section,,,READ_CONTROL|DELETE|WRITE_DAC|WRITE_OWNER|QUERY|MAP_WRITE|MAP_READ
ReetFPS.exe,15040,DESKTOP-M4PIKSF\dani,0x00002390,Section,,,READ_CONTROL|DELETE|WRITE_DAC|WRITE_OWNER|QUERY|MAP_WRITE|MAP_READ
ReetFPS.exe,15040,DESKTOP-M4PIKSF\dani,0x00002394,Section,,,READ_CONTROL|DELETE|WRITE_DAC|WRITE_OWNER|QUERY|MAP_WRITE|MAP_READ
ReetFPS.exe,15040,DESKTOP-M4PIKSF\dani,0x00002398,Section,,,READ_CONTROL|DELETE|WRITE_DAC|WRITE_OWNER|QUERY|MAP_WRITE|MAP_READ
ReetFPS.exe,15040,DESKTOP-M4PIKSF\dani,0x0000239C,Section,,,READ_CONTROL|DELETE|WRITE_DAC|WRITE_OWNER|QUERY|MAP_WRITE|MAP_READ
ReetFPS.exe,15040,DESKTOP-M4PIKSF\dani,0x000023A0,Section,,,READ_CONTROL|DELETE|WRITE_DAC|WRITE_OWNER|QUERY|MAP_WRITE|MAP_READ
ReetFPS.exe,15040,DESKTOP-M4PIKSF\dani,0x000023A4,Section,,,READ_CONTROL|DELETE|WRITE_DAC|WRITE_OWNER|QUERY|MAP_WRITE|MAP_READ
ReetFPS.exe,15040,DESKTOP-M4PIKSF\dani,0x000023A8,Section,,,READ_CONTROL|DELETE|WRITE_DAC|WRITE_OWNER|QUERY|MAP_WRITE|MAP_READ
ReetFPS.exe,15040,DESKTOP-M4PIKSF\dani,0x000023AC,Section,,,READ_CONTROL|DELETE|WRITE_DAC|WRITE_OWNER|QUERY|MAP_WRITE|MAP_READ
ReetFPS.exe,15040,DESKTOP-M4PIKSF\dani,0x000023B0,Section,,,READ_CONTROL|DELETE|WRITE_DAC|WRITE_OWNER|QUERY|MAP_WRITE|MAP_READ
ReetFPS.exe,15040,DESKTOP-M4PIKSF\dani,0x000023B4,Section,,,READ_CONTROL|DELETE|WRITE_DAC|WRITE_OWNER|QUERY|MAP_WRITE|MAP_READ
ReetFPS.exe,15040,DESKTOP-M4PIKSF\dani,0x000023B8,Section,,,READ_CONTROL|DELETE|WRITE_DAC|WRITE_OWNER|QUERY|MAP_WRITE|MAP_READ
ReetFPS.exe,15040,DESKTOP-M4PIKSF\dani,0x000023BC,Section,,,READ_CONTROL|DELETE|WRITE_DAC|WRITE_OWNER|QUERY|MAP_WRITE|MAP_READ
ReetFPS.exe,15040,DESKTOP-M4PIKSF\dani,0x000023C0,Section,,,READ_CONTROL|DELETE|WRITE_DAC|WRITE_OWNER|QUERY|MAP_WRITE|MAP_READ
ReetFPS.exe,15040,DESKTOP-M4PIKSF\dani,0x000023C4,Section,,,READ_CONTROL|DELETE|WRITE_DAC|WRITE_OWNER|QUERY|MAP_WRITE|MAP_READ
ReetFPS.exe,15040,DESKTOP-M4PIKSF\dani,0x000023C8,Section,,,READ_CONTROL|DELETE|WRITE_DAC|WRITE_OWNER|QUERY|MAP_WRITE|MAP_READ
ReetFPS.exe,15040,DESKTOP-M4PIKSF\dani,0x000023CC,Section,,,READ_CONTROL|DELETE|WRITE_DAC|WRITE_OWNER|QUERY|MAP_WRITE|MAP_READ
ReetFPS.exe,15040,DESKTOP-M4PIKSF\dani,0x000023D0,Section,,,READ_CONTROL|DELETE|WRITE_DAC|WRITE_OWNER|QUERY|MAP_WRITE|MAP_READ
ReetFPS.exe,15040,DESKTOP-M4PIKSF\dani,0x000023D4,Section,,,READ_CONTROL|DELETE|WRITE_DAC|WRITE_OWNER|QUERY|MAP_WRITE|MAP_READ
ReetFPS.exe,15040,DESKTOP-M4PIKSF\dani,0x000023D8,Section,,,READ_CONTROL|DELETE|WRITE_DAC|WRITE_OWNER|QUERY|MAP_WRITE|MAP_READ
ReetFPS.exe,15040,DESKTOP-M4PIKSF\dani,0x000023DC,Section,,,READ_CONTROL|DELETE|WRITE_DAC|WRITE_OWNER|QUERY|MAP_WRITE|MAP_READ
ReetFPS.exe,15040,DESKTOP-M4PIKSF\dani,0x000023E0,Section,,,READ_CONTROL|DELETE|WRITE_DAC|WRITE_OWNER|QUERY|MAP_WRITE|MAP_READ
ReetFPS.exe,15040,DESKTOP-M4PIKSF\dani,0x000023E4,Section,,,READ_CONTROL|DELETE|WRITE_DAC|WRITE_OWNER|QUERY|MAP_WRITE|MAP_READ
ReetFPS.exe,15040,DESKTOP-M4PIKSF\dani,0x000023E8,Section,,,READ_CONTROL|DELETE|WRITE_DAC|WRITE_OWNER|QUERY|MAP_WRITE|MAP_READ
ReetFPS.exe,15040,DESKTOP-M4PIKSF\dani,0x000023EC,Section,,,READ_CONTROL|DELETE|WRITE_DAC|WRITE_OWNER|QUERY|MAP_WRITE|MAP_READ
ReetFPS.exe,15040,DESKTOP-M4PIKSF\dani,0x000023F0,Section,,,READ_CONTROL|DELETE|WRITE_DAC|WRITE_OWNER|QUERY|MAP_WRITE|MAP_READ
ReetFPS.exe,15040,DESKTOP-M4PIKSF\dani,0x000023F4,Section,,,READ_CONTROL|DELETE|WRITE_DAC|WRITE_OWNER|QUERY|MAP_WRITE|MAP_READ
ReetFPS.exe,15040,DESKTOP-M4PIKSF\dani,0x000023F8,Section,,,READ_CONTROL|DELETE|WRITE_DAC|WRITE_OWNER|QUERY|MAP_WRITE|MAP_READ
ReetFPS.exe,15040,DESKTOP-M4PIKSF\dani,0x000023FC,Section,,,READ_CONTROL|DELETE|WRITE_DAC|WRITE_OWNER|QUERY|MAP_WRITE|MAP_READ
ReetFPS.exe,15040,DESKTOP-M4PIKSF\dani,0x00002404,Section,,,READ_CONTROL|DELETE|WRITE_DAC|WRITE_OWNER|QUERY|MAP_WRITE|MAP_READ
ReetFPS.exe,15040,DESKTOP-M4PIKSF\dani,0x00002408,Section,,,READ_CONTROL|DELETE|WRITE_DAC|WRITE_OWNER|QUERY|MAP_WRITE|MAP_READ
ReetFPS.exe,15040,DESKTOP-M4PIKSF\dani,0x0000240C,Section,,,READ_CONTROL|DELETE|WRITE_DAC|WRITE_OWNER|QUERY|MAP_WRITE|MAP_READ
ReetFPS.exe,15040,DESKTOP-M4PIKSF\dani,0x00002410,Section,,,READ_CONTROL|DELETE|WRITE_DAC|WRITE_OWNER|QUERY|MAP_WRITE|MAP_READ
ReetFPS.exe,15040,DESKTOP-M4PIKSF\dani,0x00002414,Section,,,READ_CONTROL|DELETE|WRITE_DAC|WRITE_OWNER|QUERY|MAP_WRITE|MAP_READ
ReetFPS.exe,15040,DESKTOP-M4PIKSF\dani,0x00002418,Section,,,READ_CONTROL|DELETE|WRITE_DAC|WRITE_OWNER|QUERY|MAP_WRITE|MAP_READ
ReetFPS.exe,15040,DESKTOP-M4PIKSF\dani,0x0000241C,Section,,,READ_CONTROL|DELETE|WRITE_DAC|WRITE_OWNER|QUERY|MAP_WRITE|MAP_READ
ReetFPS.exe,15040,DESKTOP-M4PIKSF\dani,0x00002420,Section,,,READ_CONTROL|DELETE|WRITE_DAC|WRITE_OWNER|QUERY|MAP_WRITE|MAP_READ
ReetFPS.exe,15040,DESKTOP-M4PIKSF\dani,0x00002424,Section,,,READ_CONTROL|DELETE|WRITE_DAC|WRITE_OWNER|QUERY|MAP_WRITE|MAP_READ
ReetFPS.exe,15040,DESKTOP-M4PIKSF\dani,0x00002428,Section,,,READ_CONTROL|DELETE|WRITE_DAC|WRITE_OWNER|QUERY|MAP_WRITE|MAP_READ
ReetFPS.exe,15040,DESKTOP-M4PIKSF\dani,0x0000242C,Section,,,READ_CONTROL|DELETE|WRITE_DAC|WRITE_OWNER|QUERY|MAP_WRITE|MAP_READ
ReetFPS.exe,15040,DESKTOP-M4PIKSF\dani,0x00002430,Thread,,<Nonexistent process>(3724): 8396,READ_CONTROL|DELETE|SYNCHRONIZE|WRITE_DAC|WRITE_OWNER|THREAD_ALL_ACCESS
ReetFPS.exe,15040,DESKTOP-M4PIKSF\dani,0x00002434,Section,,,READ_CONTROL|DELETE|WRITE_DAC|WRITE_OWNER|QUERY|MAP_WRITE|MAP_READ
ReetFPS.exe,15040,DESKTOP-M4PIKSF\dani,0x00002438,Section,,,READ_CONTROL|DELETE|WRITE_DAC|WRITE_OWNER|QUERY|MAP_WRITE|MAP_READ
ReetFPS.exe,15040,DESKTOP-M4PIKSF\dani,0x0000243C,Section,,,READ_CONTROL|DELETE|WRITE_DAC|WRITE_OWNER|QUERY|MAP_WRITE|MAP_READ
ReetFPS.exe,15040,DESKTOP-M4PIKSF\dani,0x00002440,Section,,,READ_CONTROL|DELETE|WRITE_DAC|WRITE_OWNER|QUERY|MAP_WRITE|MAP_READ
ReetFPS.exe,15040,DESKTOP-M4PIKSF\dani,0x00002444,Section,,,READ_CONTROL|DELETE|WRITE_DAC|WRITE_OWNER|QUERY|MAP_WRITE|MAP_READ
ReetFPS.exe,15040,DESKTOP-M4PIKSF\dani,0x00002448,Section,,,READ_CONTROL|DELETE|WRITE_DAC|WRITE_OWNER|QUERY|MAP_WRITE|MAP_READ
ReetFPS.exe,15040,DESKTOP-M4PIKSF\dani,0x0000244C,Section,,,READ_CONTROL|DELETE|WRITE_DAC|WRITE_OWNER|QUERY|MAP_WRITE|MAP_READ
ReetFPS.exe,15040,DESKTOP-M4PIKSF\dani,0x00002450,Section,,,READ_CONTROL|DELETE|WRITE_DAC|WRITE_OWNER|QUERY|MAP_WRITE|MAP_READ
ReetFPS.exe,15040,DESKTOP-M4PIKSF\dani,0x00002454,Section,,,READ_CONTROL|DELETE|WRITE_DAC|WRITE_OWNER|QUERY|MAP_WRITE|MAP_READ
ReetFPS.exe,15040,DESKTOP-M4PIKSF\dani,0x00002458,Section,,,READ_CONTROL|DELETE|WRITE_DAC|WRITE_OWNER|QUERY|MAP_WRITE|MAP_READ
ReetFPS.exe,15040,DESKTOP-M4PIKSF\dani,0x0000245C,Section,,,READ_CONTROL|DELETE|WRITE_DAC|WRITE_OWNER|QUERY|MAP_WRITE|MAP_READ
ReetFPS.exe,15040,DESKTOP-M4PIKSF\dani,0x00002460,Section,,,READ_CONTROL|DELETE|WRITE_DAC|WRITE_OWNER|QUERY|MAP_WRITE|MAP_READ
ReetFPS.exe,15040,DESKTOP-M4PIKSF\dani,0x00002464,Section,,,READ_CONTROL|DELETE|WRITE_DAC|WRITE_OWNER|QUERY|MAP_WRITE|MAP_READ
ReetFPS.exe,15040,DESKTOP-M4PIKSF\dani,0x00002468,Section,,,READ_CONTROL|DELETE|WRITE_DAC|WRITE_OWNER|QUERY|MAP_WRITE|MAP_READ
ReetFPS.exe,15040,DESKTOP-M4PIKSF\dani,0x0000246C,Section,,,READ_CONTROL|DELETE|WRITE_DAC|WRITE_OWNER|QUERY|MAP_WRITE|MAP_READ
ReetFPS.exe,15040,DESKTOP-M4PIKSF\dani,0x00002470,Section,,,READ_CONTROL|DELETE|WRITE_DAC|WRITE_OWNER|QUERY|MAP_WRITE|MAP_READ
ReetFPS.exe,15040,DESKTOP-M4PIKSF\dani,0x00002474,Section,,,READ_CONTROL|DELETE|WRITE_DAC|WRITE_OWNER|QUERY|MAP_WRITE|MAP_READ
ReetFPS.exe,15040,DESKTOP-M4PIKSF\dani,0x00002478,Section,,,READ_CONTROL|DELETE|WRITE_DAC|WRITE_OWNER|QUERY|MAP_WRITE|MAP_READ
ReetFPS.exe,15040,DESKTOP-M4PIKSF\dani,0x0000247C,Section,,,READ_CONTROL|DELETE|WRITE_DAC|WRITE_OWNER|QUERY|MAP_WRITE|MAP_READ
ReetFPS.exe,15040,DESKTOP-M4PIKSF\dani,0x00002480,Section,,,READ_CONTROL|DELETE|WRITE_DAC|WRITE_OWNER|QUERY|MAP_WRITE|MAP_READ
ReetFPS.exe,15040,DESKTOP-M4PIKSF\dani,0x00002484,Section,,,READ_CONTROL|DELETE|WRITE_DAC|WRITE_OWNER|QUERY|MAP_WRITE|MAP_READ
ReetFPS.exe,15040,DESKTOP-M4PIKSF\dani,0x00002488,Section,,,READ_CONTROL|DELETE|WRITE_DAC|WRITE_OWNER|QUERY|MAP_WRITE|MAP_READ
ReetFPS.exe,15040,DESKTOP-M4PIKSF\dani,0x0000248C,Section,,,READ_CONTROL|DELETE|WRITE_DAC|WRITE_OWNER|QUERY|MAP_WRITE|MAP_READ
ReetFPS.exe,15040,DESKTOP-M4PIKSF\dani,0x00002490,Section,,,READ_CONTROL|DELETE|WRITE_DAC|WRITE_OWNER|QUERY|MAP_WRITE|MAP_READ
ReetFPS.exe,15040,DESKTOP-M4PIKSF\dani,0x00002494,Section,,,READ_CONTROL|DELETE|WRITE_DAC|WRITE_OWNER|QUERY|MAP_WRITE|MAP_READ
ReetFPS.exe,15040,DESKTOP-M4PIKSF\dani,0x00002498,Section,,,READ_CONTROL|DELETE|WRITE_DAC|WRITE_OWNER|QUERY|MAP_WRITE|MAP_READ
ReetFPS.exe,15040,DESKTOP-M4PIKSF\dani,0x0000249C,Section,,,READ_CONTROL|DELETE|WRITE_DAC|WRITE_OWNER|QUERY|MAP_WRITE|MAP_READ
ReetFPS.exe,15040,DESKTOP-M4PIKSF\dani,0x000024A0,Section,,,READ_CONTROL|DELETE|WRITE_DAC|WRITE_OWNER|QUERY|MAP_WRITE|MAP_READ
ReetFPS.exe,15040,DESKTOP-M4PIKSF\dani,0x000024A4,Section,,,READ_CONTROL|DELETE|WRITE_DAC|WRITE_OWNER|QUERY|MAP_WRITE|MAP_READ
ReetFPS.exe,15040,DESKTOP-M4PIKSF\dani,0x000024A8,Section,,,READ_CONTROL|DELETE|WRITE_DAC|WRITE_OWNER|QUERY|MAP_WRITE|MAP_READ
ReetFPS.exe,15040,DESKTOP-M4PIKSF\dani,0x000024AC,Section,,,READ_CONTROL|DELETE|WRITE_DAC|WRITE_OWNER|QUERY|MAP_WRITE|MAP_READ
ReetFPS.exe,15040,DESKTOP-M4PIKSF\dani,0x000024B0,Section,,,READ_CONTROL|DELETE|WRITE_DAC|WRITE_OWNER|QUERY|MAP_WRITE|MAP_READ
ReetFPS.exe,15040,DESKTOP-M4PIKSF\dani,0x000024B4,Section,,,READ_CONTROL|DELETE|WRITE_DAC|WRITE_OWNER|QUERY|MAP_WRITE|MAP_READ
ReetFPS.exe,15040,DESKTOP-M4PIKSF\dani,0x000024B8,Section,,,READ_CONTROL|DELETE|WRITE_DAC|WRITE_OWNER|QUERY|MAP_WRITE|MAP_READ
ReetFPS.exe,15040,DESKTOP-M4PIKSF\dani,0x000024BC,Section,,,READ_CONTROL|DELETE|WRITE_DAC|WRITE_OWNER|QUERY|MAP_WRITE|MAP_READ
ReetFPS.exe,15040,DESKTOP-M4PIKSF\dani,0x000024C0,Section,,,READ_CONTROL|DELETE|WRITE_DAC|WRITE_OWNER|QUERY|MAP_WRITE|MAP_READ
ReetFPS.exe,15040,DESKTOP-M4PIKSF\dani,0x000024C4,Section,,,READ_CONTROL|DELETE|WRITE_DAC|WRITE_OWNER|QUERY|MAP_WRITE|MAP_READ
ReetFPS.exe,15040,DESKTOP-M4PIKSF\dani,0x000024C8,Section,,,READ_CONTROL|DELETE|WRITE_DAC|WRITE_OWNER|QUERY|MAP_WRITE|MAP_READ
ReetFPS.exe,15040,DESKTOP-M4PIKSF\dani,0x000024CC,Section,,,READ_CONTROL|DELETE|WRITE_DAC|WRITE_OWNER|QUERY|MAP_WRITE|MAP_READ
ReetFPS.exe,15040,DESKTOP-M4PIKSF\dani,0x000024D0,Section,,,READ_CONTROL|DELETE|WRITE_DAC|WRITE_OWNER|QUERY|MAP_WRITE|MAP_READ
ReetFPS.exe,15040,DESKTOP-M4PIKSF\dani,0x000024D4,Section,,,READ_CONTROL|DELETE|WRITE_DAC|WRITE_OWNER|QUERY|MAP_WRITE|MAP_READ
ReetFPS.exe,15040,DESKTOP-M4PIKSF\dani,0x000024D8,Thread,,<Nonexistent process>(3724): 16812,READ_CONTROL|DELETE|SYNCHRONIZE|WRITE_DAC|WRITE_OWNER|THREAD_ALL_ACCESS
ReetFPS.exe,15040,DESKTOP-M4PIKSF\dani,0x000024DC,Section,,,READ_CONTROL|DELETE|WRITE_DAC|WRITE_OWNER|QUERY|MAP_WRITE|MAP_READ
ReetFPS.exe,15040,DESKTOP-M4PIKSF\dani,0x000024E0,Section,,,READ_CONTROL|DELETE|WRITE_DAC|WRITE_OWNER|QUERY|MAP_WRITE|MAP_READ
ReetFPS.exe,15040,DESKTOP-M4PIKSF\dani,0x000024E4,Section,,,READ_CONTROL|DELETE|WRITE_DAC|WRITE_OWNER|QUERY|MAP_WRITE|MAP_READ
ReetFPS.exe,15040,DESKTOP-M4PIKSF\dani,0x000024E8,Section,,,READ_CONTROL|DELETE|WRITE_DAC|WRITE_OWNER|QUERY|MAP_WRITE|MAP_READ
ReetFPS.exe,15040,DESKTOP-M4PIKSF\dani,0x000024EC,Section,,,READ_CONTROL|DELETE|WRITE_DAC|WRITE_OWNER|QUERY|MAP_WRITE|MAP_READ
ReetFPS.exe,15040,DESKTOP-M4PIKSF\dani,0x000024F0,Section,,,READ_CONTROL|DELETE|WRITE_DAC|WRITE_OWNER|QUERY|MAP_WRITE|MAP_READ
ReetFPS.exe,15040,DESKTOP-M4PIKSF\dani,0x000024F4,Section,,,READ_CONTROL|DELETE|WRITE_DAC|WRITE_OWNER|QUERY|MAP_WRITE|MAP_READ
ReetFPS.exe,15040,DESKTOP-M4PIKSF\dani,0x000024F8,Section,,,READ_CONTROL|DELETE|WRITE_DAC|WRITE_OWNER|QUERY|MAP_WRITE|MAP_READ
ReetFPS.exe,15040,DESKTOP-M4PIKSF\dani,0x000024FC,Section,,,READ_CONTROL|DELETE|WRITE_DAC|WRITE_OWNER|QUERY|MAP_WRITE|MAP_READ
ReetFPS.exe,15040,DESKTOP-M4PIKSF\dani,0x00002500,Section,,,READ_CONTROL|DELETE|WRITE_DAC|WRITE_OWNER|QUERY|MAP_WRITE|MAP_READ
ReetFPS.exe,15040,DESKTOP-M4PIKSF\dani,0x00002504,Section,,,READ_CONTROL|DELETE|WRITE_DAC|WRITE_OWNER|QUERY|MAP_WRITE|MAP_READ
ReetFPS.exe,15040,DESKTOP-M4PIKSF\dani,0x00002508,Section,,,READ_CONTROL|DELETE|WRITE_DAC|WRITE_OWNER|QUERY|MAP_WRITE|MAP_READ
ReetFPS.exe,15040,DESKTOP-M4PIKSF\dani,0x0000250C,Section,,,READ_CONTROL|DELETE|WRITE_DAC|WRITE_OWNER|QUERY|MAP_WRITE|MAP_READ
ReetFPS.exe,15040,DESKTOP-M4PIKSF\dani,0x00002510,Section,,,READ_CONTROL|DELETE|WRITE_DAC|WRITE_OWNER|QUERY|MAP_WRITE|MAP_READ
ReetFPS.exe,15040,DESKTOP-M4PIKSF\dani,0x00002514,Section,,,READ_CONTROL|DELETE|WRITE_DAC|WRITE_OWNER|QUERY|MAP_WRITE|MAP_READ
ReetFPS.exe,15040,DESKTOP-M4PIKSF\dani,0x00002518,Section,,,READ_CONTROL|DELETE|WRITE_DAC|WRITE_OWNER|QUERY|MAP_WRITE|MAP_READ
ReetFPS.exe,15040,DESKTOP-M4PIKSF\dani,0x0000251C,Section,,,READ_CONTROL|DELETE|WRITE_DAC|WRITE_OWNER|QUERY|MAP_WRITE|MAP_READ
ReetFPS.exe,15040,DESKTOP-M4PIKSF\dani,0x00002520,Section,,,READ_CONTROL|DELETE|WRITE_DAC|WRITE_OWNER|QUERY|MAP_WRITE|MAP_READ
ReetFPS.exe,15040,DESKTOP-M4PIKSF\dani,0x00002524,Section,,,READ_CONTROL|DELETE|WRITE_DAC|WRITE_OWNER|QUERY|MAP_WRITE|MAP_READ
ReetFPS.exe,15040,DESKTOP-M4PIKSF\dani,0x00002528,Section,,,READ_CONTROL|DELETE|WRITE_DAC|WRITE_OWNER|QUERY|MAP_WRITE|MAP_READ
ReetFPS.exe,15040,DESKTOP-M4PIKSF\dani,0x0000252C,Section,,,READ_CONTROL|DELETE|WRITE_DAC|WRITE_OWNER|QUERY|MAP_WRITE|MAP_READ
ReetFPS.exe,15040,DESKTOP-M4PIKSF\dani,0x00002530,Section,,,READ_CONTROL|DELETE|WRITE_DAC|WRITE_OWNER|QUERY|MAP_WRITE|MAP_READ
ReetFPS.exe,15040,DESKTOP-M4PIKSF\dani,0x00002534,Section,,,READ_CONTROL|DELETE|WRITE_DAC|WRITE_OWNER|QUERY|MAP_WRITE|MAP_READ
ReetFPS.exe,15040,DESKTOP-M4PIKSF\dani,0x00002538,Section,,,READ_CONTROL|DELETE|WRITE_DAC|WRITE_OWNER|QUERY|MAP_WRITE|MAP_READ
ReetFPS.exe,15040,DESKTOP-M4PIKSF\dani,0x0000253C,Section,,,READ_CONTROL|DELETE|WRITE_DAC|WRITE_OWNER|QUERY|MAP_WRITE|MAP_READ
ReetFPS.exe,15040,DESKTOP-M4PIKSF\dani,0x00002540,Section,,,READ_CONTROL|DELETE|WRITE_DAC|WRITE_OWNER|QUERY|MAP_WRITE|MAP_READ
ReetFPS.exe,15040,DESKTOP-M4PIKSF\dani,0x00002544,Section,,,READ_CONTROL|DELETE|WRITE_DAC|WRITE_OWNER|QUERY|MAP_WRITE|MAP_READ
ReetFPS.exe,15040,DESKTOP-M4PIKSF\dani,0x00002548,Section,,,READ_CONTROL|DELETE|WRITE_DAC|WRITE_OWNER|QUERY|MAP_WRITE|MAP_READ
ReetFPS.exe,15040,DESKTOP-M4PIKSF\dani,0x0000254C,Section,,,READ_CONTROL|DELETE|WRITE_DAC|WRITE_OWNER|QUERY|MAP_WRITE|MAP_READ
ReetFPS.exe,15040,DESKTOP-M4PIKSF\dani,0x00002550,Section,,,READ_CONTROL|DELETE|WRITE_DAC|WRITE_OWNER|QUERY|MAP_WRITE|MAP_READ
ReetFPS.exe,15040,DESKTOP-M4PIKSF\dani,0x00002554,Section,,,READ_CONTROL|DELETE|WRITE_DAC|WRITE_OWNER|QUERY|MAP_WRITE|MAP_READ
ReetFPS.exe,15040,DESKTOP-M4PIKSF\dani,0x00002558,Section,,,READ_CONTROL|DELETE|WRITE_DAC|WRITE_OWNER|QUERY|MAP_WRITE|MAP_READ
ReetFPS.exe,15040,DESKTOP-M4PIKSF\dani,0x0000255C,Event,,,READ_CONTROL|DELETE|SYNCHRONIZE|WRITE_DAC|WRITE_OWNER|EVENT_ALL_ACCESS
ReetFPS.exe,15040,DESKTOP-M4PIKSF\dani,0x00002560,Section,,,READ_CONTROL|DELETE|WRITE_DAC|WRITE_OWNER|QUERY|MAP_WRITE|MAP_READ
ReetFPS.exe,15040,DESKTOP-M4PIKSF\dani,0x00002564,Section,,,READ_CONTROL|DELETE|WRITE_DAC|WRITE_OWNER|QUERY|MAP_WRITE|MAP_READ
ReetFPS.exe,15040,DESKTOP-M4PIKSF\dani,0x00002568,Thread,,<Nonexistent process>(3724): 16816,READ_CONTROL|DELETE|SYNCHRONIZE|WRITE_DAC|WRITE_OWNER|THREAD_ALL_ACCESS
ReetFPS.exe,15040,DESKTOP-M4PIKSF\dani,0x0000256C,Event,,,READ_CONTROL|DELETE|SYNCHRONIZE|WRITE_DAC|WRITE_OWNER|EVENT_ALL_ACCESS
ReetFPS.exe,15040,DESKTOP-M4PIKSF\dani,0x00002570,Section,,,READ_CONTROL|DELETE|WRITE_DAC|WRITE_OWNER|QUERY|MAP_WRITE|MAP_READ
ReetFPS.exe,15040,DESKTOP-M4PIKSF\dani,0x00002574,Section,,,READ_CONTROL|DELETE|WRITE_DAC|WRITE_OWNER|QUERY|MAP_WRITE|MAP_READ
ReetFPS.exe,15040,DESKTOP-M4PIKSF\dani,0x00002578,Section,,,READ_CONTROL|DELETE|WRITE_DAC|WRITE_OWNER|QUERY|MAP_WRITE|MAP_READ
ReetFPS.exe,15040,DESKTOP-M4PIKSF\dani,0x0000257C,Section,,,READ_CONTROL|DELETE|WRITE_DAC|WRITE_OWNER|QUERY|MAP_WRITE|MAP_READ
ReetFPS.exe,15040,DESKTOP-M4PIKSF\dani,0x00002580,Section,,,READ_CONTROL|DELETE|WRITE_DAC|WRITE_OWNER|QUERY|MAP_WRITE|MAP_READ
ReetFPS.exe,15040,DESKTOP-M4PIKSF\dani,0x00002584,Thread,,<Nonexistent process>(3724): 3668,READ_CONTROL|DELETE|SYNCHRONIZE|WRITE_DAC|WRITE_OWNER|THREAD_ALL_ACCESS
ReetFPS.exe,15040,DESKTOP-M4PIKSF\dani,0x00002588,Section,,,READ_CONTROL|DELETE|WRITE_DAC|WRITE_OWNER|QUERY|MAP_WRITE|MAP_READ
ReetFPS.exe,15040,DESKTOP-M4PIKSF\dani,0x0000258C,Section,,,READ_CONTROL|DELETE|WRITE_DAC|WRITE_OWNER|QUERY|MAP_WRITE|MAP_READ
ReetFPS.exe,15040,DESKTOP-M4PIKSF\dani,0x00002590,Section,,,READ_CONTROL|DELETE|WRITE_DAC|WRITE_OWNER|QUERY|MAP_WRITE|MAP_READ
ReetFPS.exe,15040,DESKTOP-M4PIKSF\dani,0x00002594,Section,,,READ_CONTROL|DELETE|WRITE_DAC|WRITE_OWNER|QUERY|MAP_WRITE|MAP_READ
ReetFPS.exe,15040,DESKTOP-M4PIKSF\dani,0x00002598,Section,,,READ_CONTROL|DELETE|WRITE_DAC|WRITE_OWNER|QUERY|MAP_WRITE|MAP_READ
ReetFPS.exe,15040,DESKTOP-M4PIKSF\dani,0x0000259C,Section,,,READ_CONTROL|DELETE|WRITE_DAC|WRITE_OWNER|QUERY|MAP_WRITE|MAP_READ
ReetFPS.exe,15040,DESKTOP-M4PIKSF\dani,0x000025A0,Section,,,READ_CONTROL|DELETE|WRITE_DAC|WRITE_OWNER|QUERY|MAP_WRITE|MAP_READ
ReetFPS.exe,15040,DESKTOP-M4PIKSF\dani,0x000025A4,Section,,,READ_CONTROL|DELETE|WRITE_DAC|WRITE_OWNER|QUERY|MAP_WRITE|MAP_READ
ReetFPS.exe,15040,DESKTOP-M4PIKSF\dani,0x000025A8,Section,,,READ_CONTROL|DELETE|WRITE_DAC|WRITE_OWNER|QUERY|MAP_WRITE|MAP_READ
ReetFPS.exe,15040,DESKTOP-M4PIKSF\dani,0x000025AC,Section,,,READ_CONTROL|DELETE|WRITE_DAC|WRITE_OWNER|QUERY|MAP_WRITE|MAP_READ
ReetFPS.exe,15040,DESKTOP-M4PIKSF\dani,0x000025B0,IoCompletion,,,READ_CONTROL|DELETE|SYNCHRONIZE|WRITE_DAC|WRITE_OWNER|0x1F0003
ReetFPS.exe,15040,DESKTOP-M4PIKSF\dani,0x000025B4,Section,,,READ_CONTROL|DELETE|WRITE_DAC|WRITE_OWNER|QUERY|MAP_WRITE|MAP_READ
ReetFPS.exe,15040,DESKTOP-M4PIKSF\dani,0x000025B8,Section,,,READ_CONTROL|DELETE|WRITE_DAC|WRITE_OWNER|QUERY|MAP_WRITE|MAP_READ
ReetFPS.exe,15040,DESKTOP-M4PIKSF\dani,0x000025BC,Section,,,READ_CONTROL|DELETE|WRITE_DAC|WRITE_OWNER|QUERY|MAP_WRITE|MAP_READ
ReetFPS.exe,15040,DESKTOP-M4PIKSF\dani,0x000025C0,Section,,,READ_CONTROL|DELETE|WRITE_DAC|WRITE_OWNER|QUERY|MAP_WRITE|MAP_READ
ReetFPS.exe,15040,DESKTOP-M4PIKSF\dani,0x000025C4,Section,,,READ_CONTROL|DELETE|WRITE_DAC|WRITE_OWNER|QUERY|MAP_WRITE|MAP_READ
ReetFPS.exe,15040,DESKTOP-M4PIKSF\dani,0x000025C8,Section,,,READ_CONTROL|DELETE|WRITE_DAC|WRITE_OWNER|QUERY|MAP_WRITE|MAP_READ
ReetFPS.exe,15040,DESKTOP-M4PIKSF\dani,0x000025CC,Section,,,READ_CONTROL|DELETE|WRITE_DAC|WRITE_OWNER|QUERY|MAP_WRITE|MAP_READ
ReetFPS.exe,15040,DESKTOP-M4PIKSF\dani,0x000025D0,Thread,,ReetFPS.exe(15040): 15220,READ_CONTROL|DELETE|SYNCHRONIZE|WRITE_DAC|WRITE_OWNER|THREAD_ALL_ACCESS
ReetFPS.exe,15040,DESKTOP-M4PIKSF\dani,0x000025D4,Section,,,READ_CONTROL|DELETE|WRITE_DAC|WRITE_OWNER|QUERY|MAP_WRITE|MAP_READ
ReetFPS.exe,15040,DESKTOP-M4PIKSF\dani,0x000025D8,Section,,,READ_CONTROL|DELETE|WRITE_DAC|WRITE_OWNER|QUERY|MAP_WRITE|MAP_READ
ReetFPS.exe,15040,DESKTOP-M4PIKSF\dani,0x000025DC,Thread,,<Nonexistent process>(3724): 13592,READ_CONTROL|DELETE|SYNCHRONIZE|WRITE_DAC|WRITE_OWNER|THREAD_ALL_ACCESS
ReetFPS.exe,15040,DESKTOP-M4PIKSF\dani,0x000025E0,Section,,,READ_CONTROL|DELETE|WRITE_DAC|WRITE_OWNER|QUERY|MAP_WRITE|MAP_READ
ReetFPS.exe,15040,DESKTOP-M4PIKSF\dani,0x000025E4,Section,,,READ_CONTROL|DELETE|WRITE_DAC|WRITE_OWNER|QUERY|MAP_WRITE|MAP_READ
ReetFPS.exe,15040,DESKTOP-M4PIKSF\dani,0x000025E8,Thread,,<Nonexistent process>(3724): 16152,READ_CONTROL|DELETE|SYNCHRONIZE|WRITE_DAC|WRITE_OWNER|THREAD_ALL_ACCESS
ReetFPS.exe,15040,DESKTOP-M4PIKSF\dani,0x000025EC,Section,,,READ_CONTROL|DELETE|WRITE_DAC|WRITE_OWNER|QUERY|MAP_WRITE|MAP_READ
ReetFPS.exe,15040,DESKTOP-M4PIKSF\dani,0x000025F0,Section,,,READ_CONTROL|DELETE|WRITE_DAC|WRITE_OWNER|QUERY|MAP_WRITE|MAP_READ
ReetFPS.exe,15040,DESKTOP-M4PIKSF\dani,0x000025F4,Section,,,READ_CONTROL|DELETE|WRITE_DAC|WRITE_OWNER|QUERY|MAP_WRITE|MAP_READ
ReetFPS.exe,15040,DESKTOP-M4PIKSF\dani,0x000025F8,Section,,,READ_CONTROL|DELETE|WRITE_DAC|WRITE_OWNER|QUERY|MAP_WRITE|MAP_READ
ReetFPS.exe,15040,DESKTOP-M4PIKSF\dani,0x000025FC,Section,,,READ_CONTROL|DELETE|WRITE_DAC|WRITE_OWNER|QUERY|MAP_WRITE|MAP_READ
ReetFPS.exe,15040,DESKTOP-M4PIKSF\dani,0x00002600,Section,,,READ_CONTROL|DELETE|WRITE_DAC|WRITE_OWNER|QUERY|MAP_WRITE|MAP_READ
ReetFPS.exe,15040,DESKTOP-M4PIKSF\dani,0x00002604,Thread,,<Nonexistent process>(3724): 15952,READ_CONTROL|DELETE|SYNCHRONIZE|WRITE_DAC|WRITE_OWNER|THREAD_ALL_ACCESS
ReetFPS.exe,15040,DESKTOP-M4PIKSF\dani,0x00002608,Thread,,<Nonexistent process>(3724): 17312,READ_CONTROL|DELETE|SYNCHRONIZE|WRITE_DAC|WRITE_OWNER|THREAD_ALL_ACCESS
ReetFPS.exe,15040,DESKTOP-M4PIKSF\dani,0x0000260C,Section,,,READ_CONTROL|DELETE|WRITE_DAC|WRITE_OWNER|QUERY|MAP_WRITE|MAP_READ
ReetFPS.exe,15040,DESKTOP-M4PIKSF\dani,0x00002610,Section,,,READ_CONTROL|DELETE|WRITE_DAC|WRITE_OWNER|QUERY|MAP_WRITE|MAP_READ
ReetFPS.exe,15040,DESKTOP-M4PIKSF\dani,0x00002614,Section,,,READ_CONTROL|DELETE|WRITE_DAC|WRITE_OWNER|QUERY|MAP_WRITE|MAP_READ
ReetFPS.exe,15040,DESKTOP-M4PIKSF\dani,0x00002618,Section,,,READ_CONTROL|DELETE|WRITE_DAC|WRITE_OWNER|QUERY|MAP_WRITE|MAP_READ
ReetFPS.exe,15040,DESKTOP-M4PIKSF\dani,0x0000261C,Section,,,READ_CONTROL|DELETE|WRITE_DAC|WRITE_OWNER|QUERY|MAP_WRITE|MAP_READ
ReetFPS.exe,15040,DESKTOP-M4PIKSF\dani,0x00002620,Section,,,READ_CONTROL|DELETE|WRITE_DAC|WRITE_OWNER|QUERY|MAP_WRITE|MAP_READ
ReetFPS.exe,15040,DESKTOP-M4PIKSF\dani,0x00002624,Section,,,READ_CONTROL|DELETE|WRITE_DAC|WRITE_OWNER|QUERY|MAP_WRITE|MAP_READ
ReetFPS.exe,15040,DESKTOP-M4PIKSF\dani,0x00002628,Thread,,<Nonexistent process>(15840): 13444,READ_CONTROL|DELETE|SYNCHRONIZE|WRITE_DAC|WRITE_OWNER|THREAD_ALL_ACCESS
ReetFPS.exe,15040,DESKTOP-M4PIKSF\dani,0x0000262C,Thread,,<Nonexistent process>(3724): 15032,READ_CONTROL|DELETE|SYNCHRONIZE|WRITE_DAC|WRITE_OWNER|THREAD_ALL_ACCESS
ReetFPS.exe,15040,DESKTOP-M4PIKSF\dani,0x00002630,Thread,,<Nonexistent process>(3724): 7288,READ_CONTROL|DELETE|SYNCHRONIZE|WRITE_DAC|WRITE_OWNER|THREAD_ALL_ACCESS
ReetFPS.exe,15040,DESKTOP-M4PIKSF\dani,0x00002634,Section,,,READ_CONTROL|DELETE|WRITE_DAC|WRITE_OWNER|QUERY|MAP_WRITE|MAP_READ
ReetFPS.exe,15040,DESKTOP-M4PIKSF\dani,0x00002638,Section,,,READ_CONTROL|DELETE|WRITE_DAC|WRITE_OWNER|QUERY|MAP_WRITE|MAP_READ
ReetFPS.exe,15040,DESKTOP-M4PIKSF\dani,0x0000263C,Thread,,<Nonexistent process>(3724): 13832,READ_CONTROL|DELETE|SYNCHRONIZE|WRITE_DAC|WRITE_OWNER|THREAD_ALL_ACCESS
ReetFPS.exe,15040,DESKTOP-M4PIKSF\dani,0x00002640,Section,,,READ_CONTROL|DELETE|WRITE_DAC|WRITE_OWNER|QUERY|MAP_WRITE|MAP_READ
ReetFPS.exe,15040,DESKTOP-M4PIKSF\dani,0x00002644,Thread,,<Nonexistent process>(3724): 15340,READ_CONTROL|DELETE|SYNCHRONIZE|WRITE_DAC|WRITE_OWNER|THREAD_ALL_ACCESS
ReetFPS.exe,15040,DESKTOP-M4PIKSF\dani,0x00002648,Section,,,READ_CONTROL|DELETE|WRITE_DAC|WRITE_OWNER|QUERY|MAP_WRITE|MAP_READ
ReetFPS.exe,15040,DESKTOP-M4PIKSF\dani,0x0000264C,Section,,,READ_CONTROL|DELETE|WRITE_DAC|WRITE_OWNER|QUERY|MAP_WRITE|MAP_READ
ReetFPS.exe,15040,DESKTOP-M4PIKSF\dani,0x00002650,Section,,,READ_CONTROL|DELETE|WRITE_DAC|WRITE_OWNER|QUERY|MAP_WRITE|MAP_READ
ReetFPS.exe,15040,DESKTOP-M4PIKSF\dani,0x00002654,Section,,,READ_CONTROL|DELETE|WRITE_DAC|WRITE_OWNER|QUERY|MAP_WRITE|MAP_READ
ReetFPS.exe,15040,DESKTOP-M4PIKSF\dani,0x00002658,Event,,,READ_CONTROL|DELETE|SYNCHRONIZE|WRITE_DAC|WRITE_OWNER|EVENT_ALL_ACCESS
ReetFPS.exe,15040,DESKTOP-M4PIKSF\dani,0x0000265C,Section,,,READ_CONTROL|DELETE|WRITE_DAC|WRITE_OWNER|QUERY|MAP_WRITE|MAP_READ
ReetFPS.exe,15040,DESKTOP-M4PIKSF\dani,0x00002660,Thread,,<Nonexistent process>(3724): 14488,READ_CONTROL|DELETE|SYNCHRONIZE|WRITE_DAC|WRITE_OWNER|THREAD_ALL_ACCESS
ReetFPS.exe,15040,DESKTOP-M4PIKSF\dani,0x00002664,Thread,,<Nonexistent process>(3724): 14496,READ_CONTROL|DELETE|SYNCHRONIZE|WRITE_DAC|WRITE_OWNER|THREAD_ALL_ACCESS
ReetFPS.exe,15040,DESKTOP-M4PIKSF\dani,0x00002668,Thread,,<Nonexistent process>(3724): 5760,READ_CONTROL|DELETE|SYNCHRONIZE|WRITE_DAC|WRITE_OWNER|THREAD_ALL_ACCESS
ReetFPS.exe,15040,DESKTOP-M4PIKSF\dani,0x0000266C,Section,,,READ_CONTROL|DELETE|WRITE_DAC|WRITE_OWNER|QUERY|MAP_WRITE|MAP_READ
ReetFPS.exe,15040,DESKTOP-M4PIKSF\dani,0x00002670,Thread,,<Nonexistent process>(3724): 7188,READ_CONTROL|DELETE|SYNCHRONIZE|WRITE_DAC|WRITE_OWNER|THREAD_ALL_ACCESS
ReetFPS.exe,15040,DESKTOP-M4PIKSF\dani,0x00002674,Section,,,READ_CONTROL|DELETE|WRITE_DAC|WRITE_OWNER|QUERY|MAP_WRITE|MAP_READ
ReetFPS.exe,15040,DESKTOP-M4PIKSF\dani,0x00002678,Section,,,READ_CONTROL|DELETE|WRITE_DAC|WRITE_OWNER|QUERY|MAP_WRITE|MAP_READ
ReetFPS.exe,15040,DESKTOP-M4PIKSF\dani,0x0000267C,Section,,,READ_CONTROL|DELETE|WRITE_DAC|WRITE_OWNER|QUERY|MAP_WRITE|MAP_READ
ReetFPS.exe,15040,DESKTOP-M4PIKSF\dani,0x00002680,Section,,,READ_CONTROL|DELETE|WRITE_DAC|WRITE_OWNER|QUERY|MAP_WRITE|MAP_READ
ReetFPS.exe,15040,DESKTOP-M4PIKSF\dani,0x00002684,Section,,,READ_CONTROL|DELETE|WRITE_DAC|WRITE_OWNER|QUERY|MAP_WRITE|MAP_READ
ReetFPS.exe,15040,DESKTOP-M4PIKSF\dani,0x00002688,Thread,,<Nonexistent process>(3724): 17104,READ_CONTROL|DELETE|SYNCHRONIZE|WRITE_DAC|WRITE_OWNER|THREAD_ALL_ACCESS
ReetFPS.exe,15040,DESKTOP-M4PIKSF\dani,0x0000268C,Section,,,READ_CONTROL|DELETE|WRITE_DAC|WRITE_OWNER|QUERY|MAP_WRITE|MAP_READ
ReetFPS.exe,15040,DESKTOP-M4PIKSF\dani,0x00002690,Section,,,READ_CONTROL|DELETE|WRITE_DAC|WRITE_OWNER|QUERY|MAP_WRITE|MAP_READ
ReetFPS.exe,15040,DESKTOP-M4PIKSF\dani,0x00002694,Section,,,READ_CONTROL|DELETE|WRITE_DAC|WRITE_OWNER|QUERY|MAP_WRITE|MAP_READ
ReetFPS.exe,15040,DESKTOP-M4PIKSF\dani,0x00002698,Section,,,READ_CONTROL|DELETE|WRITE_DAC|WRITE_OWNER|QUERY|MAP_WRITE|MAP_READ
ReetFPS.exe,15040,DESKTOP-M4PIKSF\dani,0x0000269C,Section,,,READ_CONTROL|DELETE|WRITE_DAC|WRITE_OWNER|QUERY|MAP_WRITE|MAP_READ
ReetFPS.exe,15040,DESKTOP-M4PIKSF\dani,0x000026A0,Section,,,READ_CONTROL|DELETE|WRITE_DAC|WRITE_OWNER|QUERY|MAP_WRITE|MAP_READ
ReetFPS.exe,15040,DESKTOP-M4PIKSF\dani,0x000026A4,Section,,,READ_CONTROL|DELETE|WRITE_DAC|WRITE_OWNER|QUERY|MAP_WRITE|MAP_READ
ReetFPS.exe,15040,DESKTOP-M4PIKSF\dani,0x000026A8,Thread,,<Nonexistent process>(3724): 13324,READ_CONTROL|DELETE|SYNCHRONIZE|WRITE_DAC|WRITE_OWNER|THREAD_ALL_ACCESS
ReetFPS.exe,15040,DESKTOP-M4PIKSF\dani,0x000026AC,Section,,,READ_CONTROL|DELETE|WRITE_DAC|WRITE_OWNER|QUERY|MAP_WRITE|MAP_READ
ReetFPS.exe,15040,DESKTOP-M4PIKSF\dani,0x000026B0,Thread,,<Nonexistent process>(3724): 12376,READ_CONTROL|DELETE|SYNCHRONIZE|WRITE_DAC|WRITE_OWNER|THREAD_ALL_ACCESS
ReetFPS.exe,15040,DESKTOP-M4PIKSF\dani,0x000026B4,Section,,,READ_CONTROL|DELETE|WRITE_DAC|WRITE_OWNER|QUERY|MAP_WRITE|MAP_READ
ReetFPS.exe,15040,DESKTOP-M4PIKSF\dani,0x000026B8,Thread,,<Nonexistent process>(3724): 17172,READ_CONTROL|DELETE|SYNCHRONIZE|WRITE_DAC|WRITE_OWNER|THREAD_ALL_ACCESS
ReetFPS.exe,15040,DESKTOP-M4PIKSF\dani,0x000026BC,Section,,,READ_CONTROL|DELETE|WRITE_DAC|WRITE_OWNER|QUERY|MAP_WRITE|MAP_READ
ReetFPS.exe,15040,DESKTOP-M4PIKSF\dani,0x000026C0,Section,,,READ_CONTROL|DELETE|WRITE_DAC|WRITE_OWNER|QUERY|MAP_WRITE|MAP_READ
ReetFPS.exe,15040,DESKTOP-M4PIKSF\dani,0x000026C4,Section,,,READ_CONTROL|DELETE|WRITE_DAC|WRITE_OWNER|QUERY|MAP_WRITE|MAP_READ
ReetFPS.exe,15040,DESKTOP-M4PIKSF\dani,0x000026C8,Section,,,READ_CONTROL|DELETE|WRITE_DAC|WRITE_OWNER|QUERY|MAP_WRITE|MAP_READ
ReetFPS.exe,15040,DESKTOP-M4PIKSF\dani,0x000026CC,Section,,,READ_CONTROL|DELETE|WRITE_DAC|WRITE_OWNER|QUERY|MAP_WRITE|MAP_READ
ReetFPS.exe,15040,DESKTOP-M4PIKSF\dani,0x000026D0,Section,,,READ_CONTROL|DELETE|WRITE_DAC|WRITE_OWNER|QUERY|MAP_WRITE|MAP_READ
ReetFPS.exe,15040,DESKTOP-M4PIKSF\dani,0x000026D4,Thread,,<Nonexistent process>(3724): 17652,READ_CONTROL|DELETE|SYNCHRONIZE|WRITE_DAC|WRITE_OWNER|THREAD_ALL_ACCESS
ReetFPS.exe,15040,DESKTOP-M4PIKSF\dani,0x000026D8,Thread,,<Nonexistent process>(3724): 15896,READ_CONTROL|DELETE|SYNCHRONIZE|WRITE_DAC|WRITE_OWNER|THREAD_ALL_ACCESS
ReetFPS.exe,15040,DESKTOP-M4PIKSF\dani,0x000026DC,Thread,,<Nonexistent process>(15840): 3976,READ_CONTROL|DELETE|SYNCHRONIZE|WRITE_DAC|WRITE_OWNER|THREAD_ALL_ACCESS
ReetFPS.exe,15040,DESKTOP-M4PIKSF\dani,0x000026E0,Section,,,READ_CONTROL|DELETE|WRITE_DAC|WRITE_OWNER|QUERY|MAP_WRITE|MAP_READ
ReetFPS.exe,15040,DESKTOP-M4PIKSF\dani,0x000026E4,Section,,,READ_CONTROL|DELETE|WRITE_DAC|WRITE_OWNER|QUERY|MAP_WRITE|MAP_READ
ReetFPS.exe,15040,DESKTOP-M4PIKSF\dani,0x000026E8,Section,,,READ_CONTROL|DELETE|WRITE_DAC|WRITE_OWNER|QUERY|MAP_WRITE|MAP_READ
ReetFPS.exe,15040,DESKTOP-M4PIKSF\dani,0x000026EC,Section,,,READ_CONTROL|DELETE|WRITE_DAC|WRITE_OWNER|QUERY|MAP_WRITE|MAP_READ
ReetFPS.exe,15040,DESKTOP-M4PIKSF\dani,0x000026F0,Section,,,READ_CONTROL|DELETE|WRITE_DAC|WRITE_OWNER|QUERY|MAP_WRITE|MAP_READ
ReetFPS.exe,15040,DESKTOP-M4PIKSF\dani,0x000026F4,Section,,,READ_CONTROL|DELETE|WRITE_DAC|WRITE_OWNER|QUERY|MAP_WRITE|MAP_READ
ReetFPS.exe,15040,DESKTOP-M4PIKSF\dani,0x000026F8,Thread,,<Nonexistent process>(3724): 17356,READ_CONTROL|DELETE|SYNCHRONIZE|WRITE_DAC|WRITE_OWNER|THREAD_ALL_ACCESS
ReetFPS.exe,15040,DESKTOP-M4PIKSF\dani,0x000026FC,Section,,,READ_CONTROL|DELETE|WRITE_DAC|WRITE_OWNER|QUERY|MAP_WRITE|MAP_READ
ReetFPS.exe,15040,DESKTOP-M4PIKSF\dani,0x00002700,Section,,,READ_CONTROL|DELETE|WRITE_DAC|WRITE_OWNER|QUERY|MAP_WRITE|MAP_READ
ReetFPS.exe,15040,DESKTOP-M4PIKSF\dani,0x00002704,Section,,,READ_CONTROL|DELETE|WRITE_DAC|WRITE_OWNER|QUERY|MAP_WRITE|MAP_READ
ReetFPS.exe,15040,DESKTOP-M4PIKSF\dani,0x00002708,Section,,,READ_CONTROL|DELETE|WRITE_DAC|WRITE_OWNER|QUERY|MAP_WRITE|MAP_READ
ReetFPS.exe,15040,DESKTOP-M4PIKSF\dani,0x0000270C,Section,,,READ_CONTROL|DELETE|WRITE_DAC|WRITE_OWNER|QUERY|MAP_WRITE|MAP_READ
ReetFPS.exe,15040,DESKTOP-M4PIKSF\dani,0x00002710,Thread,,<Nonexistent process>(3724): 14344,READ_CONTROL|DELETE|SYNCHRONIZE|WRITE_DAC|WRITE_OWNER|THREAD_ALL_ACCESS
ReetFPS.exe,15040,DESKTOP-M4PIKSF\dani,0x00002714,Section,,,READ_CONTROL|DELETE|WRITE_DAC|WRITE_OWNER|QUERY|MAP_WRITE|MAP_READ
ReetFPS.exe,15040,DESKTOP-M4PIKSF\dani,0x00002718,Section,,,READ_CONTROL|DELETE|WRITE_DAC|WRITE_OWNER|QUERY|MAP_WRITE|MAP_READ
ReetFPS.exe,15040,DESKTOP-M4PIKSF\dani,0x0000271C,Section,,,READ_CONTROL|DELETE|WRITE_DAC|WRITE_OWNER|QUERY|MAP_WRITE|MAP_READ
ReetFPS.exe,15040,DESKTOP-M4PIKSF\dani,0x00002720,Thread,,<Nonexistent process>(3724): 7256,READ_CONTROL|DELETE|SYNCHRONIZE|WRITE_DAC|WRITE_OWNER|THREAD_ALL_ACCESS
ReetFPS.exe,15040,DESKTOP-M4PIKSF\dani,0x00002724,Thread,,<Nonexistent process>(3724): 5212,READ_CONTROL|DELETE|SYNCHRONIZE|WRITE_DAC|WRITE_OWNER|THREAD_ALL_ACCESS
ReetFPS.exe,15040,DESKTOP-M4PIKSF\dani,0x00002728,Section,,,READ_CONTROL|DELETE|WRITE_DAC|WRITE_OWNER|QUERY|MAP_WRITE|MAP_READ
ReetFPS.exe,15040,DESKTOP-M4PIKSF\dani,0x0000272C,Section,,,READ_CONTROL|DELETE|WRITE_DAC|WRITE_OWNER|QUERY|MAP_WRITE|MAP_READ
ReetFPS.exe,15040,DESKTOP-M4PIKSF\dani,0x00002730,Thread,,<Nonexistent process>(15840): 15584,READ_CONTROL|DELETE|SYNCHRONIZE|WRITE_DAC|WRITE_OWNER|THREAD_ALL_ACCESS
ReetFPS.exe,15040,DESKTOP-M4PIKSF\dani,0x00002734,Section,,,READ_CONTROL|DELETE|WRITE_DAC|WRITE_OWNER|QUERY|MAP_WRITE|MAP_READ
ReetFPS.exe,15040,DESKTOP-M4PIKSF\dani,0x00002738,Thread,,<Nonexistent process>(15840): 7652,READ_CONTROL|DELETE|SYNCHRONIZE|WRITE_DAC|WRITE_OWNER|THREAD_ALL_ACCESS
ReetFPS.exe,15040,DESKTOP-M4PIKSF\dani,0x0000273C,Thread,,<Nonexistent process>(3724): 18272,READ_CONTROL|DELETE|SYNCHRONIZE|WRITE_DAC|WRITE_OWNER|THREAD_ALL_ACCESS
ReetFPS.exe,15040,DESKTOP-M4PIKSF\dani,0x00002740,Section,,,READ_CONTROL|DELETE|WRITE_DAC|WRITE_OWNER|QUERY|MAP_WRITE|MAP_READ
ReetFPS.exe,15040,DESKTOP-M4PIKSF\dani,0x00002744,Section,,,READ_CONTROL|DELETE|WRITE_DAC|WRITE_OWNER|QUERY|MAP_WRITE|MAP_READ
ReetFPS.exe,15040,DESKTOP-M4PIKSF\dani,0x00002748,Section,,,READ_CONTROL|DELETE|WRITE_DAC|WRITE_OWNER|QUERY|MAP_WRITE|MAP_READ
ReetFPS.exe,15040,DESKTOP-M4PIKSF\dani,0x0000274C,Section,,,READ_CONTROL|DELETE|WRITE_DAC|WRITE_OWNER|QUERY|MAP_WRITE|MAP_READ
ReetFPS.exe,15040,DESKTOP-M4PIKSF\dani,0x00002750,Section,,,READ_CONTROL|DELETE|WRITE_DAC|WRITE_OWNER|QUERY|MAP_WRITE|MAP_READ
ReetFPS.exe,15040,DESKTOP-M4PIKSF\dani,0x00002754,Thread,,<Nonexistent process>(3724): 16852,READ_CONTROL|DELETE|SYNCHRONIZE|WRITE_DAC|WRITE_OWNER|THREAD_ALL_ACCESS
ReetFPS.exe,15040,DESKTOP-M4PIKSF\dani,0x00002758,Section,,,READ_CONTROL|DELETE|WRITE_DAC|WRITE_OWNER|QUERY|MAP_WRITE|MAP_READ
ReetFPS.exe,15040,DESKTOP-M4PIKSF\dani,0x0000275C,Section,,,READ_CONTROL|DELETE|WRITE_DAC|WRITE_OWNER|QUERY|MAP_WRITE|MAP_READ
ReetFPS.exe,15040,DESKTOP-M4PIKSF\dani,0x00002760,Section,,,READ_CONTROL|DELETE|WRITE_DAC|WRITE_OWNER|QUERY|MAP_WRITE|MAP_READ
ReetFPS.exe,15040,DESKTOP-M4PIKSF\dani,0x00002764,Section,,,READ_CONTROL|DELETE|WRITE_DAC|WRITE_OWNER|QUERY|MAP_WRITE|MAP_READ
ReetFPS.exe,15040,DESKTOP-M4PIKSF\dani,0x00002768,Thread,,<Nonexistent process>(14508): 12292,READ_CONTROL|DELETE|SYNCHRONIZE|WRITE_DAC|WRITE_OWNER|THREAD_ALL_ACCESS
ReetFPS.exe,15040,DESKTOP-M4PIKSF\dani,0x0000276C,Thread,,<Nonexistent process>(3724): 14148,READ_CONTROL|DELETE|SYNCHRONIZE|WRITE_DAC|WRITE_OWNER|THREAD_ALL_ACCESS
ReetFPS.exe,15040,DESKTOP-M4PIKSF\dani,0x00002770,Thread,,<Nonexistent process>(3724): 13780,READ_CONTROL|DELETE|SYNCHRONIZE|WRITE_DAC|WRITE_OWNER|THREAD_ALL_ACCESS
ReetFPS.exe,15040,DESKTOP-M4PIKSF\dani,0x00002774,Section,,,READ_CONTROL|DELETE|WRITE_DAC|WRITE_OWNER|QUERY|MAP_WRITE|MAP_READ
ReetFPS.exe,15040,DESKTOP-M4PIKSF\dani,0x00002778,Section,,,READ_CONTROL|DELETE|WRITE_DAC|WRITE_OWNER|QUERY|MAP_WRITE|MAP_READ
ReetFPS.exe,15040,DESKTOP-M4PIKSF\dani,0x0000277C,Thread,,<Nonexistent process>(3724): 2216,READ_CONTROL|DELETE|SYNCHRONIZE|WRITE_DAC|WRITE_OWNER|THREAD_ALL_ACCESS
ReetFPS.exe,15040,DESKTOP-M4PIKSF\dani,0x00002780,Section,,,READ_CONTROL|DELETE|WRITE_DAC|WRITE_OWNER|QUERY|MAP_WRITE|MAP_READ
ReetFPS.exe,15040,DESKTOP-M4PIKSF\dani,0x00002784,Section,,,READ_CONTROL|DELETE|WRITE_DAC|WRITE_OWNER|QUERY|MAP_WRITE|MAP_READ
ReetFPS.exe,15040,DESKTOP-M4PIKSF\dani,0x00002788,Section,,,READ_CONTROL|DELETE|WRITE_DAC|WRITE_OWNER|QUERY|MAP_WRITE|MAP_READ
ReetFPS.exe,15040,DESKTOP-M4PIKSF\dani,0x0000278C,Thread,,<Nonexistent process>(15840): 1388,READ_CONTROL|DELETE|SYNCHRONIZE|WRITE_DAC|WRITE_OWNER|THREAD_ALL_ACCESS
ReetFPS.exe,15040,DESKTOP-M4PIKSF\dani,0x00002790,Section,,,READ_CONTROL|DELETE|WRITE_DAC|WRITE_OWNER|QUERY|MAP_WRITE|MAP_READ
ReetFPS.exe,15040,DESKTOP-M4PIKSF\dani,0x00002794,Thread,,<Nonexistent process>(3724): 7944,READ_CONTROL|DELETE|SYNCHRONIZE|WRITE_DAC|WRITE_OWNER|THREAD_ALL_ACCESS
ReetFPS.exe,15040,DESKTOP-M4PIKSF\dani,0x00002798,Section,,,READ_CONTROL|DELETE|WRITE_DAC|WRITE_OWNER|QUERY|MAP_WRITE|MAP_READ
ReetFPS.exe,15040,DESKTOP-M4PIKSF\dani,0x0000279C,Section,,,READ_CONTROL|DELETE|WRITE_DAC|WRITE_OWNER|QUERY|MAP_WRITE|MAP_READ
ReetFPS.exe,15040,DESKTOP-M4PIKSF\dani,0x000027A0,Section,,,READ_CONTROL|DELETE|WRITE_DAC|WRITE_OWNER|QUERY|MAP_WRITE|MAP_READ
ReetFPS.exe,15040,DESKTOP-M4PIKSF\dani,0x000027A4,Section,,,READ_CONTROL|DELETE|WRITE_DAC|WRITE_OWNER|QUERY|MAP_WRITE|MAP_READ
ReetFPS.exe,15040,DESKTOP-M4PIKSF\dani,0x000027A8,Section,,,READ_CONTROL|DELETE|WRITE_DAC|WRITE_OWNER|QUERY|MAP_WRITE|MAP_READ
ReetFPS.exe,15040,DESKTOP-M4PIKSF\dani,0x000027AC,Thread,,<Nonexistent process>(3724): 4164,READ_CONTROL|DELETE|SYNCHRONIZE|WRITE_DAC|WRITE_OWNER|THREAD_ALL_ACCESS
ReetFPS.exe,15040,DESKTOP-M4PIKSF\dani,0x000027B0,Thread,,<Nonexistent process>(3724): 16496,READ_CONTROL|DELETE|SYNCHRONIZE|WRITE_DAC|WRITE_OWNER|THREAD_ALL_ACCESS
ReetFPS.exe,15040,DESKTOP-M4PIKSF\dani,0x000027B4,Thread,,ReetFPS.exe(15040): 14264,READ_CONTROL|DELETE|SYNCHRONIZE|WRITE_DAC|WRITE_OWNER|THREAD_ALL_ACCESS
ReetFPS.exe,15040,DESKTOP-M4PIKSF\dani,0x000027B8,Section,,,READ_CONTROL|DELETE|WRITE_DAC|WRITE_OWNER|QUERY|MAP_WRITE|MAP_READ
ReetFPS.exe,15040,DESKTOP-M4PIKSF\dani,0x000027BC,Thread,,<Nonexistent process>(3724): 9412,READ_CONTROL|DELETE|SYNCHRONIZE|WRITE_DAC|WRITE_OWNER|THREAD_ALL_ACCESS
ReetFPS.exe,15040,DESKTOP-M4PIKSF\dani,0x000027C0,Section,,,READ_CONTROL|DELETE|WRITE_DAC|WRITE_OWNER|QUERY|MAP_WRITE|MAP_READ
ReetFPS.exe,15040,DESKTOP-M4PIKSF\dani,0x000027C4,ALPC Port,,,READ_CONTROL|DELETE|SYNCHRONIZE|WRITE_DAC|WRITE_OWNER|CONNECT
ReetFPS.exe,15040,DESKTOP-M4PIKSF\dani,0x000027C8,Thread,,<Nonexistent process>(3724): 15588,READ_CONTROL|DELETE|SYNCHRONIZE|WRITE_DAC|WRITE_OWNER|THREAD_ALL_ACCESS
ReetFPS.exe,15040,DESKTOP-M4PIKSF\dani,0x000027CC,Section,,,READ_CONTROL|DELETE|WRITE_DAC|WRITE_OWNER|QUERY|MAP_WRITE|MAP_READ
ReetFPS.exe,15040,DESKTOP-M4PIKSF\dani,0x000027D0,Section,,,READ_CONTROL|DELETE|WRITE_DAC|WRITE_OWNER|QUERY|MAP_WRITE|MAP_READ
ReetFPS.exe,15040,DESKTOP-M4PIKSF\dani,0x000027D4,Section,,,READ_CONTROL|DELETE|WRITE_DAC|WRITE_OWNER|QUERY|MAP_WRITE|MAP_READ
ReetFPS.exe,15040,DESKTOP-M4PIKSF\dani,0x000027D8,Section,,,READ_CONTROL|DELETE|WRITE_DAC|WRITE_OWNER|QUERY|MAP_WRITE|MAP_READ
ReetFPS.exe,15040,DESKTOP-M4PIKSF\dani,0x000027DC,Section,,,READ_CONTROL|DELETE|WRITE_DAC|WRITE_OWNER|QUERY|MAP_WRITE|MAP_READ
ReetFPS.exe,15040,DESKTOP-M4PIKSF\dani,0x000027E0,Section,,,READ_CONTROL|DELETE|WRITE_DAC|WRITE_OWNER|QUERY|MAP_WRITE|MAP_READ
ReetFPS.exe,15040,DESKTOP-M4PIKSF\dani,0x000027E4,Thread,,<Nonexistent process>(3724): 11468,READ_CONTROL|DELETE|SYNCHRONIZE|WRITE_DAC|WRITE_OWNER|THREAD_ALL_ACCESS
ReetFPS.exe,15040,DESKTOP-M4PIKSF\dani,0x000027E8,Thread,,<Nonexistent process>(3724): 6000,READ_CONTROL|DELETE|SYNCHRONIZE|WRITE_DAC|WRITE_OWNER|THREAD_ALL_ACCESS
ReetFPS.exe,15040,DESKTOP-M4PIKSF\dani,0x000027EC,Section,,,READ_CONTROL|DELETE|WRITE_DAC|WRITE_OWNER|QUERY|MAP_WRITE|MAP_READ
ReetFPS.exe,15040,DESKTOP-M4PIKSF\dani,0x000027F0,Section,,,READ_CONTROL|DELETE|WRITE_DAC|WRITE_OWNER|QUERY|MAP_WRITE|MAP_READ
ReetFPS.exe,15040,DESKTOP-M4PIKSF\dani,0x000027F4,Section,,,READ_CONTROL|DELETE|WRITE_DAC|WRITE_OWNER|QUERY|MAP_WRITE|MAP_READ
ReetFPS.exe,15040,DESKTOP-M4PIKSF\dani,0x000027F8,Section,,,READ_CONTROL|DELETE|WRITE_DAC|WRITE_OWNER|QUERY|MAP_WRITE|MAP_READ
ReetFPS.exe,15040,DESKTOP-M4PIKSF\dani,0x000027FC,Thread,,<Nonexistent process>(3724): 2860,READ_CONTROL|DELETE|SYNCHRONIZE|WRITE_DAC|WRITE_OWNER|THREAD_ALL_ACCESS
ReetFPS.exe,15040,DESKTOP-M4PIKSF\dani,0x00002804,Thread,,<Nonexistent process>(3724): 17284,READ_CONTROL|DELETE|SYNCHRONIZE|WRITE_DAC|WRITE_OWNER|THREAD_ALL_ACCESS
ReetFPS.exe,15040,DESKTOP-M4PIKSF\dani,0x00002808,Thread,,<Nonexistent process>(3724): 9376,READ_CONTROL|DELETE|SYNCHRONIZE|WRITE_DAC|WRITE_OWNER|THREAD_ALL_ACCESS
ReetFPS.exe,15040,DESKTOP-M4PIKSF\dani,0x0000280C,Thread,,<Nonexistent process>(3724): 9320,READ_CONTROL|DELETE|SYNCHRONIZE|WRITE_DAC|WRITE_OWNER|THREAD_ALL_ACCESS
ReetFPS.exe,15040,DESKTOP-M4PIKSF\dani,0x00002810,Thread,,<Nonexistent process>(3724): 14184,READ_CONTROL|DELETE|SYNCHRONIZE|WRITE_DAC|WRITE_OWNER|THREAD_ALL_ACCESS
ReetFPS.exe,15040,DESKTOP-M4PIKSF\dani,0x00002814,Thread,,<Nonexistent process>(3724): 15436,READ_CONTROL|DELETE|SYNCHRONIZE|WRITE_DAC|WRITE_OWNER|THREAD_ALL_ACCESS
ReetFPS.exe,15040,DESKTOP-M4PIKSF\dani,0x00002818,Thread,,<Nonexistent process>(3724): 6644,READ_CONTROL|DELETE|SYNCHRONIZE|WRITE_DAC|WRITE_OWNER|THREAD_ALL_ACCESS
ReetFPS.exe,15040,DESKTOP-M4PIKSF\dani,0x0000281C,Thread,,<Nonexistent process>(3724): 3656,READ_CONTROL|DELETE|SYNCHRONIZE|WRITE_DAC|WRITE_OWNER|THREAD_ALL_ACCESS
ReetFPS.exe,15040,DESKTOP-M4PIKSF\dani,0x00002820,Thread,,<Nonexistent process>(3724): 13800,READ_CONTROL|DELETE|SYNCHRONIZE|WRITE_DAC|WRITE_OWNER|THREAD_ALL_ACCESS
ReetFPS.exe,15040,DESKTOP-M4PIKSF\dani,0x00002824,Thread,,<Nonexistent process>(3724): 17316,READ_CONTROL|DELETE|SYNCHRONIZE|WRITE_DAC|WRITE_OWNER|THREAD_ALL_ACCESS
ReetFPS.exe,15040,DESKTOP-M4PIKSF\dani,0x00002828,Thread,,<Nonexistent process>(3724): 7356,READ_CONTROL|DELETE|SYNCHRONIZE|WRITE_DAC|WRITE_OWNER|THREAD_ALL_ACCESS
ReetFPS.exe,15040,DESKTOP-M4PIKSF\dani,0x0000282C,Thread,,<Nonexistent process>(3724): 15912,READ_CONTROL|DELETE|SYNCHRONIZE|WRITE_DAC|WRITE_OWNER|THREAD_ALL_ACCESS
ReetFPS.exe,15040,DESKTOP-M4PIKSF\dani,0x00002830,Thread,,<Nonexistent process>(3724): 17836,READ_CONTROL|DELETE|SYNCHRONIZE|WRITE_DAC|WRITE_OWNER|THREAD_ALL_ACCESS
ReetFPS.exe,15040,DESKTOP-M4PIKSF\dani,0x00002834,Thread,,<Nonexistent process>(3724): 14196,READ_CONTROL|DELETE|SYNCHRONIZE|WRITE_DAC|WRITE_OWNER|THREAD_ALL_ACCESS
ReetFPS.exe,15040,DESKTOP-M4PIKSF\dani,0x00002838,Thread,,<Nonexistent process>(3724): 15052,READ_CONTROL|DELETE|SYNCHRONIZE|WRITE_DAC|WRITE_OWNER|THREAD_ALL_ACCESS
ReetFPS.exe,15040,DESKTOP-M4PIKSF\dani,0x0000283C,Thread,,<Nonexistent process>(3724): 10740,READ_CONTROL|DELETE|SYNCHRONIZE|WRITE_DAC|WRITE_OWNER|THREAD_ALL_ACCESS
ReetFPS.exe,15040,DESKTOP-M4PIKSF\dani,0x00002840,Thread,,<Nonexistent process>(3724): 7180,READ_CONTROL|DELETE|SYNCHRONIZE|WRITE_DAC|WRITE_OWNER|THREAD_ALL_ACCESS
ReetFPS.exe,15040,DESKTOP-M4PIKSF\dani,0x00002844,Thread,,<Nonexistent process>(3724): 6624,READ_CONTROL|DELETE|SYNCHRONIZE|WRITE_DAC|WRITE_OWNER|THREAD_ALL_ACCESS
ReetFPS.exe,15040,DESKTOP-M4PIKSF\dani,0x00002848,Thread,,<Nonexistent process>(3724): 3972,READ_CONTROL|DELETE|SYNCHRONIZE|WRITE_DAC|WRITE_OWNER|THREAD_ALL_ACCESS
ReetFPS.exe,15040,DESKTOP-M4PIKSF\dani,0x0000284C,Thread,,<Nonexistent process>(3724): 17264,READ_CONTROL|DELETE|SYNCHRONIZE|WRITE_DAC|WRITE_OWNER|THREAD_ALL_ACCESS
ReetFPS.exe,15040,DESKTOP-M4PIKSF\dani,0x00002850,Thread,,<Nonexistent process>(3724): 17244,READ_CONTROL|DELETE|SYNCHRONIZE|WRITE_DAC|WRITE_OWNER|THREAD_ALL_ACCESS
ReetFPS.exe,15040,DESKTOP-M4PIKSF\dani,0x00002854,Thread,,<Nonexistent process>(3724): 14576,READ_CONTROL|DELETE|SYNCHRONIZE|WRITE_DAC|WRITE_OWNER|THREAD_ALL_ACCESS
ReetFPS.exe,15040,DESKTOP-M4PIKSF\dani,0x00002858,Thread,,<Nonexistent process>(3724): 15932,READ_CONTROL|DELETE|SYNCHRONIZE|WRITE_DAC|WRITE_OWNER|THREAD_ALL_ACCESS
ReetFPS.exe,15040,DESKTOP-M4PIKSF\dani,0x0000285C,Thread,,<Nonexistent process>(3724): 12060,READ_CONTROL|DELETE|SYNCHRONIZE|WRITE_DAC|WRITE_OWNER|THREAD_ALL_ACCESS
ReetFPS.exe,15040,DESKTOP-M4PIKSF\dani,0x00002860,Thread,,<Nonexistent process>(3724): 5360,READ_CONTROL|DELETE|SYNCHRONIZE|WRITE_DAC|WRITE_OWNER|THREAD_ALL_ACCESS
ReetFPS.exe,15040,DESKTOP-M4PIKSF\dani,0x00002864,Thread,,<Nonexistent process>(3724): 7984,READ_CONTROL|DELETE|SYNCHRONIZE|WRITE_DAC|WRITE_OWNER|THREAD_ALL_ACCESS
ReetFPS.exe,15040,DESKTOP-M4PIKSF\dani,0x00002868,Thread,,<Nonexistent process>(3724): 7660,READ_CONTROL|DELETE|SYNCHRONIZE|WRITE_DAC|WRITE_OWNER|THREAD_ALL_ACCESS
ReetFPS.exe,15040,DESKTOP-M4PIKSF\dani,0x0000286C,Thread,,<Nonexistent process>(3724): 16064,READ_CONTROL|DELETE|SYNCHRONIZE|WRITE_DAC|WRITE_OWNER|THREAD_ALL_ACCESS
ReetFPS.exe,15040,DESKTOP-M4PIKSF\dani,0x00002870,Thread,,<Nonexistent process>(3724): 16756,READ_CONTROL|DELETE|SYNCHRONIZE|WRITE_DAC|WRITE_OWNER|THREAD_ALL_ACCESS
ReetFPS.exe,15040,DESKTOP-M4PIKSF\dani,0x00002874,Thread,,<Nonexistent process>(3724): 2140,READ_CONTROL|DELETE|SYNCHRONIZE|WRITE_DAC|WRITE_OWNER|THREAD_ALL_ACCESS
ReetFPS.exe,15040,DESKTOP-M4PIKSF\dani,0x00002878,Thread,,<Nonexistent process>(3724): 9772,READ_CONTROL|DELETE|SYNCHRONIZE|WRITE_DAC|WRITE_OWNER|THREAD_ALL_ACCESS
ReetFPS.exe,15040,DESKTOP-M4PIKSF\dani,0x0000287C,Thread,,<Nonexistent process>(3724): 2704,READ_CONTROL|DELETE|SYNCHRONIZE|WRITE_DAC|WRITE_OWNER|THREAD_ALL_ACCESS
ReetFPS.exe,15040,DESKTOP-M4PIKSF\dani,0x00002880,Thread,,<Nonexistent process>(3724): 15628,READ_CONTROL|DELETE|SYNCHRONIZE|WRITE_DAC|WRITE_OWNER|THREAD_ALL_ACCESS
ReetFPS.exe,15040,DESKTOP-M4PIKSF\dani,0x00002884,Thread,,<Nonexistent process>(3724): 3736,READ_CONTROL|DELETE|SYNCHRONIZE|WRITE_DAC|WRITE_OWNER|THREAD_ALL_ACCESS
ReetFPS.exe,15040,DESKTOP-M4PIKSF\dani,0x00002888,Thread,,<Nonexistent process>(3724): 1000,READ_CONTROL|DELETE|SYNCHRONIZE|WRITE_DAC|WRITE_OWNER|THREAD_ALL_ACCESS
ReetFPS.exe,15040,DESKTOP-M4PIKSF\dani,0x0000288C,Thread,,<Nonexistent process>(3724): 7844,READ_CONTROL|DELETE|SYNCHRONIZE|WRITE_DAC|WRITE_OWNER|THREAD_ALL_ACCESS
ReetFPS.exe,15040,DESKTOP-M4PIKSF\dani,0x00002890,Thread,,<Nonexistent process>(3724): 12616,READ_CONTROL|DELETE|SYNCHRONIZE|WRITE_DAC|WRITE_OWNER|THREAD_ALL_ACCESS
ReetFPS.exe,15040,DESKTOP-M4PIKSF\dani,0x00002894,Thread,,<Nonexistent process>(3724): 18348,READ_CONTROL|DELETE|SYNCHRONIZE|WRITE_DAC|WRITE_OWNER|THREAD_ALL_ACCESS
ReetFPS.exe,15040,DESKTOP-M4PIKSF\dani,0x00002898,Thread,,<Nonexistent process>(3724): 17728,READ_CONTROL|DELETE|SYNCHRONIZE|WRITE_DAC|WRITE_OWNER|THREAD_ALL_ACCESS
ReetFPS.exe,15040,DESKTOP-M4PIKSF\dani,0x0000289C,Thread,,<Nonexistent process>(3724): 17132,READ_CONTROL|DELETE|SYNCHRONIZE|WRITE_DAC|WRITE_OWNER|THREAD_ALL_ACCESS
ReetFPS.exe,15040,DESKTOP-M4PIKSF\dani,0x000028A0,Thread,,<Nonexistent process>(3724): 13224,READ_CONTROL|DELETE|SYNCHRONIZE|WRITE_DAC|WRITE_OWNER|THREAD_ALL_ACCESS
ReetFPS.exe,15040,DESKTOP-M4PIKSF\dani,0x000028A4,Thread,,<Nonexistent process>(3724): 5788,READ_CONTROL|DELETE|SYNCHRONIZE|WRITE_DAC|WRITE_OWNER|THREAD_ALL_ACCESS
ReetFPS.exe,15040,DESKTOP-M4PIKSF\dani,0x000028A8,Thread,,<Nonexistent process>(3724): 7228,READ_CONTROL|DELETE|SYNCHRONIZE|WRITE_DAC|WRITE_OWNER|THREAD_ALL_ACCESS
ReetFPS.exe,15040,DESKTOP-M4PIKSF\dani,0x000028AC,Thread,,<Nonexistent process>(3724): 6252,READ_CONTROL|DELETE|SYNCHRONIZE|WRITE_DAC|WRITE_OWNER|THREAD_ALL_ACCESS
ReetFPS.exe,15040,DESKTOP-M4PIKSF\dani,0x000028B0,Thread,,<Nonexistent process>(3724): 7444,READ_CONTROL|DELETE|SYNCHRONIZE|WRITE_DAC|WRITE_OWNER|THREAD_ALL_ACCESS
ReetFPS.exe,15040,DESKTOP-M4PIKSF\dani,0x000028B4,Thread,,<Nonexistent process>(3724): 12492,READ_CONTROL|DELETE|SYNCHRONIZE|WRITE_DAC|WRITE_OWNER|THREAD_ALL_ACCESS
ReetFPS.exe,15040,DESKTOP-M4PIKSF\dani,0x000028B8,Thread,,<Nonexistent process>(3724): 13416,READ_CONTROL|DELETE|SYNCHRONIZE|WRITE_DAC|WRITE_OWNER|THREAD_ALL_ACCESS
ReetFPS.exe,15040,DESKTOP-M4PIKSF\dani,0x000028BC,Thread,,<Nonexistent process>(3724): 16432,READ_CONTROL|DELETE|SYNCHRONIZE|WRITE_DAC|WRITE_OWNER|THREAD_ALL_ACCESS
ReetFPS.exe,15040,DESKTOP-M4PIKSF\dani,0x000028C0,Thread,,<Nonexistent process>(3724): 15224,READ_CONTROL|DELETE|SYNCHRONIZE|WRITE_DAC|WRITE_OWNER|THREAD_ALL_ACCESS
ReetFPS.exe,15040,DESKTOP-M4PIKSF\dani,0x000028C4,Thread,,<Nonexistent process>(3724): 2584,READ_CONTROL|DELETE|SYNCHRONIZE|WRITE_DAC|WRITE_OWNER|THREAD_ALL_ACCESS
ReetFPS.exe,15040,DESKTOP-M4PIKSF\dani,0x000028C8,Thread,,<Nonexistent process>(3724): 12560,READ_CONTROL|DELETE|SYNCHRONIZE|WRITE_DAC|WRITE_OWNER|THREAD_ALL_ACCESS
ReetFPS.exe,15040,DESKTOP-M4PIKSF\dani,0x000028CC,Thread,,<Nonexistent process>(3724): 15740,READ_CONTROL|DELETE|SYNCHRONIZE|WRITE_DAC|WRITE_OWNER|THREAD_ALL_ACCESS
ReetFPS.exe,15040,DESKTOP-M4PIKSF\dani,0x000028D0,Thread,,<Nonexistent process>(3724): 4312,READ_CONTROL|DELETE|SYNCHRONIZE|WRITE_DAC|WRITE_OWNER|THREAD_ALL_ACCESS
ReetFPS.exe,15040,DESKTOP-M4PIKSF\dani,0x000028D4,Thread,,<Nonexistent process>(3724): 12604,READ_CONTROL|DELETE|SYNCHRONIZE|WRITE_DAC|WRITE_OWNER|THREAD_ALL_ACCESS
ReetFPS.exe,15040,DESKTOP-M4PIKSF\dani,0x000028D8,Thread,,<Nonexistent process>(3724): 5428,READ_CONTROL|DELETE|SYNCHRONIZE|WRITE_DAC|WRITE_OWNER|THREAD_ALL_ACCESS
ReetFPS.exe,15040,DESKTOP-M4PIKSF\dani,0x000028DC,Thread,,<Nonexistent process>(3724): 16912,READ_CONTROL|DELETE|SYNCHRONIZE|WRITE_DAC|WRITE_OWNER|THREAD_ALL_ACCESS
ReetFPS.exe,15040,DESKTOP-M4PIKSF\dani,0x000028E0,Thread,,<Nonexistent process>(3724): 17396,READ_CONTROL|DELETE|SYNCHRONIZE|WRITE_DAC|WRITE_OWNER|THREAD_ALL_ACCESS
ReetFPS.exe,15040,DESKTOP-M4PIKSF\dani,0x000028E4,Thread,,<Nonexistent process>(3724): 17092,READ_CONTROL|DELETE|SYNCHRONIZE|WRITE_DAC|WRITE_OWNER|THREAD_ALL_ACCESS
ReetFPS.exe,15040,DESKTOP-M4PIKSF\dani,0x000028E8,Thread,,<Nonexistent process>(3724): 14420,READ_CONTROL|DELETE|SYNCHRONIZE|WRITE_DAC|WRITE_OWNER|THREAD_ALL_ACCESS
ReetFPS.exe,15040,DESKTOP-M4PIKSF\dani,0x000028EC,Thread,,<Nonexistent process>(3724): 8564,READ_CONTROL|DELETE|SYNCHRONIZE|WRITE_DAC|WRITE_OWNER|THREAD_ALL_ACCESS
ReetFPS.exe,15040,DESKTOP-M4PIKSF\dani,0x000028F0,Thread,,<Nonexistent process>(3724): 15828,READ_CONTROL|DELETE|SYNCHRONIZE|WRITE_DAC|WRITE_OWNER|THREAD_ALL_ACCESS
ReetFPS.exe,15040,DESKTOP-M4PIKSF\dani,0x000028F4,Thread,,<Nonexistent process>(3724): 14444,READ_CONTROL|DELETE|SYNCHRONIZE|WRITE_DAC|WRITE_OWNER|THREAD_ALL_ACCESS
ReetFPS.exe,15040,DESKTOP-M4PIKSF\dani,0x000028F8,Thread,,<Nonexistent process>(3724): 15832,READ_CONTROL|DELETE|SYNCHRONIZE|WRITE_DAC|WRITE_OWNER|THREAD_ALL_ACCESS
ReetFPS.exe,15040,DESKTOP-M4PIKSF\dani,0x000028FC,Thread,,<Nonexistent process>(3724): 17404,READ_CONTROL|DELETE|SYNCHRONIZE|WRITE_DAC|WRITE_OWNER|THREAD_ALL_ACCESS
ReetFPS.exe,15040,DESKTOP-M4PIKSF\dani,0x00002900,Thread,,<Nonexistent process>(3724): 14808,READ_CONTROL|DELETE|SYNCHRONIZE|WRITE_DAC|WRITE_OWNER|THREAD_ALL_ACCESS
ReetFPS.exe,15040,DESKTOP-M4PIKSF\dani,0x00002904,Thread,,<Nonexistent process>(3724): 13664,READ_CONTROL|DELETE|SYNCHRONIZE|WRITE_DAC|WRITE_OWNER|THREAD_ALL_ACCESS
ReetFPS.exe,15040,DESKTOP-M4PIKSF\dani,0x00002908,Thread,,<Nonexistent process>(3724): 2420,READ_CONTROL|DELETE|SYNCHRONIZE|WRITE_DAC|WRITE_OWNER|THREAD_ALL_ACCESS
ReetFPS.exe,15040,DESKTOP-M4PIKSF\dani,0x0000290C,Thread,,<Nonexistent process>(3724): 7120,READ_CONTROL|DELETE|SYNCHRONIZE|WRITE_DAC|WRITE_OWNER|THREAD_ALL_ACCESS
ReetFPS.exe,15040,DESKTOP-M4PIKSF\dani,0x00002910,Thread,,<Nonexistent process>(3724): 12648,READ_CONTROL|DELETE|SYNCHRONIZE|WRITE_DAC|WRITE_OWNER|THREAD_ALL_ACCESS
ReetFPS.exe,15040,DESKTOP-M4PIKSF\dani,0x00002914,Thread,,<Nonexistent process>(3724): 17248,READ_CONTROL|DELETE|SYNCHRONIZE|WRITE_DAC|WRITE_OWNER|THREAD_ALL_ACCESS
ReetFPS.exe,15040,DESKTOP-M4PIKSF\dani,0x00002918,Thread,,<Nonexistent process>(3724): 12892,READ_CONTROL|DELETE|SYNCHRONIZE|WRITE_DAC|WRITE_OWNER|THREAD_ALL_ACCESS
ReetFPS.exe,15040,DESKTOP-M4PIKSF\dani,0x0000291C,Thread,,<Nonexistent process>(3724): 9112,READ_CONTROL|DELETE|SYNCHRONIZE|WRITE_DAC|WRITE_OWNER|THREAD_ALL_ACCESS
ReetFPS.exe,15040,DESKTOP-M4PIKSF\dani,0x00002920,Thread,,<Nonexistent process>(3724): 3992,READ_CONTROL|DELETE|SYNCHRONIZE|WRITE_DAC|WRITE_OWNER|THREAD_ALL_ACCESS
ReetFPS.exe,15040,DESKTOP-M4PIKSF\dani,0x00002924,Thread,,<Nonexistent process>(3724): 14328,READ_CONTROL|DELETE|SYNCHRONIZE|WRITE_DAC|WRITE_OWNER|THREAD_ALL_ACCESS
ReetFPS.exe,15040,DESKTOP-M4PIKSF\dani,0x00002928,Thread,,<Nonexistent process>(3724): 6860,READ_CONTROL|DELETE|SYNCHRONIZE|WRITE_DAC|WRITE_OWNER|THREAD_ALL_ACCESS
ReetFPS.exe,15040,DESKTOP-M4PIKSF\dani,0x0000292C,Thread,,<Nonexistent process>(3724): 11072,READ_CONTROL|DELETE|SYNCHRONIZE|WRITE_DAC|WRITE_OWNER|THREAD_ALL_ACCESS
ReetFPS.exe,15040,DESKTOP-M4PIKSF\dani,0x00002930,Thread,,<Nonexistent process>(3724): 2444,READ_CONTROL|DELETE|SYNCHRONIZE|WRITE_DAC|WRITE_OWNER|THREAD_ALL_ACCESS
ReetFPS.exe,15040,DESKTOP-M4PIKSF\dani,0x00002934,Thread,,<Nonexistent process>(3724): 5264,READ_CONTROL|DELETE|SYNCHRONIZE|WRITE_DAC|WRITE_OWNER|THREAD_ALL_ACCESS
ReetFPS.exe,15040,DESKTOP-M4PIKSF\dani,0x00002938,Thread,,<Nonexistent process>(3724): 8804,READ_CONTROL|DELETE|SYNCHRONIZE|WRITE_DAC|WRITE_OWNER|THREAD_ALL_ACCESS
ReetFPS.exe,15040,DESKTOP-M4PIKSF\dani,0x0000293C,Thread,,<Nonexistent process>(3724): 12408,READ_CONTROL|DELETE|SYNCHRONIZE|WRITE_DAC|WRITE_OWNER|THREAD_ALL_ACCESS
ReetFPS.exe,15040,DESKTOP-M4PIKSF\dani,0x00002940,Thread,,<Nonexistent process>(3724): 15692,READ_CONTROL|DELETE|SYNCHRONIZE|WRITE_DAC|WRITE_OWNER|THREAD_ALL_ACCESS
ReetFPS.exe,15040,DESKTOP-M4PIKSF\dani,0x00002944,Thread,,<Nonexistent process>(3724): 5272,READ_CONTROL|DELETE|SYNCHRONIZE|WRITE_DAC|WRITE_OWNER|THREAD_ALL_ACCESS
ReetFPS.exe,15040,DESKTOP-M4PIKSF\dani,0x00002948,Thread,,<Nonexistent process>(3724): 3644,READ_CONTROL|DELETE|SYNCHRONIZE|WRITE_DAC|WRITE_OWNER|THREAD_ALL_ACCESS
ReetFPS.exe,15040,DESKTOP-M4PIKSF\dani,0x0000294C,Thread,,<Nonexistent process>(3724): 12584,READ_CONTROL|DELETE|SYNCHRONIZE|WRITE_DAC|WRITE_OWNER|THREAD_ALL_ACCESS
ReetFPS.exe,15040,DESKTOP-M4PIKSF\dani,0x00002950,Thread,,<Nonexistent process>(3724): 2764,READ_CONTROL|DELETE|SYNCHRONIZE|WRITE_DAC|WRITE_OWNER|THREAD_ALL_ACCESS
ReetFPS.exe,15040,DESKTOP-M4PIKSF\dani,0x00002954,Thread,,<Nonexistent process>(3724): 11856,READ_CONTROL|DELETE|SYNCHRONIZE|WRITE_DAC|WRITE_OWNER|THREAD_ALL_ACCESS
ReetFPS.exe,15040,DESKTOP-M4PIKSF\dani,0x00002958,Thread,,<Nonexistent process>(3724): 15716,READ_CONTROL|DELETE|SYNCHRONIZE|WRITE_DAC|WRITE_OWNER|THREAD_ALL_ACCESS
ReetFPS.exe,15040,DESKTOP-M4PIKSF\dani,0x0000295C,Thread,,<Nonexistent process>(3724): 16704,READ_CONTROL|DELETE|SYNCHRONIZE|WRITE_DAC|WRITE_OWNER|THREAD_ALL_ACCESS
ReetFPS.exe,15040,DESKTOP-M4PIKSF\dani,0x00002960,Thread,,<Nonexistent process>(3724): 16828,READ_CONTROL|DELETE|SYNCHRONIZE|WRITE_DAC|WRITE_OWNER|THREAD_ALL_ACCESS
ReetFPS.exe,15040,DESKTOP-M4PIKSF\dani,0x00002964,Thread,,<Nonexistent process>(3724): 15540,READ_CONTROL|DELETE|SYNCHRONIZE|WRITE_DAC|WRITE_OWNER|THREAD_ALL_ACCESS
ReetFPS.exe,15040,DESKTOP-M4PIKSF\dani,0x00002968,Thread,,<Nonexistent process>(3724): 14732,READ_CONTROL|DELETE|SYNCHRONIZE|WRITE_DAC|WRITE_OWNER|THREAD_ALL_ACCESS
ReetFPS.exe,15040,DESKTOP-M4PIKSF\dani,0x0000296C,Thread,,<Nonexistent process>(3724): 13436,READ_CONTROL|DELETE|SYNCHRONIZE|WRITE_DAC|WRITE_OWNER|THREAD_ALL_ACCESS
ReetFPS.exe,15040,DESKTOP-M4PIKSF\dani,0x00002970,Thread,,<Nonexistent process>(3724): 13484,READ_CONTROL|DELETE|SYNCHRONIZE|WRITE_DAC|WRITE_OWNER|THREAD_ALL_ACCESS
ReetFPS.exe,15040,DESKTOP-M4PIKSF\dani,0x00002974,Thread,,<Nonexistent process>(3724): 15796,READ_CONTROL|DELETE|SYNCHRONIZE|WRITE_DAC|WRITE_OWNER|THREAD_ALL_ACCESS
ReetFPS.exe,15040,DESKTOP-M4PIKSF\dani,0x00002978,Thread,,<Nonexistent process>(3724): 5268,READ_CONTROL|DELETE|SYNCHRONIZE|WRITE_DAC|WRITE_OWNER|THREAD_ALL_ACCESS
ReetFPS.exe,15040,DESKTOP-M4PIKSF\dani,0x0000297C,Thread,,<Nonexistent process>(3724): 2940,READ_CONTROL|DELETE|SYNCHRONIZE|WRITE_DAC|WRITE_OWNER|THREAD_ALL_ACCESS
ReetFPS.exe,15040,DESKTOP-M4PIKSF\dani,0x00002980,Thread,,<Nonexistent process>(3724): 16048,READ_CONTROL|DELETE|SYNCHRONIZE|WRITE_DAC|WRITE_OWNER|THREAD_ALL_ACCESS
ReetFPS.exe,15040,DESKTOP-M4PIKSF\dani,0x00002984,Thread,,<Nonexistent process>(3724): 9848,READ_CONTROL|DELETE|SYNCHRONIZE|WRITE_DAC|WRITE_OWNER|THREAD_ALL_ACCESS
ReetFPS.exe,15040,DESKTOP-M4PIKSF\dani,0x00002988,Thread,,<Nonexistent process>(3724): 3608,READ_CONTROL|DELETE|SYNCHRONIZE|WRITE_DAC|WRITE_OWNER|THREAD_ALL_ACCESS
ReetFPS.exe,15040,DESKTOP-M4PIKSF\dani,0x0000298C,Thread,,<Nonexistent process>(3724): 14780,READ_CONTROL|DELETE|SYNCHRONIZE|WRITE_DAC|WRITE_OWNER|THREAD_ALL_ACCESS
ReetFPS.exe,15040,DESKTOP-M4PIKSF\dani,0x00002990,Thread,,<Nonexistent process>(3724): 556,READ_CONTROL|DELETE|SYNCHRONIZE|WRITE_DAC|WRITE_OWNER|THREAD_ALL_ACCESS
ReetFPS.exe,15040,DESKTOP-M4PIKSF\dani,0x00002994,Thread,,<Nonexistent process>(3724): 15168,READ_CONTROL|DELETE|SYNCHRONIZE|WRITE_DAC|WRITE_OWNER|THREAD_ALL_ACCESS
ReetFPS.exe,15040,DESKTOP-M4PIKSF\dani,0x00002998,Thread,,<Nonexistent process>(3724): 16584,READ_CONTROL|DELETE|SYNCHRONIZE|WRITE_DAC|WRITE_OWNER|THREAD_ALL_ACCESS
ReetFPS.exe,15040,DESKTOP-M4PIKSF\dani,0x0000299C,Thread,,<Nonexistent process>(3724): 16428,READ_CONTROL|DELETE|SYNCHRONIZE|WRITE_DAC|WRITE_OWNER|THREAD_ALL_ACCESS
ReetFPS.exe,15040,DESKTOP-M4PIKSF\dani,0x000029A0,Thread,,<Nonexistent process>(3724): 7480,READ_CONTROL|DELETE|SYNCHRONIZE|WRITE_DAC|WRITE_OWNER|THREAD_ALL_ACCESS
ReetFPS.exe,15040,DESKTOP-M4PIKSF\dani,0x000029A4,Thread,,<Nonexistent process>(3724): 5300,READ_CONTROL|DELETE|SYNCHRONIZE|WRITE_DAC|WRITE_OWNER|THREAD_ALL_ACCESS
ReetFPS.exe,15040,DESKTOP-M4PIKSF\dani,0x000029A8,Thread,,<Nonexistent process>(3724): 8276,READ_CONTROL|DELETE|SYNCHRONIZE|WRITE_DAC|WRITE_OWNER|THREAD_ALL_ACCESS
ReetFPS.exe,15040,DESKTOP-M4PIKSF\dani,0x000029AC,Thread,,<Nonexistent process>(3724): 15900,READ_CONTROL|DELETE|SYNCHRONIZE|WRITE_DAC|WRITE_OWNER|THREAD_ALL_ACCESS
ReetFPS.exe,15040,DESKTOP-M4PIKSF\dani,0x000029B0,Thread,,<Nonexistent process>(3724): 4060,READ_CONTROL|DELETE|SYNCHRONIZE|WRITE_DAC|WRITE_OWNER|THREAD_ALL_ACCESS
ReetFPS.exe,15040,DESKTOP-M4PIKSF\dani,0x000029B4,Event,,,READ_CONTROL|DELETE|SYNCHRONIZE|WRITE_DAC|WRITE_OWNER|EVENT_ALL_ACCESS
ReetFPS.exe,15040,DESKTOP-M4PIKSF\dani,0x000029B8,Thread,,ReetFPS.exe(15040): 14264,READ_CONTROL|DELETE|SYNCHRONIZE|WRITE_DAC|WRITE_OWNER|THREAD_ALL_ACCESS
ReetFPS.exe,15040,DESKTOP-M4PIKSF\dani,0x000029BC,Thread,,<Nonexistent process>(3724): 13636,READ_CONTROL|DELETE|SYNCHRONIZE|WRITE_DAC|WRITE_OWNER|THREAD_ALL_ACCESS
ReetFPS.exe,15040,DESKTOP-M4PIKSF\dani,0x000029C0,Thread,,<Nonexistent process>(3724): 9336,READ_CONTROL|DELETE|SYNCHRONIZE|WRITE_DAC|WRITE_OWNER|THREAD_ALL_ACCESS
ReetFPS.exe,15040,DESKTOP-M4PIKSF\dani,0x000029C4,Thread,,<Nonexistent process>(3724): 15784,READ_CONTROL|DELETE|SYNCHRONIZE|WRITE_DAC|WRITE_OWNER|THREAD_ALL_ACCESS
ReetFPS.exe,15040,DESKTOP-M4PIKSF\dani,0x000029C8,Thread,,<Nonexistent process>(3724): 12656,READ_CONTROL|DELETE|SYNCHRONIZE|WRITE_DAC|WRITE_OWNER|THREAD_ALL_ACCESS
ReetFPS.exe,15040,DESKTOP-M4PIKSF\dani,0x000029CC,Thread,,<Nonexistent process>(3724): 15180,READ_CONTROL|DELETE|SYNCHRONIZE|WRITE_DAC|WRITE_OWNER|THREAD_ALL_ACCESS
ReetFPS.exe,15040,DESKTOP-M4PIKSF\dani,0x000029D0,Thread,,<Nonexistent process>(3724): 2460,READ_CONTROL|DELETE|SYNCHRONIZE|WRITE_DAC|WRITE_OWNER|THREAD_ALL_ACCESS
ReetFPS.exe,15040,DESKTOP-M4PIKSF\dani,0x000029D4,Thread,,<Nonexistent process>(3724): 15704,READ_CONTROL|DELETE|SYNCHRONIZE|WRITE_DAC|WRITE_OWNER|THREAD_ALL_ACCESS
ReetFPS.exe,15040,DESKTOP-M4PIKSF\dani,0x000029D8,Thread,,<Nonexistent process>(3724): 12556,READ_CONTROL|DELETE|SYNCHRONIZE|WRITE_DAC|WRITE_OWNER|THREAD_ALL_ACCESS
ReetFPS.exe,15040,DESKTOP-M4PIKSF\dani,0x000029DC,Thread,,<Nonexistent process>(3724): 15772,READ_CONTROL|DELETE|SYNCHRONIZE|WRITE_DAC|WRITE_OWNER|THREAD_ALL_ACCESS
ReetFPS.exe,15040,DESKTOP-M4PIKSF\dani,0x000029E0,Thread,,<Nonexistent process>(3724): 14200,READ_CONTROL|DELETE|SYNCHRONIZE|WRITE_DAC|WRITE_OWNER|THREAD_ALL_ACCESS
ReetFPS.exe,15040,DESKTOP-M4PIKSF\dani,0x000029E4,Thread,,<Nonexistent process>(3724): 16984,READ_CONTROL|DELETE|SYNCHRONIZE|WRITE_DAC|WRITE_OWNER|THREAD_ALL_ACCESS
ReetFPS.exe,15040,DESKTOP-M4PIKSF\dani,0x000029E8,Thread,,<Nonexistent process>(3724): 17196,READ_CONTROL|DELETE|SYNCHRONIZE|WRITE_DAC|WRITE_OWNER|THREAD_ALL_ACCESS
ReetFPS.exe,15040,DESKTOP-M4PIKSF\dani,0x000029EC,Thread,,<Nonexistent process>(3724): 9024,READ_CONTROL|DELETE|SYNCHRONIZE|WRITE_DAC|WRITE_OWNER|THREAD_ALL_ACCESS
ReetFPS.exe,15040,DESKTOP-M4PIKSF\dani,0x000029F0,Thread,,<Nonexistent process>(3724): 10200,READ_CONTROL|DELETE|SYNCHRONIZE|WRITE_DAC|WRITE_OWNER|THREAD_ALL_ACCESS
ReetFPS.exe,15040,DESKTOP-M4PIKSF\dani,0x000029F4,Thread,,<Nonexistent process>(3724): 17372,READ_CONTROL|DELETE|SYNCHRONIZE|WRITE_DAC|WRITE_OWNER|THREAD_ALL_ACCESS
ReetFPS.exe,15040,DESKTOP-M4PIKSF\dani,0x000029F8,Thread,,<Nonexistent process>(3724): 14048,READ_CONTROL|DELETE|SYNCHRONIZE|WRITE_DAC|WRITE_OWNER|THREAD_ALL_ACCESS
ReetFPS.exe,15040,DESKTOP-M4PIKSF\dani,0x000029FC,Thread,,<Nonexistent process>(3724): 15780,READ_CONTROL|DELETE|SYNCHRONIZE|WRITE_DAC|WRITE_OWNER|THREAD_ALL_ACCESS
ReetFPS.exe,15040,DESKTOP-M4PIKSF\dani,0x00002A00,Thread,,<Nonexistent process>(3724): 17008,READ_CONTROL|DELETE|SYNCHRONIZE|WRITE_DAC|WRITE_OWNER|THREAD_ALL_ACCESS
ReetFPS.exe,15040,DESKTOP-M4PIKSF\dani,0x00002A04,Thread,,<Nonexistent process>(3724): 17484,READ_CONTROL|DELETE|SYNCHRONIZE|WRITE_DAC|WRITE_OWNER|THREAD_ALL_ACCESS
ReetFPS.exe,15040,DESKTOP-M4PIKSF\dani,0x00002A08,Thread,,<Nonexistent process>(3724): 14436,READ_CONTROL|DELETE|SYNCHRONIZE|WRITE_DAC|WRITE_OWNER|THREAD_ALL_ACCESS
ReetFPS.exe,15040,DESKTOP-M4PIKSF\dani,0x00002A0C,Thread,,<Nonexistent process>(3724): 8836,READ_CONTROL|DELETE|SYNCHRONIZE|WRITE_DAC|WRITE_OWNER|THREAD_ALL_ACCESS
ReetFPS.exe,15040,DESKTOP-M4PIKSF\dani,0x00002A10,Thread,,<Nonexistent process>(3724): 1240,READ_CONTROL|DELETE|SYNCHRONIZE|WRITE_DAC|WRITE_OWNER|THREAD_ALL_ACCESS
ReetFPS.exe,15040,DESKTOP-M4PIKSF\dani,0x00002A14,Thread,,<Nonexistent process>(3724): 15048,READ_CONTROL|DELETE|SYNCHRONIZE|WRITE_DAC|WRITE_OWNER|THREAD_ALL_ACCESS
ReetFPS.exe,15040,DESKTOP-M4PIKSF\dani,0x00002A18,Thread,,<Nonexistent process>(3724): 11780,READ_CONTROL|DELETE|SYNCHRONIZE|WRITE_DAC|WRITE_OWNER|THREAD_ALL_ACCESS
ReetFPS.exe,15040,DESKTOP-M4PIKSF\dani,0x00002A1C,Thread,,<Nonexistent process>(3724): 13588,READ_CONTROL|DELETE|SYNCHRONIZE|WRITE_DAC|WRITE_OWNER|THREAD_ALL_ACCESS
ReetFPS.exe,15040,DESKTOP-M4PIKSF\dani,0x00002A20,Thread,,<Nonexistent process>(3724): 8880,READ_CONTROL|DELETE|SYNCHRONIZE|WRITE_DAC|WRITE_OWNER|THREAD_ALL_ACCESS
ReetFPS.exe,15040,DESKTOP-M4PIKSF\dani,0x00002A24,Thread,,<Nonexistent process>(3724): 5204,READ_CONTROL|DELETE|SYNCHRONIZE|WRITE_DAC|WRITE_OWNER|THREAD_ALL_ACCESS
ReetFPS.exe,15040,DESKTOP-M4PIKSF\dani,0x00002A28,Thread,,<Nonexistent process>(3724): 16992,READ_CONTROL|DELETE|SYNCHRONIZE|WRITE_DAC|WRITE_OWNER|THREAD_ALL_ACCESS
ReetFPS.exe,15040,DESKTOP-M4PIKSF\dani,0x00002A2C,Thread,,<Nonexistent process>(3724): 13480,READ_CONTROL|DELETE|SYNCHRONIZE|WRITE_DAC|WRITE_OWNER|THREAD_ALL_ACCESS
ReetFPS.exe,15040,DESKTOP-M4PIKSF\dani,0x00002A30,Thread,,<Nonexistent process>(3724): 17840,READ_CONTROL|DELETE|SYNCHRONIZE|WRITE_DAC|WRITE_OWNER|THREAD_ALL_ACCESS
ReetFPS.exe,15040,DESKTOP-M4PIKSF\dani,0x00002A34,Thread,,<Nonexistent process>(3724): 17628,READ_CONTROL|DELETE|SYNCHRONIZE|WRITE_DAC|WRITE_OWNER|THREAD_ALL_ACCESS
ReetFPS.exe,15040,DESKTOP-M4PIKSF\dani,0x00002A38,Thread,,<Nonexistent process>(3724): 13320,READ_CONTROL|DELETE|SYNCHRONIZE|WRITE_DAC|WRITE_OWNER|THREAD_ALL_ACCESS
ReetFPS.exe,15040,DESKTOP-M4PIKSF\dani,0x00002A3C,Thread,,<Nonexistent process>(3724): 7508,READ_CONTROL|DELETE|SYNCHRONIZE|WRITE_DAC|WRITE_OWNER|THREAD_ALL_ACCESS
ReetFPS.exe,15040,DESKTOP-M4PIKSF\dani,0x00002A40,Thread,,<Nonexistent process>(3724): 18364,READ_CONTROL|DELETE|SYNCHRONIZE|WRITE_DAC|WRITE_OWNER|THREAD_ALL_ACCESS
ReetFPS.exe,15040,DESKTOP-M4PIKSF\dani,0x00002A44,Thread,,<Nonexistent process>(3724): 2896,READ_CONTROL|DELETE|SYNCHRONIZE|WRITE_DAC|WRITE_OWNER|THREAD_ALL_ACCESS
ReetFPS.exe,15040,DESKTOP-M4PIKSF\dani,0x00002A48,Thread,,<Nonexistent process>(3724): 17632,READ_CONTROL|DELETE|SYNCHRONIZE|WRITE_DAC|WRITE_OWNER|THREAD_ALL_ACCESS
ReetFPS.exe,15040,DESKTOP-M4PIKSF\dani,0x00002A4C,Thread,,<Nonexistent process>(3724): 8136,READ_CONTROL|DELETE|SYNCHRONIZE|WRITE_DAC|WRITE_OWNER|THREAD_ALL_ACCESS
ReetFPS.exe,15040,DESKTOP-M4PIKSF\dani,0x00002A50,Thread,,<Nonexistent process>(3724): 2552,READ_CONTROL|DELETE|SYNCHRONIZE|WRITE_DAC|WRITE_OWNER|THREAD_ALL_ACCESS
ReetFPS.exe,15040,DESKTOP-M4PIKSF\dani,0x00002A54,Thread,,<Nonexistent process>(3724): 18288,READ_CONTROL|DELETE|SYNCHRONIZE|WRITE_DAC|WRITE_OWNER|THREAD_ALL_ACCESS
ReetFPS.exe,15040,DESKTOP-M4PIKSF\dani,0x00002A58,Thread,,<Nonexistent process>(3724): 17816,READ_CONTROL|DELETE|SYNCHRONIZE|WRITE_DAC|WRITE_OWNER|THREAD_ALL_ACCESS
ReetFPS.exe,15040,DESKTOP-M4PIKSF\dani,0x00002A5C,Thread,,<Nonexistent process>(3724): 17648,READ_CONTROL|DELETE|SYNCHRONIZE|WRITE_DAC|WRITE_OWNER|THREAD_ALL_ACCESS
ReetFPS.exe,15040,DESKTOP-M4PIKSF\dani,0x00002A60,Thread,,<Nonexistent process>(3724): 16804,READ_CONTROL|DELETE|SYNCHRONIZE|WRITE_DAC|WRITE_OWNER|THREAD_ALL_ACCESS
ReetFPS.exe,15040,DESKTOP-M4PIKSF\dani,0x00002A64,Thread,,<Nonexistent process>(3724): 14948,READ_CONTROL|DELETE|SYNCHRONIZE|WRITE_DAC|WRITE_OWNER|THREAD_ALL_ACCESS
ReetFPS.exe,15040,DESKTOP-M4PIKSF\dani,0x00002A68,Thread,,<Nonexistent process>(3724): 17544,READ_CONTROL|DELETE|SYNCHRONIZE|WRITE_DAC|WRITE_OWNER|THREAD_ALL_ACCESS
ReetFPS.exe,15040,DESKTOP-M4PIKSF\dani,0x00002A6C,Thread,,<Nonexistent process>(3724): 13812,READ_CONTROL|DELETE|SYNCHRONIZE|WRITE_DAC|WRITE_OWNER|THREAD_ALL_ACCESS
ReetFPS.exe,15040,DESKTOP-M4PIKSF\dani,0x00002A70,Thread,,<Nonexistent process>(3724): 17940,READ_CONTROL|DELETE|SYNCHRONIZE|WRITE_DAC|WRITE_OWNER|THREAD_ALL_ACCESS
ReetFPS.exe,15040,DESKTOP-M4PIKSF\dani,0x00002A74,Thread,,<Nonexistent process>(3724): 3232,READ_CONTROL|DELETE|SYNCHRONIZE|WRITE_DAC|WRITE_OWNER|THREAD_ALL_ACCESS
ReetFPS.exe,15040,DESKTOP-M4PIKSF\dani,0x00002A78,Thread,,<Nonexistent process>(3724): 6812,READ_CONTROL|DELETE|SYNCHRONIZE|WRITE_DAC|WRITE_OWNER|THREAD_ALL_ACCESS
ReetFPS.exe,15040,DESKTOP-M4PIKSF\dani,0x00002A7C,Thread,,<Nonexistent process>(3724): 17124,READ_CONTROL|DELETE|SYNCHRONIZE|WRITE_DAC|WRITE_OWNER|THREAD_ALL_ACCESS
ReetFPS.exe,15040,DESKTOP-M4PIKSF\dani,0x00002A80,Thread,,<Nonexistent process>(3724): 18296,READ_CONTROL|DELETE|SYNCHRONIZE|WRITE_DAC|WRITE_OWNER|THREAD_ALL_ACCESS
ReetFPS.exe,15040,DESKTOP-M4PIKSF\dani,0x00002A84,Thread,,<Nonexistent process>(3724): 18420,READ_CONTROL|DELETE|SYNCHRONIZE|WRITE_DAC|WRITE_OWNER|THREAD_ALL_ACCESS
ReetFPS.exe,15040,DESKTOP-M4PIKSF\dani,0x00002A88,Thread,,<Nonexistent process>(3724): 4200,READ_CONTROL|DELETE|SYNCHRONIZE|WRITE_DAC|WRITE_OWNER|THREAD_ALL_ACCESS
ReetFPS.exe,15040,DESKTOP-M4PIKSF\dani,0x00002A8C,Thread,,<Nonexistent process>(3724): 14900,READ_CONTROL|DELETE|SYNCHRONIZE|WRITE_DAC|WRITE_OWNER|THREAD_ALL_ACCESS
ReetFPS.exe,15040,DESKTOP-M4PIKSF\dani,0x00002A90,Thread,,<Nonexistent process>(3724): 15728,READ_CONTROL|DELETE|SYNCHRONIZE|WRITE_DAC|WRITE_OWNER|THREAD_ALL_ACCESS
ReetFPS.exe,15040,DESKTOP-M4PIKSF\dani,0x00002A94,Thread,,<Nonexistent process>(3724): 16680,READ_CONTROL|DELETE|SYNCHRONIZE|WRITE_DAC|WRITE_OWNER|THREAD_ALL_ACCESS
ReetFPS.exe,15040,DESKTOP-M4PIKSF\dani,0x00002A98,Thread,,<Nonexistent process>(3724): 17960,READ_CONTROL|DELETE|SYNCHRONIZE|WRITE_DAC|WRITE_OWNER|THREAD_ALL_ACCESS
ReetFPS.exe,15040,DESKTOP-M4PIKSF\dani,0x00002A9C,Thread,,<Nonexistent process>(3724): 17512,READ_CONTROL|DELETE|SYNCHRONIZE|WRITE_DAC|WRITE_OWNER|THREAD_ALL_ACCESS
ReetFPS.exe,15040,DESKTOP-M4PIKSF\dani,0x00002AA0,Thread,,<Nonexistent process>(3724): 15240,READ_CONTROL|DELETE|SYNCHRONIZE|WRITE_DAC|WRITE_OWNER|THREAD_ALL_ACCESS
ReetFPS.exe,15040,DESKTOP-M4PIKSF\dani,0x00002AA4,Thread,,<Nonexistent process>(3724): 18256,READ_CONTROL|DELETE|SYNCHRONIZE|WRITE_DAC|WRITE_OWNER|THREAD_ALL_ACCESS
ReetFPS.exe,15040,DESKTOP-M4PIKSF\dani,0x00002AA8,Thread,,<Nonexistent process>(3724): 13828,READ_CONTROL|DELETE|SYNCHRONIZE|WRITE_DAC|WRITE_OWNER|THREAD_ALL_ACCESS
ReetFPS.exe,15040,DESKTOP-M4PIKSF\dani,0x00002AAC,Thread,,<Nonexistent process>(3724): 4228,READ_CONTROL|DELETE|SYNCHRONIZE|WRITE_DAC|WRITE_OWNER|THREAD_ALL_ACCESS
ReetFPS.exe,15040,DESKTOP-M4PIKSF\dani,0x00002AB0,Thread,,<Nonexistent process>(3724): 17776,READ_CONTROL|DELETE|SYNCHRONIZE|WRITE_DAC|WRITE_OWNER|THREAD_ALL_ACCESS
ReetFPS.exe,15040,DESKTOP-M4PIKSF\dani,0x00002AB4,Thread,,<Nonexistent process>(3724): 11636,READ_CONTROL|DELETE|SYNCHRONIZE|WRITE_DAC|WRITE_OWNER|THREAD_ALL_ACCESS
ReetFPS.exe,15040,DESKTOP-M4PIKSF\dani,0x00002AB8,Thread,,<Nonexistent process>(3724): 17348,READ_CONTROL|DELETE|SYNCHRONIZE|WRITE_DAC|WRITE_OWNER|THREAD_ALL_ACCESS
ReetFPS.exe,15040,DESKTOP-M4PIKSF\dani,0x00002ABC,Thread,,<Nonexistent process>(3724): 18192,READ_CONTROL|DELETE|SYNCHRONIZE|WRITE_DAC|WRITE_OWNER|THREAD_ALL_ACCESS
ReetFPS.exe,15040,DESKTOP-M4PIKSF\dani,0x00002AC0,Thread,,<Nonexistent process>(3724): 11156,READ_CONTROL|DELETE|SYNCHRONIZE|WRITE_DAC|WRITE_OWNER|THREAD_ALL_ACCESS
ReetFPS.exe,15040,DESKTOP-M4PIKSF\dani,0x00002AC4,Thread,,<Nonexistent process>(3724): 18292,READ_CONTROL|DELETE|SYNCHRONIZE|WRITE_DAC|WRITE_OWNER|THREAD_ALL_ACCESS
ReetFPS.exe,15040,DESKTOP-M4PIKSF\dani,0x00002AC8,Thread,,<Nonexistent process>(3724): 6612,READ_CONTROL|DELETE|SYNCHRONIZE|WRITE_DAC|WRITE_OWNER|THREAD_ALL_ACCESS
ReetFPS.exe,15040,DESKTOP-M4PIKSF\dani,0x00002ACC,Thread,,<Nonexistent process>(3724): 12628,READ_CONTROL|DELETE|SYNCHRONIZE|WRITE_DAC|WRITE_OWNER|THREAD_ALL_ACCESS
ReetFPS.exe,15040,DESKTOP-M4PIKSF\dani,0x00002AD0,Thread,,<Nonexistent process>(14508): 17708,READ_CONTROL|DELETE|SYNCHRONIZE|WRITE_DAC|WRITE_OWNER|THREAD_ALL_ACCESS
ReetFPS.exe,15040,DESKTOP-M4PIKSF\dani,0x00002AD4,Thread,,<Nonexistent process>(3724): 3856,READ_CONTROL|DELETE|SYNCHRONIZE|WRITE_DAC|WRITE_OWNER|THREAD_ALL_ACCESS
ReetFPS.exe,15040,DESKTOP-M4PIKSF\dani,0x00002AD8,Thread,,<Nonexistent process>(14508): 18260,READ_CONTROL|DELETE|SYNCHRONIZE|WRITE_DAC|WRITE_OWNER|THREAD_ALL_ACCESS
ReetFPS.exe,15040,DESKTOP-M4PIKSF\dani,0x00002ADC,Thread,,<Nonexistent process>(14508): 3648,READ_CONTROL|DELETE|SYNCHRONIZE|WRITE_DAC|WRITE_OWNER|THREAD_ALL_ACCESS
ReetFPS.exe,15040,DESKTOP-M4PIKSF\dani,0x00002AE0,Section,,,READ_CONTROL|DELETE|WRITE_DAC|WRITE_OWNER|QUERY|MAP_WRITE|MAP_READ
ReetFPS.exe,15040,DESKTOP-M4PIKSF\dani,0x00002AE4,Thread,,<Nonexistent process>(14508): 7832,READ_CONTROL|DELETE|SYNCHRONIZE|WRITE_DAC|WRITE_OWNER|THREAD_ALL_ACCESS
ReetFPS.exe,15040,DESKTOP-M4PIKSF\dani,0x00002AE8,Thread,,<Nonexistent process>(14508): 11544,READ_CONTROL|DELETE|SYNCHRONIZE|WRITE_DAC|WRITE_OWNER|THREAD_ALL_ACCESS
ReetFPS.exe,15040,DESKTOP-M4PIKSF\dani,0x00002AEC,Thread,,<Nonexistent process>(14508): 12452,READ_CONTROL|DELETE|SYNCHRONIZE|WRITE_DAC|WRITE_OWNER|THREAD_ALL_ACCESS
ReetFPS.exe,15040,DESKTOP-M4PIKSF\dani,0x00002AF0,Thread,,<Nonexistent process>(14508): 13344,READ_CONTROL|DELETE|SYNCHRONIZE|WRITE_DAC|WRITE_OWNER|THREAD_ALL_ACCESS
ReetFPS.exe,15040,DESKTOP-M4PIKSF\dani,0x00002AF4,Thread,,<Nonexistent process>(14508): 2004,READ_CONTROL|DELETE|SYNCHRONIZE|WRITE_DAC|WRITE_OWNER|THREAD_ALL_ACCESS
ReetFPS.exe,15040,DESKTOP-M4PIKSF\dani,0x00002AF8,Thread,,<Nonexistent process>(14508): 8388,READ_CONTROL|DELETE|SYNCHRONIZE|WRITE_DAC|WRITE_OWNER|THREAD_ALL_ACCESS
ReetFPS.exe,15040,DESKTOP-M4PIKSF\dani,0x00002AFC,Thread,,<Nonexistent process>(14508): 15092,READ_CONTROL|DELETE|SYNCHRONIZE|WRITE_DAC|WRITE_OWNER|THREAD_ALL_ACCESS
ReetFPS.exe,15040,DESKTOP-M4PIKSF\dani,0x00002B00,Thread,,<Nonexistent process>(14508): 14368,READ_CONTROL|DELETE|SYNCHRONIZE|WRITE_DAC|WRITE_OWNER|THREAD_ALL_ACCESS
ReetFPS.exe,15040,DESKTOP-M4PIKSF\dani,0x00002B04,Thread,,<Nonexistent process>(14508): 14752,READ_CONTROL|DELETE|SYNCHRONIZE|WRITE_DAC|WRITE_OWNER|THREAD_ALL_ACCESS
ReetFPS.exe,15040,DESKTOP-M4PIKSF\dani,0x00002B08,Thread,,<Nonexistent process>(14508): 14876,READ_CONTROL|DELETE|SYNCHRONIZE|WRITE_DAC|WRITE_OWNER|THREAD_ALL_ACCESS
ReetFPS.exe,15040,DESKTOP-M4PIKSF\dani,0x00002B0C,Thread,,<Nonexistent process>(14508): 17020,READ_CONTROL|DELETE|SYNCHRONIZE|WRITE_DAC|WRITE_OWNER|THREAD_ALL_ACCESS
ReetFPS.exe,15040,DESKTOP-M4PIKSF\dani,0x00002B10,Thread,,<Nonexistent process>(14508): 16796,READ_CONTROL|DELETE|SYNCHRONIZE|WRITE_DAC|WRITE_OWNER|THREAD_ALL_ACCESS
ReetFPS.exe,15040,DESKTOP-M4PIKSF\dani,0x00002B14,Thread,,<Nonexistent process>(14508): 14980,READ_CONTROL|DELETE|SYNCHRONIZE|WRITE_DAC|WRITE_OWNER|THREAD_ALL_ACCESS
ReetFPS.exe,15040,DESKTOP-M4PIKSF\dani,0x00002B18,Thread,,<Nonexistent process>(14508): 17604,READ_CONTROL|DELETE|SYNCHRONIZE|WRITE_DAC|WRITE_OWNER|THREAD_ALL_ACCESS
ReetFPS.exe,15040,DESKTOP-M4PIKSF\dani,0x00002B1C,Section,,,READ_CONTROL|DELETE|WRITE_DAC|WRITE_OWNER|QUERY|MAP_WRITE|MAP_READ
ReetFPS.exe,15040,DESKTOP-M4PIKSF\dani,0x00002B20,Thread,,<Nonexistent process>(14508): 18360,READ_CONTROL|DELETE|SYNCHRONIZE|WRITE_DAC|WRITE_OWNER|THREAD_ALL_ACCESS
ReetFPS.exe,15040,DESKTOP-M4PIKSF\dani,0x00002B24,Section,,,READ_CONTROL|DELETE|WRITE_DAC|WRITE_OWNER|QUERY|MAP_WRITE|MAP_READ
ReetFPS.exe,15040,DESKTOP-M4PIKSF\dani,0x00002B28,Section,,,READ_CONTROL|DELETE|WRITE_DAC|WRITE_OWNER|QUERY|MAP_WRITE|MAP_READ
ReetFPS.exe,15040,DESKTOP-M4PIKSF\dani,0x00002B2C,Thread,,<Nonexistent process>(14508): 17328,READ_CONTROL|DELETE|SYNCHRONIZE|WRITE_DAC|WRITE_OWNER|THREAD_ALL_ACCESS
ReetFPS.exe,15040,DESKTOP-M4PIKSF\dani,0x00002B30,Thread,,<Nonexistent process>(14508): 17612,READ_CONTROL|DELETE|SYNCHRONIZE|WRITE_DAC|WRITE_OWNER|THREAD_ALL_ACCESS
ReetFPS.exe,15040,DESKTOP-M4PIKSF\dani,0x00002B34,Thread,,<Nonexistent process>(14508): 13764,READ_CONTROL|DELETE|SYNCHRONIZE|WRITE_DAC|WRITE_OWNER|THREAD_ALL_ACCESS
ReetFPS.exe,15040,DESKTOP-M4PIKSF\dani,0x00002B38,Thread,,<Nonexistent process>(14508): 17488,READ_CONTROL|DELETE|SYNCHRONIZE|WRITE_DAC|WRITE_OWNER|THREAD_ALL_ACCESS
ReetFPS.exe,15040,DESKTOP-M4PIKSF\dani,0x00002B3C,Thread,,<Nonexistent process>(14508): 3304,READ_CONTROL|DELETE|SYNCHRONIZE|WRITE_DAC|WRITE_OWNER|THREAD_ALL_ACCESS
ReetFPS.exe,15040,DESKTOP-M4PIKSF\dani,0x00002B40,Thread,,<Nonexistent process>(14508): 17676,READ_CONTROL|DELETE|SYNCHRONIZE|WRITE_DAC|WRITE_OWNER|THREAD_ALL_ACCESS
ReetFPS.exe,15040,DESKTOP-M4PIKSF\dani,0x00002B44,Thread,,<Nonexistent process>(14508): 4928,READ_CONTROL|DELETE|SYNCHRONIZE|WRITE_DAC|WRITE_OWNER|THREAD_ALL_ACCESS
ReetFPS.exe,15040,DESKTOP-M4PIKSF\dani,0x00002B48,Thread,,<Nonexistent process>(14508): 12704,READ_CONTROL|DELETE|SYNCHRONIZE|WRITE_DAC|WRITE_OWNER|THREAD_ALL_ACCESS
ReetFPS.exe,15040,DESKTOP-M4PIKSF\dani,0x00002B4C,Thread,,<Nonexistent process>(14508): 4496,READ_CONTROL|DELETE|SYNCHRONIZE|WRITE_DAC|WRITE_OWNER|THREAD_ALL_ACCESS
ReetFPS.exe,15040,DESKTOP-M4PIKSF\dani,0x00002B50,Thread,,<Nonexistent process>(14508): 2712,READ_CONTROL|DELETE|SYNCHRONIZE|WRITE_DAC|WRITE_OWNER|THREAD_ALL_ACCESS
ReetFPS.exe,15040,DESKTOP-M4PIKSF\dani,0x00002B54,Thread,,<Nonexistent process>(14508): 17388,READ_CONTROL|DELETE|SYNCHRONIZE|WRITE_DAC|WRITE_OWNER|THREAD_ALL_ACCESS
ReetFPS.exe,15040,DESKTOP-M4PIKSF\dani,0x00002B58,Thread,,<Nonexistent process>(14508): 14272,READ_CONTROL|DELETE|SYNCHRONIZE|WRITE_DAC|WRITE_OWNER|THREAD_ALL_ACCESS
ReetFPS.exe,15040,DESKTOP-M4PIKSF\dani,0x00002B5C,Thread,,<Nonexistent process>(14508): 14968,READ_CONTROL|DELETE|SYNCHRONIZE|WRITE_DAC|WRITE_OWNER|THREAD_ALL_ACCESS
ReetFPS.exe,15040,DESKTOP-M4PIKSF\dani,0x00002B60,Thread,,<Nonexistent process>(14508): 18168,READ_CONTROL|DELETE|SYNCHRONIZE|WRITE_DAC|WRITE_OWNER|THREAD_ALL_ACCESS
ReetFPS.exe,15040,DESKTOP-M4PIKSF\dani,0x00002B64,Thread,,<Nonexistent process>(14508): 14672,READ_CONTROL|DELETE|SYNCHRONIZE|WRITE_DAC|WRITE_OWNER|THREAD_ALL_ACCESS
ReetFPS.exe,15040,DESKTOP-M4PIKSF\dani,0x00002B68,Thread,,<Nonexistent process>(14508): 18044,READ_CONTROL|DELETE|SYNCHRONIZE|WRITE_DAC|WRITE_OWNER|THREAD_ALL_ACCESS
ReetFPS.exe,15040,DESKTOP-M4PIKSF\dani,0x00002B6C,Thread,,<Nonexistent process>(14508): 17600,READ_CONTROL|DELETE|SYNCHRONIZE|WRITE_DAC|WRITE_OWNER|THREAD_ALL_ACCESS
ReetFPS.exe,15040,DESKTOP-M4PIKSF\dani,0x00002B70,Thread,,<Nonexistent process>(14508): 2880,READ_CONTROL|DELETE|SYNCHRONIZE|WRITE_DAC|WRITE_OWNER|THREAD_ALL_ACCESS
ReetFPS.exe,15040,DESKTOP-M4PIKSF\dani,0x00002B74,Thread,,<Nonexistent process>(14508): 4828,READ_CONTROL|DELETE|SYNCHRONIZE|WRITE_DAC|WRITE_OWNER|THREAD_ALL_ACCESS
ReetFPS.exe,15040,DESKTOP-M4PIKSF\dani,0x00002B78,Thread,,<Nonexistent process>(14508): 14824,READ_CONTROL|DELETE|SYNCHRONIZE|WRITE_DAC|WRITE_OWNER|THREAD_ALL_ACCESS
ReetFPS.exe,15040,DESKTOP-M4PIKSF\dani,0x00002B7C,Thread,,<Nonexistent process>(14508): 1936,READ_CONTROL|DELETE|SYNCHRONIZE|WRITE_DAC|WRITE_OWNER|THREAD_ALL_ACCESS
ReetFPS.exe,15040,DESKTOP-M4PIKSF\dani,0x00002B80,Thread,,<Nonexistent process>(14508): 16844,READ_CONTROL|DELETE|SYNCHRONIZE|WRITE_DAC|WRITE_OWNER|THREAD_ALL_ACCESS
ReetFPS.exe,15040,DESKTOP-M4PIKSF\dani,0x00002B84,Thread,,<Nonexistent process>(14508): 12052,READ_CONTROL|DELETE|SYNCHRONIZE|WRITE_DAC|WRITE_OWNER|THREAD_ALL_ACCESS
ReetFPS.exe,15040,DESKTOP-M4PIKSF\dani,0x00002B88,Thread,,<Nonexistent process>(14508): 16728,READ_CONTROL|DELETE|SYNCHRONIZE|WRITE_DAC|WRITE_OWNER|THREAD_ALL_ACCESS
ReetFPS.exe,15040,DESKTOP-M4PIKSF\dani,0x00002B8C,Thread,,<Nonexistent process>(14508): 8716,READ_CONTROL|DELETE|SYNCHRONIZE|WRITE_DAC|WRITE_OWNER|THREAD_ALL_ACCESS
ReetFPS.exe,15040,DESKTOP-M4PIKSF\dani,0x00002B90,Thread,,<Nonexistent process>(14508): 17212,READ_CONTROL|DELETE|SYNCHRONIZE|WRITE_DAC|WRITE_OWNER|THREAD_ALL_ACCESS
ReetFPS.exe,15040,DESKTOP-M4PIKSF\dani,0x00002B94,Thread,,<Nonexistent process>(14508): 4868,READ_CONTROL|DELETE|SYNCHRONIZE|WRITE_DAC|WRITE_OWNER|THREAD_ALL_ACCESS
ReetFPS.exe,15040,DESKTOP-M4PIKSF\dani,0x00002B98,Thread,,<Nonexistent process>(14508): 6584,READ_CONTROL|DELETE|SYNCHRONIZE|WRITE_DAC|WRITE_OWNER|THREAD_ALL_ACCESS
ReetFPS.exe,15040,DESKTOP-M4PIKSF\dani,0x00002B9C,Thread,,<Nonexistent process>(14508): 13388,READ_CONTROL|DELETE|SYNCHRONIZE|WRITE_DAC|WRITE_OWNER|THREAD_ALL_ACCESS
ReetFPS.exe,15040,DESKTOP-M4PIKSF\dani,0x00002BA0,Thread,,<Nonexistent process>(14508): 6312,READ_CONTROL|DELETE|SYNCHRONIZE|WRITE_DAC|WRITE_OWNER|THREAD_ALL_ACCESS
ReetFPS.exe,15040,DESKTOP-M4PIKSF\dani,0x00002BA4,Thread,,<Nonexistent process>(14508): 17864,READ_CONTROL|DELETE|SYNCHRONIZE|WRITE_DAC|WRITE_OWNER|THREAD_ALL_ACCESS
ReetFPS.exe,15040,DESKTOP-M4PIKSF\dani,0x00002BA8,Thread,,<Nonexistent process>(14508): 14692,READ_CONTROL|DELETE|SYNCHRONIZE|WRITE_DAC|WRITE_OWNER|THREAD_ALL_ACCESS
ReetFPS.exe,15040,DESKTOP-M4PIKSF\dani,0x00002BAC,Thread,,<Nonexistent process>(14508): 12772,READ_CONTROL|DELETE|SYNCHRONIZE|WRITE_DAC|WRITE_OWNER|THREAD_ALL_ACCESS
ReetFPS.exe,15040,DESKTOP-M4PIKSF\dani,0x00002BB0,Thread,,<Nonexistent process>(14508): 17580,READ_CONTROL|DELETE|SYNCHRONIZE|WRITE_DAC|WRITE_OWNER|THREAD_ALL_ACCESS
ReetFPS.exe,15040,DESKTOP-M4PIKSF\dani,0x00002BB4,Thread,,<Nonexistent process>(14508): 17804,READ_CONTROL|DELETE|SYNCHRONIZE|WRITE_DAC|WRITE_OWNER|THREAD_ALL_ACCESS
ReetFPS.exe,15040,DESKTOP-M4PIKSF\dani,0x00002BB8,Thread,,<Nonexistent process>(14508): 3544,READ_CONTROL|DELETE|SYNCHRONIZE|WRITE_DAC|WRITE_OWNER|THREAD_ALL_ACCESS
ReetFPS.exe,15040,DESKTOP-M4PIKSF\dani,0x00002BBC,Thread,,<Nonexistent process>(14508): 17736,READ_CONTROL|DELETE|SYNCHRONIZE|WRITE_DAC|WRITE_OWNER|THREAD_ALL_ACCESS
ReetFPS.exe,15040,DESKTOP-M4PIKSF\dani,0x00002BC0,Thread,,<Nonexistent process>(14508): 16748,READ_CONTROL|DELETE|SYNCHRONIZE|WRITE_DAC|WRITE_OWNER|THREAD_ALL_ACCESS
ReetFPS.exe,15040,DESKTOP-M4PIKSF\dani,0x00002BC4,Thread,,<Nonexistent process>(14508): 5152,READ_CONTROL|DELETE|SYNCHRONIZE|WRITE_DAC|WRITE_OWNER|THREAD_ALL_ACCESS
ReetFPS.exe,15040,DESKTOP-M4PIKSF\dani,0x00002BC8,Thread,,<Nonexistent process>(14508): 15208,READ_CONTROL|DELETE|SYNCHRONIZE|WRITE_DAC|WRITE_OWNER|THREAD_ALL_ACCESS
ReetFPS.exe,15040,DESKTOP-M4PIKSF\dani,0x00002BCC,Thread,,<Nonexistent process>(14508): 5188,READ_CONTROL|DELETE|SYNCHRONIZE|WRITE_DAC|WRITE_OWNER|THREAD_ALL_ACCESS
ReetFPS.exe,15040,DESKTOP-M4PIKSF\dani,0x00002BD0,Thread,,<Nonexistent process>(14508): 9472,READ_CONTROL|DELETE|SYNCHRONIZE|WRITE_DAC|WRITE_OWNER|THREAD_ALL_ACCESS
ReetFPS.exe,15040,DESKTOP-M4PIKSF\dani,0x00002BD4,Thread,,<Nonexistent process>(14508): 12588,READ_CONTROL|DELETE|SYNCHRONIZE|WRITE_DAC|WRITE_OWNER|THREAD_ALL_ACCESS
ReetFPS.exe,15040,DESKTOP-M4PIKSF\dani,0x00002BD8,Thread,,<Nonexistent process>(14508): 17704,READ_CONTROL|DELETE|SYNCHRONIZE|WRITE_DAC|WRITE_OWNER|THREAD_ALL_ACCESS
ReetFPS.exe,15040,DESKTOP-M4PIKSF\dani,0x00002BDC,Thread,,<Nonexistent process>(14508): 16684,READ_CONTROL|DELETE|SYNCHRONIZE|WRITE_DAC|WRITE_OWNER|THREAD_ALL_ACCESS
ReetFPS.exe,15040,DESKTOP-M4PIKSF\dani,0x00002BE0,Thread,,<Nonexistent process>(14508): 17976,READ_CONTROL|DELETE|SYNCHRONIZE|WRITE_DAC|WRITE_OWNER|THREAD_ALL_ACCESS
ReetFPS.exe,15040,DESKTOP-M4PIKSF\dani,0x00002BE4,Thread,,<Nonexistent process>(14508): 17828,READ_CONTROL|DELETE|SYNCHRONIZE|WRITE_DAC|WRITE_OWNER|THREAD_ALL_ACCESS
ReetFPS.exe,15040,DESKTOP-M4PIKSF\dani,0x00002BE8,Thread,,<Nonexistent process>(14508): 552,READ_CONTROL|DELETE|SYNCHRONIZE|WRITE_DAC|WRITE_OWNER|THREAD_ALL_ACCESS
ReetFPS.exe,15040,DESKTOP-M4PIKSF\dani,0x00002BEC,Thread,,<Nonexistent process>(14508): 3360,READ_CONTROL|DELETE|SYNCHRONIZE|WRITE_DAC|WRITE_OWNER|THREAD_ALL_ACCESS
ReetFPS.exe,15040,DESKTOP-M4PIKSF\dani,0x00002BF0,Thread,,<Nonexistent process>(14508): 16848,READ_CONTROL|DELETE|SYNCHRONIZE|WRITE_DAC|WRITE_OWNER|THREAD_ALL_ACCESS
ReetFPS.exe,15040,DESKTOP-M4PIKSF\dani,0x00002BF4,Thread,,<Nonexistent process>(14508): 5456,READ_CONTROL|DELETE|SYNCHRONIZE|WRITE_DAC|WRITE_OWNER|THREAD_ALL_ACCESS
ReetFPS.exe,15040,DESKTOP-M4PIKSF\dani,0x00002BF8,Thread,,<Nonexistent process>(14508): 14784,READ_CONTROL|DELETE|SYNCHRONIZE|WRITE_DAC|WRITE_OWNER|THREAD_ALL_ACCESS
ReetFPS.exe,15040,DESKTOP-M4PIKSF\dani,0x00002BFC,Thread,,<Nonexistent process>(14508): 6776,READ_CONTROL|DELETE|SYNCHRONIZE|WRITE_DAC|WRITE_OWNER|THREAD_ALL_ACCESS
ReetFPS.exe,15040,DESKTOP-M4PIKSF\dani,0x00002C04,Thread,,<Nonexistent process>(14508): 8720,READ_CONTROL|DELETE|SYNCHRONIZE|WRITE_DAC|WRITE_OWNER|THREAD_ALL_ACCESS
ReetFPS.exe,15040,DESKTOP-M4PIKSF\dani,0x00002C08,Thread,,<Nonexistent process>(14508): 16888,READ_CONTROL|DELETE|SYNCHRONIZE|WRITE_DAC|WRITE_OWNER|THREAD_ALL_ACCESS
ReetFPS.exe,15040,DESKTOP-M4PIKSF\dani,0x00002C0C,Thread,,<Nonexistent process>(14508): 2328,READ_CONTROL|DELETE|SYNCHRONIZE|WRITE_DAC|WRITE_OWNER|THREAD_ALL_ACCESS
ReetFPS.exe,15040,DESKTOP-M4PIKSF\dani,0x00002C10,Thread,,<Nonexistent process>(14508): 15276,READ_CONTROL|DELETE|SYNCHRONIZE|WRITE_DAC|WRITE_OWNER|THREAD_ALL_ACCESS
ReetFPS.exe,15040,DESKTOP-M4PIKSF\dani,0x00002C14,Thread,,<Nonexistent process>(14508): 16900,READ_CONTROL|DELETE|SYNCHRONIZE|WRITE_DAC|WRITE_OWNER|THREAD_ALL_ACCESS
ReetFPS.exe,15040,DESKTOP-M4PIKSF\dani,0x00002C18,Thread,,<Nonexistent process>(14508): 17200,READ_CONTROL|DELETE|SYNCHRONIZE|WRITE_DAC|WRITE_OWNER|THREAD_ALL_ACCESS
ReetFPS.exe,15040,DESKTOP-M4PIKSF\dani,0x00002C1C,Thread,,<Nonexistent process>(14508): 14152,READ_CONTROL|DELETE|SYNCHRONIZE|WRITE_DAC|WRITE_OWNER|THREAD_ALL_ACCESS
ReetFPS.exe,15040,DESKTOP-M4PIKSF\dani,0x00002C20,Thread,,<Nonexistent process>(14508): 16932,READ_CONTROL|DELETE|SYNCHRONIZE|WRITE_DAC|WRITE_OWNER|THREAD_ALL_ACCESS
ReetFPS.exe,15040,DESKTOP-M4PIKSF\dani,0x00002C24,Thread,,<Nonexistent process>(14508): 15300,READ_CONTROL|DELETE|SYNCHRONIZE|WRITE_DAC|WRITE_OWNER|THREAD_ALL_ACCESS
ReetFPS.exe,15040,DESKTOP-M4PIKSF\dani,0x00002C28,Thread,,<Nonexistent process>(14508): 15432,READ_CONTROL|DELETE|SYNCHRONIZE|WRITE_DAC|WRITE_OWNER|THREAD_ALL_ACCESS
ReetFPS.exe,15040,DESKTOP-M4PIKSF\dani,0x00002C2C,Thread,,<Nonexistent process>(14508): 15352,READ_CONTROL|DELETE|SYNCHRONIZE|WRITE_DAC|WRITE_OWNER|THREAD_ALL_ACCESS
ReetFPS.exe,15040,DESKTOP-M4PIKSF\dani,0x00002C30,Thread,,<Nonexistent process>(14508): 13736,READ_CONTROL|DELETE|SYNCHRONIZE|WRITE_DAC|WRITE_OWNER|THREAD_ALL_ACCESS
ReetFPS.exe,15040,DESKTOP-M4PIKSF\dani,0x00002C34,Thread,,<Nonexistent process>(14508): 17096,READ_CONTROL|DELETE|SYNCHRONIZE|WRITE_DAC|WRITE_OWNER|THREAD_ALL_ACCESS
ReetFPS.exe,15040,DESKTOP-M4PIKSF\dani,0x00002C38,Thread,,<Nonexistent process>(14508): 14820,READ_CONTROL|DELETE|SYNCHRONIZE|WRITE_DAC|WRITE_OWNER|THREAD_ALL_ACCESS
ReetFPS.exe,15040,DESKTOP-M4PIKSF\dani,0x00002C3C,Thread,,<Nonexistent process>(14508): 17204,READ_CONTROL|DELETE|SYNCHRONIZE|WRITE_DAC|WRITE_OWNER|THREAD_ALL_ACCESS
ReetFPS.exe,15040,DESKTOP-M4PIKSF\dani,0x00002C40,Thread,,<Nonexistent process>(14508): 2632,READ_CONTROL|DELETE|SYNCHRONIZE|WRITE_DAC|WRITE_OWNER|THREAD_ALL_ACCESS
ReetFPS.exe,15040,DESKTOP-M4PIKSF\dani,0x00002C44,Thread,,<Nonexistent process>(14508): 11520,READ_CONTROL|DELETE|SYNCHRONIZE|WRITE_DAC|WRITE_OWNER|THREAD_ALL_ACCESS
ReetFPS.exe,15040,DESKTOP-M4PIKSF\dani,0x00002C48,Thread,,<Nonexistent process>(14508): 18356,READ_CONTROL|DELETE|SYNCHRONIZE|WRITE_DAC|WRITE_OWNER|THREAD_ALL_ACCESS
ReetFPS.exe,15040,DESKTOP-M4PIKSF\dani,0x00002C4C,Thread,,<Nonexistent process>(14508): 18404,READ_CONTROL|DELETE|SYNCHRONIZE|WRITE_DAC|WRITE_OWNER|THREAD_ALL_ACCESS
ReetFPS.exe,15040,DESKTOP-M4PIKSF\dani,0x00002C50,Thread,,<Nonexistent process>(14508): 16636,READ_CONTROL|DELETE|SYNCHRONIZE|WRITE_DAC|WRITE_OWNER|THREAD_ALL_ACCESS
ReetFPS.exe,15040,DESKTOP-M4PIKSF\dani,0x00002C54,Thread,,<Nonexistent process>(14508): 18312,READ_CONTROL|DELETE|SYNCHRONIZE|WRITE_DAC|WRITE_OWNER|THREAD_ALL_ACCESS
ReetFPS.exe,15040,DESKTOP-M4PIKSF\dani,0x00002C58,Thread,,<Nonexistent process>(14508): 18400,READ_CONTROL|DELETE|SYNCHRONIZE|WRITE_DAC|WRITE_OWNER|THREAD_ALL_ACCESS
ReetFPS.exe,15040,DESKTOP-M4PIKSF\dani,0x00002C5C,Thread,,<Nonexistent process>(14508): 17868,READ_CONTROL|DELETE|SYNCHRONIZE|WRITE_DAC|WRITE_OWNER|THREAD_ALL_ACCESS
ReetFPS.exe,15040,DESKTOP-M4PIKSF\dani,0x00002C60,Thread,,<Nonexistent process>(14508): 18424,READ_CONTROL|DELETE|SYNCHRONIZE|WRITE_DAC|WRITE_OWNER|THREAD_ALL_ACCESS
ReetFPS.exe,15040,DESKTOP-M4PIKSF\dani,0x00002C64,Thread,,<Nonexistent process>(14508): 11640,READ_CONTROL|DELETE|SYNCHRONIZE|WRITE_DAC|WRITE_OWNER|THREAD_ALL_ACCESS
ReetFPS.exe,15040,DESKTOP-M4PIKSF\dani,0x00002C68,Thread,,<Nonexistent process>(14508): 10016,READ_CONTROL|DELETE|SYNCHRONIZE|WRITE_DAC|WRITE_OWNER|THREAD_ALL_ACCESS
ReetFPS.exe,15040,DESKTOP-M4PIKSF\dani,0x00002C6C,Thread,,<Nonexistent process>(14508): 17824,READ_CONTROL|DELETE|SYNCHRONIZE|WRITE_DAC|WRITE_OWNER|THREAD_ALL_ACCESS
ReetFPS.exe,15040,DESKTOP-M4PIKSF\dani,0x00002C70,Thread,,<Nonexistent process>(14508): 8172,READ_CONTROL|DELETE|SYNCHRONIZE|WRITE_DAC|WRITE_OWNER|THREAD_ALL_ACCESS
ReetFPS.exe,15040,DESKTOP-M4PIKSF\dani,0x00002C74,Thread,,<Nonexistent process>(14508): 6232,READ_CONTROL|DELETE|SYNCHRONIZE|WRITE_DAC|WRITE_OWNER|THREAD_ALL_ACCESS
ReetFPS.exe,15040,DESKTOP-M4PIKSF\dani,0x00002C78,Thread,,<Nonexistent process>(14508): 18240,READ_CONTROL|DELETE|SYNCHRONIZE|WRITE_DAC|WRITE_OWNER|THREAD_ALL_ACCESS
ReetFPS.exe,15040,DESKTOP-M4PIKSF\dani,0x00002C7C,Thread,,<Nonexistent process>(14508): 16084,READ_CONTROL|DELETE|SYNCHRONIZE|WRITE_DAC|WRITE_OWNER|THREAD_ALL_ACCESS
ReetFPS.exe,15040,DESKTOP-M4PIKSF\dani,0x00002C80,Thread,,<Nonexistent process>(14508): 4064,READ_CONTROL|DELETE|SYNCHRONIZE|WRITE_DAC|WRITE_OWNER|THREAD_ALL_ACCESS
ReetFPS.exe,15040,DESKTOP-M4PIKSF\dani,0x00002C84,Thread,,<Nonexistent process>(14508): 18028,READ_CONTROL|DELETE|SYNCHRONIZE|WRITE_DAC|WRITE_OWNER|THREAD_ALL_ACCESS
ReetFPS.exe,15040,DESKTOP-M4PIKSF\dani,0x00002C88,Thread,,<Nonexistent process>(14508): 13984,READ_CONTROL|DELETE|SYNCHRONIZE|WRITE_DAC|WRITE_OWNER|THREAD_ALL_ACCESS
ReetFPS.exe,15040,DESKTOP-M4PIKSF\dani,0x00002C8C,Thread,,<Nonexistent process>(14508): 17340,READ_CONTROL|DELETE|SYNCHRONIZE|WRITE_DAC|WRITE_OWNER|THREAD_ALL_ACCESS
ReetFPS.exe,15040,DESKTOP-M4PIKSF\dani,0x00002C90,Thread,,<Nonexistent process>(14508): 4052,READ_CONTROL|DELETE|SYNCHRONIZE|WRITE_DAC|WRITE_OWNER|THREAD_ALL_ACCESS
ReetFPS.exe,15040,DESKTOP-M4PIKSF\dani,0x00002C94,Thread,,<Nonexistent process>(14508): 14800,READ_CONTROL|DELETE|SYNCHRONIZE|WRITE_DAC|WRITE_OWNER|THREAD_ALL_ACCESS
ReetFPS.exe,15040,DESKTOP-M4PIKSF\dani,0x00002C98,Thread,,<Nonexistent process>(14508): 17588,READ_CONTROL|DELETE|SYNCHRONIZE|WRITE_DAC|WRITE_OWNER|THREAD_ALL_ACCESS
ReetFPS.exe,15040,DESKTOP-M4PIKSF\dani,0x00002C9C,Thread,,<Nonexistent process>(14508): 18304,READ_CONTROL|DELETE|SYNCHRONIZE|WRITE_DAC|WRITE_OWNER|THREAD_ALL_ACCESS
ReetFPS.exe,15040,DESKTOP-M4PIKSF\dani,0x00002CA0,Thread,,<Nonexistent process>(14508): 14532,READ_CONTROL|DELETE|SYNCHRONIZE|WRITE_DAC|WRITE_OWNER|THREAD_ALL_ACCESS
ReetFPS.exe,15040,DESKTOP-M4PIKSF\dani,0x00002CA4,Thread,,<Nonexistent process>(14508): 2296,READ_CONTROL|DELETE|SYNCHRONIZE|WRITE_DAC|WRITE_OWNER|THREAD_ALL_ACCESS
ReetFPS.exe,15040,DESKTOP-M4PIKSF\dani,0x00002CA8,Thread,,<Nonexistent process>(14508): 17224,READ_CONTROL|DELETE|SYNCHRONIZE|WRITE_DAC|WRITE_OWNER|THREAD_ALL_ACCESS
ReetFPS.exe,15040,DESKTOP-M4PIKSF\dani,0x00002CAC,Thread,,<Nonexistent process>(14508): 15116,READ_CONTROL|DELETE|SYNCHRONIZE|WRITE_DAC|WRITE_OWNER|THREAD_ALL_ACCESS
ReetFPS.exe,15040,DESKTOP-M4PIKSF\dani,0x00002CB0,Thread,,<Nonexistent process>(14508): 17240,READ_CONTROL|DELETE|SYNCHRONIZE|WRITE_DAC|WRITE_OWNER|THREAD_ALL_ACCESS
ReetFPS.exe,15040,DESKTOP-M4PIKSF\dani,0x00002CB4,Thread,,<Nonexistent process>(14508): 9292,READ_CONTROL|DELETE|SYNCHRONIZE|WRITE_DAC|WRITE_OWNER|THREAD_ALL_ACCESS
ReetFPS.exe,15040,DESKTOP-M4PIKSF\dani,0x00002CB8,Thread,,<Nonexistent process>(14508): 15204,READ_CONTROL|DELETE|SYNCHRONIZE|WRITE_DAC|WRITE_OWNER|THREAD_ALL_ACCESS
ReetFPS.exe,15040,DESKTOP-M4PIKSF\dani,0x00002CBC,Thread,,<Nonexistent process>(14508): 14624,READ_CONTROL|DELETE|SYNCHRONIZE|WRITE_DAC|WRITE_OWNER|THREAD_ALL_ACCESS
ReetFPS.exe,15040,DESKTOP-M4PIKSF\dani,0x00002CC0,Thread,,<Nonexistent process>(14508): 17364,READ_CONTROL|DELETE|SYNCHRONIZE|WRITE_DAC|WRITE_OWNER|THREAD_ALL_ACCESS
ReetFPS.exe,15040,DESKTOP-M4PIKSF\dani,0x00002CC4,Thread,,<Nonexistent process>(14508): 12920,READ_CONTROL|DELETE|SYNCHRONIZE|WRITE_DAC|WRITE_OWNER|THREAD_ALL_ACCESS
ReetFPS.exe,15040,DESKTOP-M4PIKSF\dani,0x00002CC8,Thread,,<Nonexistent process>(14508): 17032,READ_CONTROL|DELETE|SYNCHRONIZE|WRITE_DAC|WRITE_OWNER|THREAD_ALL_ACCESS
ReetFPS.exe,15040,DESKTOP-M4PIKSF\dani,0x00002CCC,Thread,,<Nonexistent process>(14508): 17120,READ_CONTROL|DELETE|SYNCHRONIZE|WRITE_DAC|WRITE_OWNER|THREAD_ALL_ACCESS
ReetFPS.exe,15040,DESKTOP-M4PIKSF\dani,0x00002CD0,Thread,,<Nonexistent process>(14508): 18300,READ_CONTROL|DELETE|SYNCHRONIZE|WRITE_DAC|WRITE_OWNER|THREAD_ALL_ACCESS
ReetFPS.exe,15040,DESKTOP-M4PIKSF\dani,0x00002CD4,Thread,,<Nonexistent process>(14508): 5276,READ_CONTROL|DELETE|SYNCHRONIZE|WRITE_DAC|WRITE_OWNER|THREAD_ALL_ACCESS
ReetFPS.exe,15040,DESKTOP-M4PIKSF\dani,0x00002CD8,Thread,,<Nonexistent process>(14508): 5240,READ_CONTROL|DELETE|SYNCHRONIZE|WRITE_DAC|WRITE_OWNER|THREAD_ALL_ACCESS
ReetFPS.exe,15040,DESKTOP-M4PIKSF\dani,0x00002CDC,Thread,,<Nonexistent process>(14508): 5352,READ_CONTROL|DELETE|SYNCHRONIZE|WRITE_DAC|WRITE_OWNER|THREAD_ALL_ACCESS
ReetFPS.exe,15040,DESKTOP-M4PIKSF\dani,0x00002CE0,Section,,,READ_CONTROL|DELETE|WRITE_DAC|WRITE_OWNER|QUERY|MAP_WRITE|MAP_READ
ReetFPS.exe,15040,DESKTOP-M4PIKSF\dani,0x00002CE4,Thread,,<Nonexistent process>(14508): 9516,READ_CONTROL|DELETE|SYNCHRONIZE|WRITE_DAC|WRITE_OWNER|THREAD_ALL_ACCESS
ReetFPS.exe,15040,DESKTOP-M4PIKSF\dani,0x00002CE8,Thread,,<Nonexistent process>(14508): 14352,READ_CONTROL|DELETE|SYNCHRONIZE|WRITE_DAC|WRITE_OWNER|THREAD_ALL_ACCESS
ReetFPS.exe,15040,DESKTOP-M4PIKSF\dani,0x00002CEC,Thread,,<Nonexistent process>(14508): 18436,READ_CONTROL|DELETE|SYNCHRONIZE|WRITE_DAC|WRITE_OWNER|THREAD_ALL_ACCESS
ReetFPS.exe,15040,DESKTOP-M4PIKSF\dani,0x00002CF0,Thread,,<Nonexistent process>(14508): 18448,READ_CONTROL|DELETE|SYNCHRONIZE|WRITE_DAC|WRITE_OWNER|THREAD_ALL_ACCESS
ReetFPS.exe,15040,DESKTOP-M4PIKSF\dani,0x00002CF4,Thread,,<Nonexistent process>(14508): 18440,READ_CONTROL|DELETE|SYNCHRONIZE|WRITE_DAC|WRITE_OWNER|THREAD_ALL_ACCESS
ReetFPS.exe,15040,DESKTOP-M4PIKSF\dani,0x00002CF8,Thread,,<Nonexistent process>(14508): 18444,READ_CONTROL|DELETE|SYNCHRONIZE|WRITE_DAC|WRITE_OWNER|THREAD_ALL_ACCESS
ReetFPS.exe,15040,DESKTOP-M4PIKSF\dani,0x00002CFC,Thread,,<Nonexistent process>(14508): 18464,READ_CONTROL|DELETE|SYNCHRONIZE|WRITE_DAC|WRITE_OWNER|THREAD_ALL_ACCESS
ReetFPS.exe,15040,DESKTOP-M4PIKSF\dani,0x00002D00,Thread,,<Nonexistent process>(14508): 18452,READ_CONTROL|DELETE|SYNCHRONIZE|WRITE_DAC|WRITE_OWNER|THREAD_ALL_ACCESS
ReetFPS.exe,15040,DESKTOP-M4PIKSF\dani,0x00002D04,Thread,,<Nonexistent process>(14508): 18456,READ_CONTROL|DELETE|SYNCHRONIZE|WRITE_DAC|WRITE_OWNER|THREAD_ALL_ACCESS
ReetFPS.exe,15040,DESKTOP-M4PIKSF\dani,0x00002D08,Thread,,<Nonexistent process>(14508): 18496,READ_CONTROL|DELETE|SYNCHRONIZE|WRITE_DAC|WRITE_OWNER|THREAD_ALL_ACCESS
ReetFPS.exe,15040,DESKTOP-M4PIKSF\dani,0x00002D0C,Thread,,<Nonexistent process>(14508): 18460,READ_CONTROL|DELETE|SYNCHRONIZE|WRITE_DAC|WRITE_OWNER|THREAD_ALL_ACCESS
ReetFPS.exe,15040,DESKTOP-M4PIKSF\dani,0x00002D10,Thread,,<Nonexistent process>(14508): 18472,READ_CONTROL|DELETE|SYNCHRONIZE|WRITE_DAC|WRITE_OWNER|THREAD_ALL_ACCESS
ReetFPS.exe,15040,DESKTOP-M4PIKSF\dani,0x00002D14,Thread,,<Nonexistent process>(14508): 18468,READ_CONTROL|DELETE|SYNCHRONIZE|WRITE_DAC|WRITE_OWNER|THREAD_ALL_ACCESS
ReetFPS.exe,15040,DESKTOP-M4PIKSF\dani,0x00002D18,Thread,,<Nonexistent process>(14508): 18476,READ_CONTROL|DELETE|SYNCHRONIZE|WRITE_DAC|WRITE_OWNER|THREAD_ALL_ACCESS
ReetFPS.exe,15040,DESKTOP-M4PIKSF\dani,0x00002D1C,Thread,,<Nonexistent process>(14508): 18480,READ_CONTROL|DELETE|SYNCHRONIZE|WRITE_DAC|WRITE_OWNER|THREAD_ALL_ACCESS
ReetFPS.exe,15040,DESKTOP-M4PIKSF\dani,0x00002D20,Thread,,<Nonexistent process>(14508): 18484,READ_CONTROL|DELETE|SYNCHRONIZE|WRITE_DAC|WRITE_OWNER|THREAD_ALL_ACCESS
ReetFPS.exe,15040,DESKTOP-M4PIKSF\dani,0x00002D24,Thread,,<Nonexistent process>(14508): 18524,READ_CONTROL|DELETE|SYNCHRONIZE|WRITE_DAC|WRITE_OWNER|THREAD_ALL_ACCESS
ReetFPS.exe,15040,DESKTOP-M4PIKSF\dani,0x00002D28,Thread,,<Nonexistent process>(14508): 18488,READ_CONTROL|DELETE|SYNCHRONIZE|WRITE_DAC|WRITE_OWNER|THREAD_ALL_ACCESS
ReetFPS.exe,15040,DESKTOP-M4PIKSF\dani,0x00002D2C,Thread,,<Nonexistent process>(14508): 18500,READ_CONTROL|DELETE|SYNCHRONIZE|WRITE_DAC|WRITE_OWNER|THREAD_ALL_ACCESS
ReetFPS.exe,15040,DESKTOP-M4PIKSF\dani,0x00002D30,Thread,,<Nonexistent process>(14508): 18504,READ_CONTROL|DELETE|SYNCHRONIZE|WRITE_DAC|WRITE_OWNER|THREAD_ALL_ACCESS
ReetFPS.exe,15040,DESKTOP-M4PIKSF\dani,0x00002D34,Thread,,<Nonexistent process>(14508): 18508,READ_CONTROL|DELETE|SYNCHRONIZE|WRITE_DAC|WRITE_OWNER|THREAD_ALL_ACCESS
ReetFPS.exe,15040,DESKTOP-M4PIKSF\dani,0x00002D38,Thread,,<Nonexistent process>(14508): 18512,READ_CONTROL|DELETE|SYNCHRONIZE|WRITE_DAC|WRITE_OWNER|THREAD_ALL_ACCESS
ReetFPS.exe,15040,DESKTOP-M4PIKSF\dani,0x00002D3C,Thread,,<Nonexistent process>(14508): 18520,READ_CONTROL|DELETE|SYNCHRONIZE|WRITE_DAC|WRITE_OWNER|THREAD_ALL_ACCESS
ReetFPS.exe,15040,DESKTOP-M4PIKSF\dani,0x00002D40,Thread,,<Nonexistent process>(14508): 18516,READ_CONTROL|DELETE|SYNCHRONIZE|WRITE_DAC|WRITE_OWNER|THREAD_ALL_ACCESS
ReetFPS.exe,15040,DESKTOP-M4PIKSF\dani,0x00002D44,Thread,,<Nonexistent process>(14508): 18584,READ_CONTROL|DELETE|SYNCHRONIZE|WRITE_DAC|WRITE_OWNER|THREAD_ALL_ACCESS
ReetFPS.exe,15040,DESKTOP-M4PIKSF\dani,0x00002D48,Thread,,<Nonexistent process>(14508): 18528,READ_CONTROL|DELETE|SYNCHRONIZE|WRITE_DAC|WRITE_OWNER|THREAD_ALL_ACCESS
ReetFPS.exe,15040,DESKTOP-M4PIKSF\dani,0x00002D4C,Thread,,<Nonexistent process>(14508): 18552,READ_CONTROL|DELETE|SYNCHRONIZE|WRITE_DAC|WRITE_OWNER|THREAD_ALL_ACCESS
ReetFPS.exe,15040,DESKTOP-M4PIKSF\dani,0x00002D50,Thread,,<Nonexistent process>(14508): 18532,READ_CONTROL|DELETE|SYNCHRONIZE|WRITE_DAC|WRITE_OWNER|THREAD_ALL_ACCESS
ReetFPS.exe,15040,DESKTOP-M4PIKSF\dani,0x00002D54,Thread,,<Nonexistent process>(14508): 18536,READ_CONTROL|DELETE|SYNCHRONIZE|WRITE_DAC|WRITE_OWNER|THREAD_ALL_ACCESS
ReetFPS.exe,15040,DESKTOP-M4PIKSF\dani,0x00002D58,Thread,,<Nonexistent process>(14508): 18540,READ_CONTROL|DELETE|SYNCHRONIZE|WRITE_DAC|WRITE_OWNER|THREAD_ALL_ACCESS
ReetFPS.exe,15040,DESKTOP-M4PIKSF\dani,0x00002D5C,Thread,,<Nonexistent process>(14508): 18544,READ_CONTROL|DELETE|SYNCHRONIZE|WRITE_DAC|WRITE_OWNER|THREAD_ALL_ACCESS
ReetFPS.exe,15040,DESKTOP-M4PIKSF\dani,0x00002D60,Thread,,<Nonexistent process>(14508): 18548,READ_CONTROL|DELETE|SYNCHRONIZE|WRITE_DAC|WRITE_OWNER|THREAD_ALL_ACCESS
ReetFPS.exe,15040,DESKTOP-M4PIKSF\dani,0x00002D64,Thread,,<Nonexistent process>(14508): 18592,READ_CONTROL|DELETE|SYNCHRONIZE|WRITE_DAC|WRITE_OWNER|THREAD_ALL_ACCESS
ReetFPS.exe,15040,DESKTOP-M4PIKSF\dani,0x00002D68,Thread,,<Nonexistent process>(14508): 18556,READ_CONTROL|DELETE|SYNCHRONIZE|WRITE_DAC|WRITE_OWNER|THREAD_ALL_ACCESS
ReetFPS.exe,15040,DESKTOP-M4PIKSF\dani,0x00002D6C,Thread,,<Nonexistent process>(14508): 18620,READ_CONTROL|DELETE|SYNCHRONIZE|WRITE_DAC|WRITE_OWNER|THREAD_ALL_ACCESS
ReetFPS.exe,15040,DESKTOP-M4PIKSF\dani,0x00002D70,Thread,,<Nonexistent process>(14508): 18560,READ_CONTROL|DELETE|SYNCHRONIZE|WRITE_DAC|WRITE_OWNER|THREAD_ALL_ACCESS
ReetFPS.exe,15040,DESKTOP-M4PIKSF\dani,0x00002D74,Thread,,<Nonexistent process>(14508): 18648,READ_CONTROL|DELETE|SYNCHRONIZE|WRITE_DAC|WRITE_OWNER|THREAD_ALL_ACCESS
ReetFPS.exe,15040,DESKTOP-M4PIKSF\dani,0x00002D78,Thread,,<Nonexistent process>(14508): 18564,READ_CONTROL|DELETE|SYNCHRONIZE|WRITE_DAC|WRITE_OWNER|THREAD_ALL_ACCESS
ReetFPS.exe,15040,DESKTOP-M4PIKSF\dani,0x00002D7C,Thread,,<Nonexistent process>(14508): 18580,READ_CONTROL|DELETE|SYNCHRONIZE|WRITE_DAC|WRITE_OWNER|THREAD_ALL_ACCESS
ReetFPS.exe,15040,DESKTOP-M4PIKSF\dani,0x00002D80,Thread,,<Nonexistent process>(14508): 18568,READ_CONTROL|DELETE|SYNCHRONIZE|WRITE_DAC|WRITE_OWNER|THREAD_ALL_ACCESS
ReetFPS.exe,15040,DESKTOP-M4PIKSF\dani,0x00002D84,Thread,,<Nonexistent process>(14508): 18576,READ_CONTROL|DELETE|SYNCHRONIZE|WRITE_DAC|WRITE_OWNER|THREAD_ALL_ACCESS
ReetFPS.exe,15040,DESKTOP-M4PIKSF\dani,0x00002D88,Thread,,<Nonexistent process>(14508): 18572,READ_CONTROL|DELETE|SYNCHRONIZE|WRITE_DAC|WRITE_OWNER|THREAD_ALL_ACCESS
ReetFPS.exe,15040,DESKTOP-M4PIKSF\dani,0x00002D8C,Thread,,<Nonexistent process>(14508): 18596,READ_CONTROL|DELETE|SYNCHRONIZE|WRITE_DAC|WRITE_OWNER|THREAD_ALL_ACCESS
ReetFPS.exe,15040,DESKTOP-M4PIKSF\dani,0x00002D90,Thread,,<Nonexistent process>(14508): 18588,READ_CONTROL|DELETE|SYNCHRONIZE|WRITE_DAC|WRITE_OWNER|THREAD_ALL_ACCESS
ReetFPS.exe,15040,DESKTOP-M4PIKSF\dani,0x00002D94,Thread,,<Nonexistent process>(14508): 18640,READ_CONTROL|DELETE|SYNCHRONIZE|WRITE_DAC|WRITE_OWNER|THREAD_ALL_ACCESS
ReetFPS.exe,15040,DESKTOP-M4PIKSF\dani,0x00002D98,Thread,,<Nonexistent process>(14508): 18600,READ_CONTROL|DELETE|SYNCHRONIZE|WRITE_DAC|WRITE_OWNER|THREAD_ALL_ACCESS
ReetFPS.exe,15040,DESKTOP-M4PIKSF\dani,0x00002D9C,Thread,,<Nonexistent process>(14508): 18656,READ_CONTROL|DELETE|SYNCHRONIZE|WRITE_DAC|WRITE_OWNER|THREAD_ALL_ACCESS
ReetFPS.exe,15040,DESKTOP-M4PIKSF\dani,0x00002DA0,Thread,,<Nonexistent process>(14508): 18608,READ_CONTROL|DELETE|SYNCHRONIZE|WRITE_DAC|WRITE_OWNER|THREAD_ALL_ACCESS
ReetFPS.exe,15040,DESKTOP-M4PIKSF\dani,0x00002DA4,Thread,,<Nonexistent process>(14508): 18612,READ_CONTROL|DELETE|SYNCHRONIZE|WRITE_DAC|WRITE_OWNER|THREAD_ALL_ACCESS
ReetFPS.exe,15040,DESKTOP-M4PIKSF\dani,0x00002DA8,Thread,,<Nonexistent process>(14508): 18616,READ_CONTROL|DELETE|SYNCHRONIZE|WRITE_DAC|WRITE_OWNER|THREAD_ALL_ACCESS
ReetFPS.exe,15040,DESKTOP-M4PIKSF\dani,0x00002DAC,Thread,,<Nonexistent process>(14508): 18624,READ_CONTROL|DELETE|SYNCHRONIZE|WRITE_DAC|WRITE_OWNER|THREAD_ALL_ACCESS
ReetFPS.exe,15040,DESKTOP-M4PIKSF\dani,0x00002DB0,Section,,,READ_CONTROL|DELETE|WRITE_DAC|WRITE_OWNER|QUERY|MAP_WRITE|MAP_READ
ReetFPS.exe,15040,DESKTOP-M4PIKSF\dani,0x00002DB4,Thread,,<Nonexistent process>(14508): 18632,READ_CONTROL|DELETE|SYNCHRONIZE|WRITE_DAC|WRITE_OWNER|THREAD_ALL_ACCESS
ReetFPS.exe,15040,DESKTOP-M4PIKSF\dani,0x00002DB8,Thread,,<Nonexistent process>(14508): 18652,READ_CONTROL|DELETE|SYNCHRONIZE|WRITE_DAC|WRITE_OWNER|THREAD_ALL_ACCESS
ReetFPS.exe,15040,DESKTOP-M4PIKSF\dani,0x00002DBC,Thread,,<Nonexistent process>(14508): 19008,READ_CONTROL|DELETE|SYNCHRONIZE|WRITE_DAC|WRITE_OWNER|THREAD_ALL_ACCESS
ReetFPS.exe,15040,DESKTOP-M4PIKSF\dani,0x00002DC0,Thread,,<Nonexistent process>(14508): 18660,READ_CONTROL|DELETE|SYNCHRONIZE|WRITE_DAC|WRITE_OWNER|THREAD_ALL_ACCESS
ReetFPS.exe,15040,DESKTOP-M4PIKSF\dani,0x00002DC4,Thread,,<Nonexistent process>(14508): 18832,READ_CONTROL|DELETE|SYNCHRONIZE|WRITE_DAC|WRITE_OWNER|THREAD_ALL_ACCESS
ReetFPS.exe,15040,DESKTOP-M4PIKSF\dani,0x00002DC8,Thread,,<Nonexistent process>(14508): 18932,READ_CONTROL|DELETE|SYNCHRONIZE|WRITE_DAC|WRITE_OWNER|THREAD_ALL_ACCESS
ReetFPS.exe,15040,DESKTOP-M4PIKSF\dani,0x00002DCC,Thread,,<Nonexistent process>(14508): 18748,READ_CONTROL|DELETE|SYNCHRONIZE|WRITE_DAC|WRITE_OWNER|THREAD_ALL_ACCESS
ReetFPS.exe,15040,DESKTOP-M4PIKSF\dani,0x00002DD0,Thread,,<Nonexistent process>(14508): 18988,READ_CONTROL|DELETE|SYNCHRONIZE|WRITE_DAC|WRITE_OWNER|THREAD_ALL_ACCESS
ReetFPS.exe,15040,DESKTOP-M4PIKSF\dani,0x00002DD4,Thread,,<Nonexistent process>(14508): 18672,READ_CONTROL|DELETE|SYNCHRONIZE|WRITE_DAC|WRITE_OWNER|THREAD_ALL_ACCESS
ReetFPS.exe,15040,DESKTOP-M4PIKSF\dani,0x00002DD8,Thread,,<Nonexistent process>(14508): 18680,READ_CONTROL|DELETE|SYNCHRONIZE|WRITE_DAC|WRITE_OWNER|THREAD_ALL_ACCESS
ReetFPS.exe,15040,DESKTOP-M4PIKSF\dani,0x00002DDC,Thread,,<Nonexistent process>(14508): 18692,READ_CONTROL|DELETE|SYNCHRONIZE|WRITE_DAC|WRITE_OWNER|THREAD_ALL_ACCESS
ReetFPS.exe,15040,DESKTOP-M4PIKSF\dani,0x00002DE0,Thread,,<Nonexistent process>(14508): 18792,READ_CONTROL|DELETE|SYNCHRONIZE|WRITE_DAC|WRITE_OWNER|THREAD_ALL_ACCESS
ReetFPS.exe,15040,DESKTOP-M4PIKSF\dani,0x00002DE4,Thread,,<Nonexistent process>(14508): 18684,READ_CONTROL|DELETE|SYNCHRONIZE|WRITE_DAC|WRITE_OWNER|THREAD_ALL_ACCESS
ReetFPS.exe,15040,DESKTOP-M4PIKSF\dani,0x00002DE8,Thread,,<Nonexistent process>(14508): 18688,READ_CONTROL|DELETE|SYNCHRONIZE|WRITE_DAC|WRITE_OWNER|THREAD_ALL_ACCESS
ReetFPS.exe,15040,DESKTOP-M4PIKSF\dani,0x00002DEC,Thread,,<Nonexistent process>(14508): 18704,READ_CONTROL|DELETE|SYNCHRONIZE|WRITE_DAC|WRITE_OWNER|THREAD_ALL_ACCESS
ReetFPS.exe,15040,DESKTOP-M4PIKSF\dani,0x00002DF0,Thread,,<Nonexistent process>(14508): 18696,READ_CONTROL|DELETE|SYNCHRONIZE|WRITE_DAC|WRITE_OWNER|THREAD_ALL_ACCESS
ReetFPS.exe,15040,DESKTOP-M4PIKSF\dani,0x00002DF4,Thread,,<Nonexistent process>(14508): 18700,READ_CONTROL|DELETE|SYNCHRONIZE|WRITE_DAC|WRITE_OWNER|THREAD_ALL_ACCESS
ReetFPS.exe,15040,DESKTOP-M4PIKSF\dani,0x00002DF8,Thread,,<Nonexistent process>(14508): 18740,READ_CONTROL|DELETE|SYNCHRONIZE|WRITE_DAC|WRITE_OWNER|THREAD_ALL_ACCESS
ReetFPS.exe,15040,DESKTOP-M4PIKSF\dani,0x00002DFC,Thread,,<Nonexistent process>(14508): 18708,READ_CONTROL|DELETE|SYNCHRONIZE|WRITE_DAC|WRITE_OWNER|THREAD_ALL_ACCESS
ReetFPS.exe,15040,DESKTOP-M4PIKSF\dani,0x00002E00,Thread,,<Nonexistent process>(14508): 18736,READ_CONTROL|DELETE|SYNCHRONIZE|WRITE_DAC|WRITE_OWNER|THREAD_ALL_ACCESS
ReetFPS.exe,15040,DESKTOP-M4PIKSF\dani,0x00002E04,Thread,,<Nonexistent process>(14508): 18720,READ_CONTROL|DELETE|SYNCHRONIZE|WRITE_DAC|WRITE_OWNER|THREAD_ALL_ACCESS
ReetFPS.exe,15040,DESKTOP-M4PIKSF\dani,0x00002E08,Thread,,<Nonexistent process>(14508): 18712,READ_CONTROL|DELETE|SYNCHRONIZE|WRITE_DAC|WRITE_OWNER|THREAD_ALL_ACCESS
ReetFPS.exe,15040,DESKTOP-M4PIKSF\dani,0x00002E0C,Thread,,<Nonexistent process>(14508): 18716,READ_CONTROL|DELETE|SYNCHRONIZE|WRITE_DAC|WRITE_OWNER|THREAD_ALL_ACCESS
ReetFPS.exe,15040,DESKTOP-M4PIKSF\dani,0x00002E10,Thread,,<Nonexistent process>(14508): 18744,READ_CONTROL|DELETE|SYNCHRONIZE|WRITE_DAC|WRITE_OWNER|THREAD_ALL_ACCESS
ReetFPS.exe,15040,DESKTOP-M4PIKSF\dani,0x00002E14,Thread,,<Nonexistent process>(14508): 18732,READ_CONTROL|DELETE|SYNCHRONIZE|WRITE_DAC|WRITE_OWNER|THREAD_ALL_ACCESS
ReetFPS.exe,15040,DESKTOP-M4PIKSF\dani,0x00002E18,Thread,,<Nonexistent process>(14508): 19000,READ_CONTROL|DELETE|SYNCHRONIZE|WRITE_DAC|WRITE_OWNER|THREAD_ALL_ACCESS
ReetFPS.exe,15040,DESKTOP-M4PIKSF\dani,0x00002E1C,Thread,,<Nonexistent process>(14508): 18756,READ_CONTROL|DELETE|SYNCHRONIZE|WRITE_DAC|WRITE_OWNER|THREAD_ALL_ACCESS
ReetFPS.exe,15040,DESKTOP-M4PIKSF\dani,0x00002E20,Thread,,<Nonexistent process>(14508): 19012,READ_CONTROL|DELETE|SYNCHRONIZE|WRITE_DAC|WRITE_OWNER|THREAD_ALL_ACCESS
ReetFPS.exe,15040,DESKTOP-M4PIKSF\dani,0x00002E24,Thread,,<Nonexistent process>(14508): 18760,READ_CONTROL|DELETE|SYNCHRONIZE|WRITE_DAC|WRITE_OWNER|THREAD_ALL_ACCESS
ReetFPS.exe,15040,DESKTOP-M4PIKSF\dani,0x00002E28,Thread,,<Nonexistent process>(14508): 18764,READ_CONTROL|DELETE|SYNCHRONIZE|WRITE_DAC|WRITE_OWNER|THREAD_ALL_ACCESS
ReetFPS.exe,15040,DESKTOP-M4PIKSF\dani,0x00002E2C,Thread,,<Nonexistent process>(14508): 18992,READ_CONTROL|DELETE|SYNCHRONIZE|WRITE_DAC|WRITE_OWNER|THREAD_ALL_ACCESS
ReetFPS.exe,15040,DESKTOP-M4PIKSF\dani,0x00002E30,Thread,,<Nonexistent process>(14508): 18772,READ_CONTROL|DELETE|SYNCHRONIZE|WRITE_DAC|WRITE_OWNER|THREAD_ALL_ACCESS
ReetFPS.exe,15040,DESKTOP-M4PIKSF\dani,0x00002E34,Thread,,<Nonexistent process>(14508): 18828,READ_CONTROL|DELETE|SYNCHRONIZE|WRITE_DAC|WRITE_OWNER|THREAD_ALL_ACCESS
ReetFPS.exe,15040,DESKTOP-M4PIKSF\dani,0x00002E38,Thread,,<Nonexistent process>(14508): 18996,READ_CONTROL|DELETE|SYNCHRONIZE|WRITE_DAC|WRITE_OWNER|THREAD_ALL_ACCESS
ReetFPS.exe,15040,DESKTOP-M4PIKSF\dani,0x00002E3C,Thread,,<Nonexistent process>(14508): 18784,READ_CONTROL|DELETE|SYNCHRONIZE|WRITE_DAC|WRITE_OWNER|THREAD_ALL_ACCESS
ReetFPS.exe,15040,DESKTOP-M4PIKSF\dani,0x00002E40,Thread,,<Nonexistent process>(14508): 18776,READ_CONTROL|DELETE|SYNCHRONIZE|WRITE_DAC|WRITE_OWNER|THREAD_ALL_ACCESS
ReetFPS.exe,15040,DESKTOP-M4PIKSF\dani,0x00002E44,Thread,,<Nonexistent process>(14508): 18780,READ_CONTROL|DELETE|SYNCHRONIZE|WRITE_DAC|WRITE_OWNER|THREAD_ALL_ACCESS
ReetFPS.exe,15040,DESKTOP-M4PIKSF\dani,0x00002E48,Thread,,<Nonexistent process>(14508): 19024,READ_CONTROL|DELETE|SYNCHRONIZE|WRITE_DAC|WRITE_OWNER|THREAD_ALL_ACCESS
ReetFPS.exe,15040,DESKTOP-M4PIKSF\dani,0x00002E4C,Section,,,READ_CONTROL|DELETE|WRITE_DAC|WRITE_OWNER|QUERY|MAP_WRITE|MAP_READ
ReetFPS.exe,15040,DESKTOP-M4PIKSF\dani,0x00002E50,Thread,,<Nonexistent process>(14508): 19028,READ_CONTROL|DELETE|SYNCHRONIZE|WRITE_DAC|WRITE_OWNER|THREAD_ALL_ACCESS
ReetFPS.exe,15040,DESKTOP-M4PIKSF\dani,0x00002E54,Thread,,<Nonexistent process>(14508): 19016,READ_CONTROL|DELETE|SYNCHRONIZE|WRITE_DAC|WRITE_OWNER|THREAD_ALL_ACCESS
ReetFPS.exe,15040,DESKTOP-M4PIKSF\dani,0x00002E58,Thread,,<Nonexistent process>(14508): 19020,READ_CONTROL|DELETE|SYNCHRONIZE|WRITE_DAC|WRITE_OWNER|THREAD_ALL_ACCESS
ReetFPS.exe,15040,DESKTOP-M4PIKSF\dani,0x00002E5C,Thread,,<Nonexistent process>(14508): 19032,READ_CONTROL|DELETE|SYNCHRONIZE|WRITE_DAC|WRITE_OWNER|THREAD_ALL_ACCESS
ReetFPS.exe,15040,DESKTOP-M4PIKSF\dani,0x00002E60,Section,,,READ_CONTROL|DELETE|WRITE_DAC|WRITE_OWNER|QUERY|MAP_WRITE|MAP_READ
ReetFPS.exe,15040,DESKTOP-M4PIKSF\dani,0x00002E64,Section,,,READ_CONTROL|DELETE|WRITE_DAC|WRITE_OWNER|QUERY|MAP_WRITE|MAP_READ
ReetFPS.exe,15040,DESKTOP-M4PIKSF\dani,0x00002E68,Thread,,<Nonexistent process>(14508): 19044,READ_CONTROL|DELETE|SYNCHRONIZE|WRITE_DAC|WRITE_OWNER|THREAD_ALL_ACCESS
ReetFPS.exe,15040,DESKTOP-M4PIKSF\dani,0x00002E6C,Thread,,<Nonexistent process>(14508): 19048,READ_CONTROL|DELETE|SYNCHRONIZE|WRITE_DAC|WRITE_OWNER|THREAD_ALL_ACCESS
ReetFPS.exe,15040,DESKTOP-M4PIKSF\dani,0x00002E70,Section,,,READ_CONTROL|DELETE|WRITE_DAC|WRITE_OWNER|QUERY|MAP_WRITE|MAP_READ
ReetFPS.exe,15040,DESKTOP-M4PIKSF\dani,0x00002E74,Section,,,READ_CONTROL|DELETE|WRITE_DAC|WRITE_OWNER|QUERY|MAP_WRITE|MAP_READ
ReetFPS.exe,15040,DESKTOP-M4PIKSF\dani,0x00002E78,Section,,,READ_CONTROL|DELETE|WRITE_DAC|WRITE_OWNER|QUERY|MAP_WRITE|MAP_READ
ReetFPS.exe,15040,DESKTOP-M4PIKSF\dani,0x00002E7C,Section,,,READ_CONTROL|DELETE|WRITE_DAC|WRITE_OWNER|QUERY|MAP_WRITE|MAP_READ
ReetFPS.exe,15040,DESKTOP-M4PIKSF\dani,0x00002E80,Section,,,READ_CONTROL|DELETE|WRITE_DAC|WRITE_OWNER|QUERY|MAP_WRITE|MAP_READ
ReetFPS.exe,15040,DESKTOP-M4PIKSF\dani,0x00002E84,Section,,,READ_CONTROL|DELETE|WRITE_DAC|WRITE_OWNER|QUERY|MAP_WRITE|MAP_READ
ReetFPS.exe,15040,DESKTOP-M4PIKSF\dani,0x00002E88,Section,,,READ_CONTROL|DELETE|WRITE_DAC|WRITE_OWNER|QUERY|MAP_WRITE|MAP_READ
ReetFPS.exe,15040,DESKTOP-M4PIKSF\dani,0x00002E8C,Section,,,READ_CONTROL|DELETE|WRITE_DAC|WRITE_OWNER|QUERY|MAP_WRITE|MAP_READ
ReetFPS.exe,15040,DESKTOP-M4PIKSF\dani,0x00002E90,Section,,,READ_CONTROL|DELETE|WRITE_DAC|WRITE_OWNER|QUERY|MAP_WRITE|MAP_READ
ReetFPS.exe,15040,DESKTOP-M4PIKSF\dani,0x00002E94,Section,,,READ_CONTROL|DELETE|WRITE_DAC|WRITE_OWNER|QUERY|MAP_WRITE|MAP_READ
ReetFPS.exe,15040,DESKTOP-M4PIKSF\dani,0x00002E98,Section,,,READ_CONTROL|DELETE|WRITE_DAC|WRITE_OWNER|QUERY|MAP_WRITE|MAP_READ
ReetFPS.exe,15040,DESKTOP-M4PIKSF\dani,0x00002E9C,Section,,,READ_CONTROL|DELETE|WRITE_DAC|WRITE_OWNER|QUERY|MAP_WRITE|MAP_READ
ReetFPS.exe,15040,DESKTOP-M4PIKSF\dani,0x00002EA0,Section,,,READ_CONTROL|DELETE|WRITE_DAC|WRITE_OWNER|QUERY|MAP_WRITE|MAP_READ
ReetFPS.exe,15040,DESKTOP-M4PIKSF\dani,0x00002EA4,Section,,,READ_CONTROL|DELETE|WRITE_DAC|WRITE_OWNER|QUERY|MAP_WRITE|MAP_READ
ReetFPS.exe,15040,DESKTOP-M4PIKSF\dani,0x00002EA8,Section,,,READ_CONTROL|DELETE|WRITE_DAC|WRITE_OWNER|QUERY|MAP_WRITE|MAP_READ
ReetFPS.exe,15040,DESKTOP-M4PIKSF\dani,0x00002EAC,Section,,,READ_CONTROL|DELETE|WRITE_DAC|WRITE_OWNER|QUERY|MAP_WRITE|MAP_READ
ReetFPS.exe,15040,DESKTOP-M4PIKSF\dani,0x00002EB0,Section,,,READ_CONTROL|DELETE|WRITE_DAC|WRITE_OWNER|QUERY|MAP_WRITE|MAP_READ
ReetFPS.exe,15040,DESKTOP-M4PIKSF\dani,0x00002EB4,Section,,,READ_CONTROL|DELETE|WRITE_DAC|WRITE_OWNER|QUERY|MAP_WRITE|MAP_READ
ReetFPS.exe,15040,DESKTOP-M4PIKSF\dani,0x00002EB8,Section,,,READ_CONTROL|DELETE|WRITE_DAC|WRITE_OWNER|QUERY|MAP_WRITE|MAP_READ
ReetFPS.exe,15040,DESKTOP-M4PIKSF\dani,0x00002EBC,Section,,,READ_CONTROL|DELETE|WRITE_DAC|WRITE_OWNER|QUERY|MAP_WRITE|MAP_READ
ReetFPS.exe,15040,DESKTOP-M4PIKSF\dani,0x00002EC0,Section,,,READ_CONTROL|DELETE|WRITE_DAC|WRITE_OWNER|QUERY|MAP_WRITE|MAP_READ
ReetFPS.exe,15040,DESKTOP-M4PIKSF\dani,0x00002EC4,Section,,,READ_CONTROL|DELETE|WRITE_DAC|WRITE_OWNER|QUERY|MAP_WRITE|MAP_READ
ReetFPS.exe,15040,DESKTOP-M4PIKSF\dani,0x00002EC8,Section,,,READ_CONTROL|DELETE|WRITE_DAC|WRITE_OWNER|QUERY|MAP_WRITE|MAP_READ
ReetFPS.exe,15040,DESKTOP-M4PIKSF\dani,0x00002ECC,Section,,,READ_CONTROL|DELETE|WRITE_DAC|WRITE_OWNER|QUERY|MAP_WRITE|MAP_READ
ReetFPS.exe,15040,DESKTOP-M4PIKSF\dani,0x00002ED0,Section,,,READ_CONTROL|DELETE|WRITE_DAC|WRITE_OWNER|QUERY|MAP_WRITE|MAP_READ
ReetFPS.exe,15040,DESKTOP-M4PIKSF\dani,0x00002ED4,Section,,,READ_CONTROL|DELETE|WRITE_DAC|WRITE_OWNER|QUERY|MAP_WRITE|MAP_READ
ReetFPS.exe,15040,DESKTOP-M4PIKSF\dani,0x00002ED8,Section,,,READ_CONTROL|DELETE|WRITE_DAC|WRITE_OWNER|QUERY|MAP_WRITE|MAP_READ
ReetFPS.exe,15040,DESKTOP-M4PIKSF\dani,0x00002EDC,Section,,,READ_CONTROL|DELETE|WRITE_DAC|WRITE_OWNER|QUERY|MAP_WRITE|MAP_READ
ReetFPS.exe,15040,DESKTOP-M4PIKSF\dani,0x00002EE0,Section,,,READ_CONTROL|DELETE|WRITE_DAC|WRITE_OWNER|QUERY|MAP_WRITE|MAP_READ
ReetFPS.exe,15040,DESKTOP-M4PIKSF\dani,0x00002EE4,Section,,,READ_CONTROL|DELETE|WRITE_DAC|WRITE_OWNER|QUERY|MAP_WRITE|MAP_READ
ReetFPS.exe,15040,DESKTOP-M4PIKSF\dani,0x00002EE8,Section,,,READ_CONTROL|DELETE|WRITE_DAC|WRITE_OWNER|QUERY|MAP_WRITE|MAP_READ
ReetFPS.exe,15040,DESKTOP-M4PIKSF\dani,0x00002EEC,Thread,,<Nonexistent process>(15840): 17452,READ_CONTROL|DELETE|SYNCHRONIZE|WRITE_DAC|WRITE_OWNER|THREAD_ALL_ACCESS
ReetFPS.exe,15040,DESKTOP-M4PIKSF\dani,0x00002EF0,Section,,,READ_CONTROL|DELETE|WRITE_DAC|WRITE_OWNER|QUERY|MAP_WRITE|MAP_READ
ReetFPS.exe,15040,DESKTOP-M4PIKSF\dani,0x00002EF4,Section,,,READ_CONTROL|DELETE|WRITE_DAC|WRITE_OWNER|QUERY|MAP_WRITE|MAP_READ
ReetFPS.exe,15040,DESKTOP-M4PIKSF\dani,0x00002EF8,Section,,,READ_CONTROL|DELETE|WRITE_DAC|WRITE_OWNER|QUERY|MAP_WRITE|MAP_READ
ReetFPS.exe,15040,DESKTOP-M4PIKSF\dani,0x00002EFC,Section,,,READ_CONTROL|DELETE|WRITE_DAC|WRITE_OWNER|QUERY|MAP_WRITE|MAP_READ
ReetFPS.exe,15040,DESKTOP-M4PIKSF\dani,0x00002F00,Section,,,READ_CONTROL|DELETE|WRITE_DAC|WRITE_OWNER|QUERY|MAP_WRITE|MAP_READ
ReetFPS.exe,15040,DESKTOP-M4PIKSF\dani,0x00002F04,Section,,,READ_CONTROL|DELETE|WRITE_DAC|WRITE_OWNER|QUERY|MAP_WRITE|MAP_READ
ReetFPS.exe,15040,DESKTOP-M4PIKSF\dani,0x00002F08,Section,,,READ_CONTROL|DELETE|WRITE_DAC|WRITE_OWNER|QUERY|MAP_WRITE|MAP_READ
ReetFPS.exe,15040,DESKTOP-M4PIKSF\dani,0x00002F0C,Section,,,READ_CONTROL|DELETE|WRITE_DAC|WRITE_OWNER|QUERY|MAP_WRITE|MAP_READ
ReetFPS.exe,15040,DESKTOP-M4PIKSF\dani,0x00002F10,Section,,,READ_CONTROL|DELETE|WRITE_DAC|WRITE_OWNER|QUERY|MAP_WRITE|MAP_READ
ReetFPS.exe,15040,DESKTOP-M4PIKSF\dani,0x00002F14,Section,,,READ_CONTROL|DELETE|WRITE_DAC|WRITE_OWNER|QUERY|MAP_WRITE|MAP_READ
ReetFPS.exe,15040,DESKTOP-M4PIKSF\dani,0x00002F18,Section,,,READ_CONTROL|DELETE|WRITE_DAC|WRITE_OWNER|QUERY|MAP_WRITE|MAP_READ
ReetFPS.exe,15040,DESKTOP-M4PIKSF\dani,0x00002F1C,Section,,,READ_CONTROL|DELETE|WRITE_DAC|WRITE_OWNER|QUERY|MAP_WRITE|MAP_READ
ReetFPS.exe,15040,DESKTOP-M4PIKSF\dani,0x00002F20,Section,,,READ_CONTROL|DELETE|WRITE_DAC|WRITE_OWNER|QUERY|MAP_WRITE|MAP_READ
ReetFPS.exe,15040,DESKTOP-M4PIKSF\dani,0x00002F24,Section,,,READ_CONTROL|DELETE|WRITE_DAC|WRITE_OWNER|QUERY|MAP_WRITE|MAP_READ
ReetFPS.exe,15040,DESKTOP-M4PIKSF\dani,0x00002F28,Section,,,READ_CONTROL|DELETE|WRITE_DAC|WRITE_OWNER|QUERY|MAP_WRITE|MAP_READ
ReetFPS.exe,15040,DESKTOP-M4PIKSF\dani,0x00002F2C,Section,,,READ_CONTROL|DELETE|WRITE_DAC|WRITE_OWNER|QUERY|MAP_WRITE|MAP_READ
ReetFPS.exe,15040,DESKTOP-M4PIKSF\dani,0x00002F30,Section,,,READ_CONTROL|DELETE|WRITE_DAC|WRITE_OWNER|QUERY|MAP_WRITE|MAP_READ
ReetFPS.exe,15040,DESKTOP-M4PIKSF\dani,0x00002F34,Section,,,READ_CONTROL|DELETE|WRITE_DAC|WRITE_OWNER|QUERY|MAP_WRITE|MAP_READ
ReetFPS.exe,15040,DESKTOP-M4PIKSF\dani,0x00002F38,Section,,,READ_CONTROL|DELETE|WRITE_DAC|WRITE_OWNER|QUERY|MAP_WRITE|MAP_READ
ReetFPS.exe,15040,DESKTOP-M4PIKSF\dani,0x00002F3C,Section,,,READ_CONTROL|DELETE|WRITE_DAC|WRITE_OWNER|QUERY|MAP_WRITE|MAP_READ
ReetFPS.exe,15040,DESKTOP-M4PIKSF\dani,0x00002F40,Section,,,READ_CONTROL|DELETE|WRITE_DAC|WRITE_OWNER|QUERY|MAP_WRITE|MAP_READ
ReetFPS.exe,15040,DESKTOP-M4PIKSF\dani,0x00002F44,Section,,,READ_CONTROL|DELETE|WRITE_DAC|WRITE_OWNER|QUERY|MAP_WRITE|MAP_READ
ReetFPS.exe,15040,DESKTOP-M4PIKSF\dani,0x00002F48,Section,,,READ_CONTROL|DELETE|WRITE_DAC|WRITE_OWNER|QUERY|MAP_WRITE|MAP_READ
ReetFPS.exe,15040,DESKTOP-M4PIKSF\dani,0x00002F4C,Section,,,READ_CONTROL|DELETE|WRITE_DAC|WRITE_OWNER|QUERY|MAP_WRITE|MAP_READ
ReetFPS.exe,15040,DESKTOP-M4PIKSF\dani,0x00002F50,Section,,,READ_CONTROL|DELETE|WRITE_DAC|WRITE_OWNER|QUERY|MAP_WRITE|MAP_READ
ReetFPS.exe,15040,DESKTOP-M4PIKSF\dani,0x00002F54,Section,,,READ_CONTROL|DELETE|WRITE_DAC|WRITE_OWNER|QUERY|MAP_WRITE|MAP_READ
ReetFPS.exe,15040,DESKTOP-M4PIKSF\dani,0x00002F58,Section,,,READ_CONTROL|DELETE|WRITE_DAC|WRITE_OWNER|QUERY|MAP_WRITE|MAP_READ
ReetFPS.exe,15040,DESKTOP-M4PIKSF\dani,0x00002F5C,Section,,,READ_CONTROL|DELETE|WRITE_DAC|WRITE_OWNER|QUERY|MAP_WRITE|MAP_READ
ReetFPS.exe,15040,DESKTOP-M4PIKSF\dani,0x00002F60,Section,,,READ_CONTROL|DELETE|WRITE_DAC|WRITE_OWNER|QUERY|MAP_WRITE|MAP_READ
ReetFPS.exe,15040,DESKTOP-M4PIKSF\dani,0x00002F64,Section,,,READ_CONTROL|DELETE|WRITE_DAC|WRITE_OWNER|QUERY|MAP_WRITE|MAP_READ
ReetFPS.exe,15040,DESKTOP-M4PIKSF\dani,0x00002F68,Section,,,READ_CONTROL|DELETE|WRITE_DAC|WRITE_OWNER|QUERY|MAP_WRITE|MAP_READ
ReetFPS.exe,15040,DESKTOP-M4PIKSF\dani,0x00002F6C,Section,,,READ_CONTROL|DELETE|WRITE_DAC|WRITE_OWNER|QUERY|MAP_WRITE|MAP_READ
ReetFPS.exe,15040,DESKTOP-M4PIKSF\dani,0x00002F70,Section,,,READ_CONTROL|DELETE|WRITE_DAC|WRITE_OWNER|QUERY|MAP_WRITE|MAP_READ
ReetFPS.exe,15040,DESKTOP-M4PIKSF\dani,0x00002F74,Section,,,READ_CONTROL|DELETE|WRITE_DAC|WRITE_OWNER|QUERY|MAP_WRITE|MAP_READ
ReetFPS.exe,15040,DESKTOP-M4PIKSF\dani,0x00002F78,Section,,,READ_CONTROL|DELETE|WRITE_DAC|WRITE_OWNER|QUERY|MAP_WRITE|MAP_READ
ReetFPS.exe,15040,DESKTOP-M4PIKSF\dani,0x00002F7C,Section,,,READ_CONTROL|DELETE|WRITE_DAC|WRITE_OWNER|QUERY|MAP_WRITE|MAP_READ
ReetFPS.exe,15040,DESKTOP-M4PIKSF\dani,0x00002F80,Section,,,READ_CONTROL|DELETE|WRITE_DAC|WRITE_OWNER|QUERY|MAP_WRITE|MAP_READ
ReetFPS.exe,15040,DESKTOP-M4PIKSF\dani,0x00002F84,Section,,,READ_CONTROL|DELETE|WRITE_DAC|WRITE_OWNER|QUERY|MAP_WRITE|MAP_READ
ReetFPS.exe,15040,DESKTOP-M4PIKSF\dani,0x00002F88,Thread,,<Nonexistent process>(15840): 4620,READ_CONTROL|DELETE|SYNCHRONIZE|WRITE_DAC|WRITE_OWNER|THREAD_ALL_ACCESS
ReetFPS.exe,15040,DESKTOP-M4PIKSF\dani,0x00002F8C,Section,,,READ_CONTROL|DELETE|WRITE_DAC|WRITE_OWNER|QUERY|MAP_WRITE|MAP_READ
ReetFPS.exe,15040,DESKTOP-M4PIKSF\dani,0x00002F90,Section,,,READ_CONTROL|DELETE|WRITE_DAC|WRITE_OWNER|QUERY|MAP_WRITE|MAP_READ
ReetFPS.exe,15040,DESKTOP-M4PIKSF\dani,0x00002F94,Section,,,READ_CONTROL|DELETE|WRITE_DAC|WRITE_OWNER|QUERY|MAP_WRITE|MAP_READ
ReetFPS.exe,15040,DESKTOP-M4PIKSF\dani,0x00002F98,Section,,,READ_CONTROL|DELETE|WRITE_DAC|WRITE_OWNER|QUERY|MAP_WRITE|MAP_READ
ReetFPS.exe,15040,DESKTOP-M4PIKSF\dani,0x00002F9C,Section,,,READ_CONTROL|DELETE|WRITE_DAC|WRITE_OWNER|QUERY|MAP_WRITE|MAP_READ
ReetFPS.exe,15040,DESKTOP-M4PIKSF\dani,0x00002FA0,Section,,,READ_CONTROL|DELETE|WRITE_DAC|WRITE_OWNER|QUERY|MAP_WRITE|MAP_READ
ReetFPS.exe,15040,DESKTOP-M4PIKSF\dani,0x00002FA4,Section,,,READ_CONTROL|DELETE|WRITE_DAC|WRITE_OWNER|QUERY|MAP_WRITE|MAP_READ
ReetFPS.exe,15040,DESKTOP-M4PIKSF\dani,0x00002FA8,Section,,,READ_CONTROL|DELETE|WRITE_DAC|WRITE_OWNER|QUERY|MAP_WRITE|MAP_READ
ReetFPS.exe,15040,DESKTOP-M4PIKSF\dani,0x00002FAC,Section,,,READ_CONTROL|DELETE|WRITE_DAC|WRITE_OWNER|QUERY|MAP_WRITE|MAP_READ
ReetFPS.exe,15040,DESKTOP-M4PIKSF\dani,0x00002FB0,Section,,,READ_CONTROL|DELETE|WRITE_DAC|WRITE_OWNER|QUERY|MAP_WRITE|MAP_READ
ReetFPS.exe,15040,DESKTOP-M4PIKSF\dani,0x00002FB4,Section,,,READ_CONTROL|DELETE|WRITE_DAC|WRITE_OWNER|QUERY|MAP_WRITE|MAP_READ
ReetFPS.exe,15040,DESKTOP-M4PIKSF\dani,0x00002FB8,Section,,,READ_CONTROL|DELETE|WRITE_DAC|WRITE_OWNER|QUERY|MAP_WRITE|MAP_READ
ReetFPS.exe,15040,DESKTOP-M4PIKSF\dani,0x00002FBC,Section,,,READ_CONTROL|DELETE|WRITE_DAC|WRITE_OWNER|QUERY|MAP_WRITE|MAP_READ
ReetFPS.exe,15040,DESKTOP-M4PIKSF\dani,0x00002FC0,Section,,,READ_CONTROL|DELETE|WRITE_DAC|WRITE_OWNER|QUERY|MAP_WRITE|MAP_READ
ReetFPS.exe,15040,DESKTOP-M4PIKSF\dani,0x00002FC4,Section,,,READ_CONTROL|DELETE|WRITE_DAC|WRITE_OWNER|QUERY|MAP_WRITE|MAP_READ
ReetFPS.exe,15040,DESKTOP-M4PIKSF\dani,0x00002FC8,Section,,,READ_CONTROL|DELETE|WRITE_DAC|WRITE_OWNER|QUERY|MAP_WRITE|MAP_READ
ReetFPS.exe,15040,DESKTOP-M4PIKSF\dani,0x00002FCC,Section,,,READ_CONTROL|DELETE|WRITE_DAC|WRITE_OWNER|QUERY|MAP_WRITE|MAP_READ
ReetFPS.exe,15040,DESKTOP-M4PIKSF\dani,0x00002FD0,Section,,,READ_CONTROL|DELETE|WRITE_DAC|WRITE_OWNER|QUERY|MAP_WRITE|MAP_READ
ReetFPS.exe,15040,DESKTOP-M4PIKSF\dani,0x00002FD4,Section,,,READ_CONTROL|DELETE|WRITE_DAC|WRITE_OWNER|QUERY|MAP_WRITE|MAP_READ
ReetFPS.exe,15040,DESKTOP-M4PIKSF\dani,0x00002FD8,Section,,,READ_CONTROL|DELETE|WRITE_DAC|WRITE_OWNER|QUERY|MAP_WRITE|MAP_READ
ReetFPS.exe,15040,DESKTOP-M4PIKSF\dani,0x00002FDC,Section,,,READ_CONTROL|DELETE|WRITE_DAC|WRITE_OWNER|QUERY|MAP_WRITE|MAP_READ
ReetFPS.exe,15040,DESKTOP-M4PIKSF\dani,0x00002FE0,Section,,,READ_CONTROL|DELETE|WRITE_DAC|WRITE_OWNER|QUERY|MAP_WRITE|MAP_READ
ReetFPS.exe,15040,DESKTOP-M4PIKSF\dani,0x00002FE4,Section,,,READ_CONTROL|DELETE|WRITE_DAC|WRITE_OWNER|QUERY|MAP_WRITE|MAP_READ
ReetFPS.exe,15040,DESKTOP-M4PIKSF\dani,0x00002FE8,Section,,,READ_CONTROL|DELETE|WRITE_DAC|WRITE_OWNER|QUERY|MAP_WRITE|MAP_READ
ReetFPS.exe,15040,DESKTOP-M4PIKSF\dani,0x00002FEC,Section,,,READ_CONTROL|DELETE|WRITE_DAC|WRITE_OWNER|QUERY|MAP_WRITE|MAP_READ
ReetFPS.exe,15040,DESKTOP-M4PIKSF\dani,0x00002FF0,Thread,,<Nonexistent process>(15840): 19368,READ_CONTROL|DELETE|SYNCHRONIZE|WRITE_DAC|WRITE_OWNER|THREAD_ALL_ACCESS
ReetFPS.exe,15040,DESKTOP-M4PIKSF\dani,0x00002FF4,Section,,,READ_CONTROL|DELETE|WRITE_DAC|WRITE_OWNER|QUERY|MAP_WRITE|MAP_READ
ReetFPS.exe,15040,DESKTOP-M4PIKSF\dani,0x00002FF8,Section,,,READ_CONTROL|DELETE|WRITE_DAC|WRITE_OWNER|QUERY|MAP_WRITE|MAP_READ
ReetFPS.exe,15040,DESKTOP-M4PIKSF\dani,0x00002FFC,Section,,,READ_CONTROL|DELETE|WRITE_DAC|WRITE_OWNER|QUERY|MAP_WRITE|MAP_READ
ReetFPS.exe,15040,DESKTOP-M4PIKSF\dani,0x00003004,Thread,,<Nonexistent process>(15840): 1744,READ_CONTROL|DELETE|SYNCHRONIZE|WRITE_DAC|WRITE_OWNER|THREAD_ALL_ACCESS
ReetFPS.exe,15040,DESKTOP-M4PIKSF\dani,0x00003008,Thread,,<Nonexistent process>(15840): 8116,READ_CONTROL|DELETE|SYNCHRONIZE|WRITE_DAC|WRITE_OWNER|THREAD_ALL_ACCESS
ReetFPS.exe,15040,DESKTOP-M4PIKSF\dani,0x0000300C,Thread,,<Nonexistent process>(15840): 8280,READ_CONTROL|DELETE|SYNCHRONIZE|WRITE_DAC|WRITE_OWNER|THREAD_ALL_ACCESS
ReetFPS.exe,15040,DESKTOP-M4PIKSF\dani,0x00003010,Thread,,<Nonexistent process>(15840): 17216,READ_CONTROL|DELETE|SYNCHRONIZE|WRITE_DAC|WRITE_OWNER|THREAD_ALL_ACCESS
ReetFPS.exe,15040,DESKTOP-M4PIKSF\dani,0x00003014,Section,,,READ_CONTROL|DELETE|WRITE_DAC|WRITE_OWNER|QUERY|MAP_WRITE|MAP_READ
ReetFPS.exe,15040,DESKTOP-M4PIKSF\dani,0x00003018,Thread,,<Nonexistent process>(15840): 14592,READ_CONTROL|DELETE|SYNCHRONIZE|WRITE_DAC|WRITE_OWNER|THREAD_ALL_ACCESS
ReetFPS.exe,15040,DESKTOP-M4PIKSF\dani,0x0000301C,Thread,,<Nonexistent process>(15840): 6204,READ_CONTROL|DELETE|SYNCHRONIZE|WRITE_DAC|WRITE_OWNER|THREAD_ALL_ACCESS
ReetFPS.exe,15040,DESKTOP-M4PIKSF\dani,0x00003020,Thread,,<Nonexistent process>(15840): 16056,READ_CONTROL|DELETE|SYNCHRONIZE|WRITE_DAC|WRITE_OWNER|THREAD_ALL_ACCESS
ReetFPS.exe,15040,DESKTOP-M4PIKSF\dani,0x00003024,Thread,,<Nonexistent process>(15840): 14332,READ_CONTROL|DELETE|SYNCHRONIZE|WRITE_DAC|WRITE_OWNER|THREAD_ALL_ACCESS
ReetFPS.exe,15040,DESKTOP-M4PIKSF\dani,0x00003028,Thread,,<Nonexistent process>(15840): 19412,READ_CONTROL|DELETE|SYNCHRONIZE|WRITE_DAC|WRITE_OWNER|THREAD_ALL_ACCESS
ReetFPS.exe,15040,DESKTOP-M4PIKSF\dani,0x0000302C,Section,,,READ_CONTROL|DELETE|WRITE_DAC|WRITE_OWNER|QUERY|MAP_WRITE|MAP_READ
ReetFPS.exe,15040,DESKTOP-M4PIKSF\dani,0x00003030,Thread,,<Nonexistent process>(15840): 18388,READ_CONTROL|DELETE|SYNCHRONIZE|WRITE_DAC|WRITE_OWNER|THREAD_ALL_ACCESS
ReetFPS.exe,15040,DESKTOP-M4PIKSF\dani,0x00003034,Thread,,<Nonexistent process>(15840): 18184,READ_CONTROL|DELETE|SYNCHRONIZE|WRITE_DAC|WRITE_OWNER|THREAD_ALL_ACCESS
ReetFPS.exe,15040,DESKTOP-M4PIKSF\dani,0x00003038,Thread,,<Nonexistent process>(15840): 15036,READ_CONTROL|DELETE|SYNCHRONIZE|WRITE_DAC|WRITE_OWNER|THREAD_ALL_ACCESS
ReetFPS.exe,15040,DESKTOP-M4PIKSF\dani,0x0000303C,Thread,,<Nonexistent process>(15840): 19388,READ_CONTROL|DELETE|SYNCHRONIZE|WRITE_DAC|WRITE_OWNER|THREAD_ALL_ACCESS
ReetFPS.exe,15040,DESKTOP-M4PIKSF\dani,0x00003040,Section,,,READ_CONTROL|DELETE|WRITE_DAC|WRITE_OWNER|QUERY|MAP_WRITE|MAP_READ
ReetFPS.exe,15040,DESKTOP-M4PIKSF\dani,0x00003044,Thread,,<Nonexistent process>(15840): 15332,READ_CONTROL|DELETE|SYNCHRONIZE|WRITE_DAC|WRITE_OWNER|THREAD_ALL_ACCESS
ReetFPS.exe,15040,DESKTOP-M4PIKSF\dani,0x00003048,Section,,,READ_CONTROL|DELETE|WRITE_DAC|WRITE_OWNER|QUERY|MAP_WRITE|MAP_READ
ReetFPS.exe,15040,DESKTOP-M4PIKSF\dani,0x0000304C,Section,,,READ_CONTROL|DELETE|WRITE_DAC|WRITE_OWNER|QUERY|MAP_WRITE|MAP_READ
ReetFPS.exe,15040,DESKTOP-M4PIKSF\dani,0x00003050,Thread,,<Nonexistent process>(15840): 18864,READ_CONTROL|DELETE|SYNCHRONIZE|WRITE_DAC|WRITE_OWNER|THREAD_ALL_ACCESS
ReetFPS.exe,15040,DESKTOP-M4PIKSF\dani,0x00003054,Thread,,<Nonexistent process>(15840): 17964,READ_CONTROL|DELETE|SYNCHRONIZE|WRITE_DAC|WRITE_OWNER|THREAD_ALL_ACCESS
ReetFPS.exe,15040,DESKTOP-M4PIKSF\dani,0x00003058,Section,,,READ_CONTROL|DELETE|WRITE_DAC|WRITE_OWNER|QUERY|MAP_WRITE|MAP_READ
ReetFPS.exe,15040,DESKTOP-M4PIKSF\dani,0x0000305C,Thread,,<Nonexistent process>(15840): 3348,READ_CONTROL|DELETE|SYNCHRONIZE|WRITE_DAC|WRITE_OWNER|THREAD_ALL_ACCESS
ReetFPS.exe,15040,DESKTOP-M4PIKSF\dani,0x00003060,Thread,,<Nonexistent process>(15840): 3980,READ_CONTROL|DELETE|SYNCHRONIZE|WRITE_DAC|WRITE_OWNER|THREAD_ALL_ACCESS
ReetFPS.exe,15040,DESKTOP-M4PIKSF\dani,0x00003064,Thread,,<Nonexistent process>(15840): 15648,READ_CONTROL|DELETE|SYNCHRONIZE|WRITE_DAC|WRITE_OWNER|THREAD_ALL_ACCESS
ReetFPS.exe,15040,DESKTOP-M4PIKSF\dani,0x00003068,Thread,,<Nonexistent process>(15840): 8128,READ_CONTROL|DELETE|SYNCHRONIZE|WRITE_DAC|WRITE_OWNER|THREAD_ALL_ACCESS
ReetFPS.exe,15040,DESKTOP-M4PIKSF\dani,0x0000306C,Thread,,<Nonexistent process>(15840): 18976,READ_CONTROL|DELETE|SYNCHRONIZE|WRITE_DAC|WRITE_OWNER|THREAD_ALL_ACCESS
ReetFPS.exe,15040,DESKTOP-M4PIKSF\dani,0x00003070,Thread,,<Nonexistent process>(15840): 14340,READ_CONTROL|DELETE|SYNCHRONIZE|WRITE_DAC|WRITE_OWNER|THREAD_ALL_ACCESS
ReetFPS.exe,15040,DESKTOP-M4PIKSF\dani,0x00003074,Thread,,<Nonexistent process>(15840): 18236,READ_CONTROL|DELETE|SYNCHRONIZE|WRITE_DAC|WRITE_OWNER|THREAD_ALL_ACCESS
ReetFPS.exe,15040,DESKTOP-M4PIKSF\dani,0x00003078,Thread,,<Nonexistent process>(15840): 19204,READ_CONTROL|DELETE|SYNCHRONIZE|WRITE_DAC|WRITE_OWNER|THREAD_ALL_ACCESS
ReetFPS.exe,15040,DESKTOP-M4PIKSF\dani,0x0000307C,Section,,,READ_CONTROL|DELETE|WRITE_DAC|WRITE_OWNER|QUERY|MAP_WRITE|MAP_READ
ReetFPS.exe,15040,DESKTOP-M4PIKSF\dani,0x00003080,Thread,,<Nonexistent process>(15840): 18644,READ_CONTROL|DELETE|SYNCHRONIZE|WRITE_DAC|WRITE_OWNER|THREAD_ALL_ACCESS
ReetFPS.exe,15040,DESKTOP-M4PIKSF\dani,0x00003084,Thread,,<Nonexistent process>(15840): 3556,READ_CONTROL|DELETE|SYNCHRONIZE|WRITE_DAC|WRITE_OWNER|THREAD_ALL_ACCESS
ReetFPS.exe,15040,DESKTOP-M4PIKSF\dani,0x00003088,Thread,,<Nonexistent process>(15840): 14944,READ_CONTROL|DELETE|SYNCHRONIZE|WRITE_DAC|WRITE_OWNER|THREAD_ALL_ACCESS
ReetFPS.exe,15040,DESKTOP-M4PIKSF\dani,0x0000308C,Section,,,READ_CONTROL|DELETE|WRITE_DAC|WRITE_OWNER|QUERY|MAP_WRITE|MAP_READ
ReetFPS.exe,15040,DESKTOP-M4PIKSF\dani,0x00003090,Section,,,READ_CONTROL|DELETE|WRITE_DAC|WRITE_OWNER|QUERY|MAP_WRITE|MAP_READ
ReetFPS.exe,15040,DESKTOP-M4PIKSF\dani,0x00003094,Thread,,<Nonexistent process>(15840): 19144,READ_CONTROL|DELETE|SYNCHRONIZE|WRITE_DAC|WRITE_OWNER|THREAD_ALL_ACCESS
ReetFPS.exe,15040,DESKTOP-M4PIKSF\dani,0x00003098,Thread,,<Nonexistent process>(15840): 14616,READ_CONTROL|DELETE|SYNCHRONIZE|WRITE_DAC|WRITE_OWNER|THREAD_ALL_ACCESS
ReetFPS.exe,15040,DESKTOP-M4PIKSF\dani,0x0000309C,Thread,,<Nonexistent process>(15840): 18636,READ_CONTROL|DELETE|SYNCHRONIZE|WRITE_DAC|WRITE_OWNER|THREAD_ALL_ACCESS
ReetFPS.exe,15040,DESKTOP-M4PIKSF\dani,0x000030A0,Thread,,<Nonexistent process>(15840): 19148,READ_CONTROL|DELETE|SYNCHRONIZE|WRITE_DAC|WRITE_OWNER|THREAD_ALL_ACCESS
ReetFPS.exe,15040,DESKTOP-M4PIKSF\dani,0x000030A4,Thread,,<Nonexistent process>(15840): 18248,READ_CONTROL|DELETE|SYNCHRONIZE|WRITE_DAC|WRITE_OWNER|THREAD_ALL_ACCESS
ReetFPS.exe,15040,DESKTOP-M4PIKSF\dani,0x000030A8,Thread,,<Nonexistent process>(15840): 13244,READ_CONTROL|DELETE|SYNCHRONIZE|WRITE_DAC|WRITE_OWNER|THREAD_ALL_ACCESS
ReetFPS.exe,15040,DESKTOP-M4PIKSF\dani,0x000030AC,Thread,,<Nonexistent process>(15840): 19444,READ_CONTROL|DELETE|SYNCHRONIZE|WRITE_DAC|WRITE_OWNER|THREAD_ALL_ACCESS
ReetFPS.exe,15040,DESKTOP-M4PIKSF\dani,0x000030B0,Section,,,READ_CONTROL|DELETE|WRITE_DAC|WRITE_OWNER|QUERY|MAP_WRITE|MAP_READ
ReetFPS.exe,15040,DESKTOP-M4PIKSF\dani,0x000030B4,Thread,,<Nonexistent process>(15840): 17636,READ_CONTROL|DELETE|SYNCHRONIZE|WRITE_DAC|WRITE_OWNER|THREAD_ALL_ACCESS
ReetFPS.exe,15040,DESKTOP-M4PIKSF\dani,0x000030B8,Thread,,<Nonexistent process>(15840): 15164,READ_CONTROL|DELETE|SYNCHRONIZE|WRITE_DAC|WRITE_OWNER|THREAD_ALL_ACCESS
ReetFPS.exe,15040,DESKTOP-M4PIKSF\dani,0x000030BC,Thread,,<Nonexistent process>(15840): 12848,READ_CONTROL|DELETE|SYNCHRONIZE|WRITE_DAC|WRITE_OWNER|THREAD_ALL_ACCESS
ReetFPS.exe,15040,DESKTOP-M4PIKSF\dani,0x000030C0,Thread,,<Nonexistent process>(15840): 16696,READ_CONTROL|DELETE|SYNCHRONIZE|WRITE_DAC|WRITE_OWNER|THREAD_ALL_ACCESS
ReetFPS.exe,15040,DESKTOP-M4PIKSF\dani,0x000030C4,Section,,,READ_CONTROL|DELETE|WRITE_DAC|WRITE_OWNER|QUERY|MAP_WRITE|MAP_READ
ReetFPS.exe,15040,DESKTOP-M4PIKSF\dani,0x000030C8,Section,,,READ_CONTROL|DELETE|WRITE_DAC|WRITE_OWNER|QUERY|MAP_WRITE|MAP_READ
ReetFPS.exe,15040,DESKTOP-M4PIKSF\dani,0x000030CC,Thread,,<Nonexistent process>(15840): 16544,READ_CONTROL|DELETE|SYNCHRONIZE|WRITE_DAC|WRITE_OWNER|THREAD_ALL_ACCESS
ReetFPS.exe,15040,DESKTOP-M4PIKSF\dani,0x000030D0,Thread,,<Nonexistent process>(15840): 12600,READ_CONTROL|DELETE|SYNCHRONIZE|WRITE_DAC|WRITE_OWNER|THREAD_ALL_ACCESS
ReetFPS.exe,15040,DESKTOP-M4PIKSF\dani,0x000030D4,Thread,,<Nonexistent process>(15840): 18252,READ_CONTROL|DELETE|SYNCHRONIZE|WRITE_DAC|WRITE_OWNER|THREAD_ALL_ACCESS
ReetFPS.exe,15040,DESKTOP-M4PIKSF\dani,0x000030D8,Thread,,<Nonexistent process>(15840): 17472,READ_CONTROL|DELETE|SYNCHRONIZE|WRITE_DAC|WRITE_OWNER|THREAD_ALL_ACCESS
ReetFPS.exe,15040,DESKTOP-M4PIKSF\dani,0x000030DC,Thread,,<Nonexistent process>(15840): 12672,READ_CONTROL|DELETE|SYNCHRONIZE|WRITE_DAC|WRITE_OWNER|THREAD_ALL_ACCESS
ReetFPS.exe,15040,DESKTOP-M4PIKSF\dani,0x000030E0,Thread,,<Nonexistent process>(15840): 11148,READ_CONTROL|DELETE|SYNCHRONIZE|WRITE_DAC|WRITE_OWNER|THREAD_ALL_ACCESS
ReetFPS.exe,15040,DESKTOP-M4PIKSF\dani,0x000030E4,Thread,,<Nonexistent process>(15840): 8272,READ_CONTROL|DELETE|SYNCHRONIZE|WRITE_DAC|WRITE_OWNER|THREAD_ALL_ACCESS
ReetFPS.exe,15040,DESKTOP-M4PIKSF\dani,0x000030E8,Thread,,<Nonexistent process>(15840): 17740,READ_CONTROL|DELETE|SYNCHRONIZE|WRITE_DAC|WRITE_OWNER|THREAD_ALL_ACCESS
ReetFPS.exe,15040,DESKTOP-M4PIKSF\dani,0x000030EC,Section,,,READ_CONTROL|DELETE|WRITE_DAC|WRITE_OWNER|QUERY|MAP_WRITE|MAP_READ
ReetFPS.exe,15040,DESKTOP-M4PIKSF\dani,0x000030F0,Section,,,READ_CONTROL|DELETE|WRITE_DAC|WRITE_OWNER|QUERY|MAP_WRITE|MAP_READ
ReetFPS.exe,15040,DESKTOP-M4PIKSF\dani,0x000030F4,Thread,,<Nonexistent process>(15840): 18844,READ_CONTROL|DELETE|SYNCHRONIZE|WRITE_DAC|WRITE_OWNER|THREAD_ALL_ACCESS
ReetFPS.exe,15040,DESKTOP-M4PIKSF\dani,0x000030F8,Section,,,READ_CONTROL|DELETE|WRITE_DAC|WRITE_OWNER|QUERY|MAP_WRITE|MAP_READ
ReetFPS.exe,15040,DESKTOP-M4PIKSF\dani,0x000030FC,Section,,,READ_CONTROL|DELETE|WRITE_DAC|WRITE_OWNER|QUERY|MAP_WRITE|MAP_READ
ReetFPS.exe,15040,DESKTOP-M4PIKSF\dani,0x00003100,Section,,,READ_CONTROL|DELETE|WRITE_DAC|WRITE_OWNER|QUERY|MAP_WRITE|MAP_READ
ReetFPS.exe,15040,DESKTOP-M4PIKSF\dani,0x00003104,Thread,,<Nonexistent process>(15840): 14984,READ_CONTROL|DELETE|SYNCHRONIZE|WRITE_DAC|WRITE_OWNER|THREAD_ALL_ACCESS
ReetFPS.exe,15040,DESKTOP-M4PIKSF\dani,0x00003108,Thread,,<Nonexistent process>(15840): 15756,READ_CONTROL|DELETE|SYNCHRONIZE|WRITE_DAC|WRITE_OWNER|THREAD_ALL_ACCESS
ReetFPS.exe,15040,DESKTOP-M4PIKSF\dani,0x0000310C,Section,,,READ_CONTROL|DELETE|WRITE_DAC|WRITE_OWNER|QUERY|MAP_WRITE|MAP_READ
ReetFPS.exe,15040,DESKTOP-M4PIKSF\dani,0x00003110,Thread,,<Nonexistent process>(15840): 17156,READ_CONTROL|DELETE|SYNCHRONIZE|WRITE_DAC|WRITE_OWNER|THREAD_ALL_ACCESS
ReetFPS.exe,15040,DESKTOP-M4PIKSF\dani,0x00003114,Thread,,<Nonexistent process>(15840): 7804,READ_CONTROL|DELETE|SYNCHRONIZE|WRITE_DAC|WRITE_OWNER|THREAD_ALL_ACCESS
ReetFPS.exe,15040,DESKTOP-M4PIKSF\dani,0x00003118,Thread,,<Nonexistent process>(15840): 18788,READ_CONTROL|DELETE|SYNCHRONIZE|WRITE_DAC|WRITE_OWNER|THREAD_ALL_ACCESS
ReetFPS.exe,15040,DESKTOP-M4PIKSF\dani,0x0000311C,Thread,,<Nonexistent process>(15840): 14628,READ_CONTROL|DELETE|SYNCHRONIZE|WRITE_DAC|WRITE_OWNER|THREAD_ALL_ACCESS
ReetFPS.exe,15040,DESKTOP-M4PIKSF\dani,0x00003120,Thread,,PointBlank.exe(20388): 19168,READ_CONTROL|DELETE|SYNCHRONIZE|WRITE_DAC|WRITE_OWNER|THREAD_ALL_ACCESS
ReetFPS.exe,15040,DESKTOP-M4PIKSF\dani,0x00003124,Thread,,<Nonexistent process>(15840): 13740,READ_CONTROL|DELETE|SYNCHRONIZE|WRITE_DAC|WRITE_OWNER|THREAD_ALL_ACCESS
ReetFPS.exe,15040,DESKTOP-M4PIKSF\dani,0x00003128,Section,,,READ_CONTROL|DELETE|WRITE_DAC|WRITE_OWNER|QUERY|MAP_WRITE|MAP_READ
ReetFPS.exe,15040,DESKTOP-M4PIKSF\dani,0x0000312C,Thread,,PointBlank.exe(20388): 4700,READ_CONTROL|DELETE|SYNCHRONIZE|WRITE_DAC|WRITE_OWNER|THREAD_ALL_ACCESS
ReetFPS.exe,15040,DESKTOP-M4PIKSF\dani,0x00003130,Thread,,<Nonexistent process>(15840): 17904,READ_CONTROL|DELETE|SYNCHRONIZE|WRITE_DAC|WRITE_OWNER|THREAD_ALL_ACCESS
ReetFPS.exe,15040,DESKTOP-M4PIKSF\dani,0x00003134,Thread,,<Nonexistent process>(15840): 14872,READ_CONTROL|DELETE|SYNCHRONIZE|WRITE_DAC|WRITE_OWNER|THREAD_ALL_ACCESS
ReetFPS.exe,15040,DESKTOP-M4PIKSF\dani,0x00003138,Thread,,<Nonexistent process>(15840): 17380,READ_CONTROL|DELETE|SYNCHRONIZE|WRITE_DAC|WRITE_OWNER|THREAD_ALL_ACCESS
ReetFPS.exe,15040,DESKTOP-M4PIKSF\dani,0x0000313C,Thread,,<Nonexistent process>(15840): 15236,READ_CONTROL|DELETE|SYNCHRONIZE|WRITE_DAC|WRITE_OWNER|THREAD_ALL_ACCESS
ReetFPS.exe,15040,DESKTOP-M4PIKSF\dani,0x00003140,Thread,,<Nonexistent process>(15840): 6240,READ_CONTROL|DELETE|SYNCHRONIZE|WRITE_DAC|WRITE_OWNER|THREAD_ALL_ACCESS
ReetFPS.exe,15040,DESKTOP-M4PIKSF\dani,0x00003144,Thread,,<Nonexistent process>(15840): 14856,READ_CONTROL|DELETE|SYNCHRONIZE|WRITE_DAC|WRITE_OWNER|THREAD_ALL_ACCESS
ReetFPS.exe,15040,DESKTOP-M4PIKSF\dani,0x00003148,Thread,,<Nonexistent process>(15664): 19596,READ_CONTROL|DELETE|SYNCHRONIZE|WRITE_DAC|WRITE_OWNER|THREAD_ALL_ACCESS
ReetFPS.exe,15040,DESKTOP-M4PIKSF\dani,0x0000314C,Thread,,<Nonexistent process>(15840): 15980,READ_CONTROL|DELETE|SYNCHRONIZE|WRITE_DAC|WRITE_OWNER|THREAD_ALL_ACCESS
ReetFPS.exe,15040,DESKTOP-M4PIKSF\dani,0x00003150,Thread,,<Nonexistent process>(15840): 17344,READ_CONTROL|DELETE|SYNCHRONIZE|WRITE_DAC|WRITE_OWNER|THREAD_ALL_ACCESS
ReetFPS.exe,15040,DESKTOP-M4PIKSF\dani,0x00003154,Thread,,<Nonexistent process>(15840): 19188,READ_CONTROL|DELETE|SYNCHRONIZE|WRITE_DAC|WRITE_OWNER|THREAD_ALL_ACCESS
ReetFPS.exe,15040,DESKTOP-M4PIKSF\dani,0x00003158,Thread,,<Nonexistent process>(15840): 10544,READ_CONTROL|DELETE|SYNCHRONIZE|WRITE_DAC|WRITE_OWNER|THREAD_ALL_ACCESS
ReetFPS.exe,15040,DESKTOP-M4PIKSF\dani,0x0000315C,Thread,,<Nonexistent process>(15840): 7340,READ_CONTROL|DELETE|SYNCHRONIZE|WRITE_DAC|WRITE_OWNER|THREAD_ALL_ACCESS
ReetFPS.exe,15040,DESKTOP-M4PIKSF\dani,0x00003160,Thread,,<Nonexistent process>(15840): 14812,READ_CONTROL|DELETE|SYNCHRONIZE|WRITE_DAC|WRITE_OWNER|THREAD_ALL_ACCESS
ReetFPS.exe,15040,DESKTOP-M4PIKSF\dani,0x00003164,Thread,,<Nonexistent process>(15840): 2076,READ_CONTROL|DELETE|SYNCHRONIZE|WRITE_DAC|WRITE_OWNER|THREAD_ALL_ACCESS
ReetFPS.exe,15040,DESKTOP-M4PIKSF\dani,0x00003168,Thread,,<Nonexistent process>(15840): 17012,READ_CONTROL|DELETE|SYNCHRONIZE|WRITE_DAC|WRITE_OWNER|THREAD_ALL_ACCESS
ReetFPS.exe,15040,DESKTOP-M4PIKSF\dani,0x0000316C,Thread,,<Nonexistent process>(15840): 14372,READ_CONTROL|DELETE|SYNCHRONIZE|WRITE_DAC|WRITE_OWNER|THREAD_ALL_ACCESS
ReetFPS.exe,15040,DESKTOP-M4PIKSF\dani,0x00003170,Thread,,<Nonexistent process>(15840): 17932,READ_CONTROL|DELETE|SYNCHRONIZE|WRITE_DAC|WRITE_OWNER|THREAD_ALL_ACCESS
ReetFPS.exe,15040,DESKTOP-M4PIKSF\dani,0x00003174,Thread,,<Nonexistent process>(15840): 19380,READ_CONTROL|DELETE|SYNCHRONIZE|WRITE_DAC|WRITE_OWNER|THREAD_ALL_ACCESS
ReetFPS.exe,15040,DESKTOP-M4PIKSF\dani,0x00003178,Thread,,<Nonexistent process>(15840): 17620,READ_CONTROL|DELETE|SYNCHRONIZE|WRITE_DAC|WRITE_OWNER|THREAD_ALL_ACCESS
ReetFPS.exe,15040,DESKTOP-M4PIKSF\dani,0x0000317C,Thread,,<Nonexistent process>(15840): 13568,READ_CONTROL|DELETE|SYNCHRONIZE|WRITE_DAC|WRITE_OWNER|THREAD_ALL_ACCESS
ReetFPS.exe,15040,DESKTOP-M4PIKSF\dani,0x00003180,Thread,,<Nonexistent process>(15840): 19324,READ_CONTROL|DELETE|SYNCHRONIZE|WRITE_DAC|WRITE_OWNER|THREAD_ALL_ACCESS
ReetFPS.exe,15040,DESKTOP-M4PIKSF\dani,0x00003184,Thread,,<Nonexistent process>(15840): 13496,READ_CONTROL|DELETE|SYNCHRONIZE|WRITE_DAC|WRITE_OWNER|THREAD_ALL_ACCESS
ReetFPS.exe,15040,DESKTOP-M4PIKSF\dani,0x00003188,Thread,,<Nonexistent process>(15840): 14556,READ_CONTROL|DELETE|SYNCHRONIZE|WRITE_DAC|WRITE_OWNER|THREAD_ALL_ACCESS
ReetFPS.exe,15040,DESKTOP-M4PIKSF\dani,0x0000318C,Thread,,<Nonexistent process>(15840): 5312,READ_CONTROL|DELETE|SYNCHRONIZE|WRITE_DAC|WRITE_OWNER|THREAD_ALL_ACCESS
ReetFPS.exe,15040,DESKTOP-M4PIKSF\dani,0x00003190,Thread,,<Nonexistent process>(15840): 13864,READ_CONTROL|DELETE|SYNCHRONIZE|WRITE_DAC|WRITE_OWNER|THREAD_ALL_ACCESS
ReetFPS.exe,15040,DESKTOP-M4PIKSF\dani,0x00003194,Thread,,<Nonexistent process>(15840): 9916,READ_CONTROL|DELETE|SYNCHRONIZE|WRITE_DAC|WRITE_OWNER|THREAD_ALL_ACCESS
ReetFPS.exe,15040,DESKTOP-M4PIKSF\dani,0x00003198,Thread,,<Nonexistent process>(15840): 320,READ_CONTROL|DELETE|SYNCHRONIZE|WRITE_DAC|WRITE_OWNER|THREAD_ALL_ACCESS
ReetFPS.exe,15040,DESKTOP-M4PIKSF\dani,0x0000319C,Thread,,<Nonexistent process>(15840): 4608,READ_CONTROL|DELETE|SYNCHRONIZE|WRITE_DAC|WRITE_OWNER|THREAD_ALL_ACCESS
ReetFPS.exe,15040,DESKTOP-M4PIKSF\dani,0x000031A0,Thread,,<Nonexistent process>(15840): 17252,READ_CONTROL|DELETE|SYNCHRONIZE|WRITE_DAC|WRITE_OWNER|THREAD_ALL_ACCESS
ReetFPS.exe,15040,DESKTOP-M4PIKSF\dani,0x000031A4,Thread,,<Nonexistent process>(15840): 3052,READ_CONTROL|DELETE|SYNCHRONIZE|WRITE_DAC|WRITE_OWNER|THREAD_ALL_ACCESS
ReetFPS.exe,15040,DESKTOP-M4PIKSF\dani,0x000031A8,Thread,,<Nonexistent process>(15840): 14460,READ_CONTROL|DELETE|SYNCHRONIZE|WRITE_DAC|WRITE_OWNER|THREAD_ALL_ACCESS
ReetFPS.exe,15040,DESKTOP-M4PIKSF\dani,0x000031AC,Thread,,<Nonexistent process>(15840): 8940,READ_CONTROL|DELETE|SYNCHRONIZE|WRITE_DAC|WRITE_OWNER|THREAD_ALL_ACCESS
ReetFPS.exe,15040,DESKTOP-M4PIKSF\dani,0x000031B0,Thread,,<Nonexistent process>(15840): 5308,READ_CONTROL|DELETE|SYNCHRONIZE|WRITE_DAC|WRITE_OWNER|THREAD_ALL_ACCESS
ReetFPS.exe,15040,DESKTOP-M4PIKSF\dani,0x000031B4,Thread,,<Nonexistent process>(15840): 15976,READ_CONTROL|DELETE|SYNCHRONIZE|WRITE_DAC|WRITE_OWNER|THREAD_ALL_ACCESS
ReetFPS.exe,15040,DESKTOP-M4PIKSF\dani,0x000031B8,Thread,,<Nonexistent process>(15840): 18980,READ_CONTROL|DELETE|SYNCHRONIZE|WRITE_DAC|WRITE_OWNER|THREAD_ALL_ACCESS
ReetFPS.exe,15040,DESKTOP-M4PIKSF\dani,0x000031BC,Thread,,<Nonexistent process>(15840): 18032,READ_CONTROL|DELETE|SYNCHRONIZE|WRITE_DAC|WRITE_OWNER|THREAD_ALL_ACCESS
ReetFPS.exe,15040,DESKTOP-M4PIKSF\dani,0x000031C0,Thread,,<Nonexistent process>(15840): 14904,READ_CONTROL|DELETE|SYNCHRONIZE|WRITE_DAC|WRITE_OWNER|THREAD_ALL_ACCESS
ReetFPS.exe,15040,DESKTOP-M4PIKSF\dani,0x000031C4,Thread,,<Nonexistent process>(15840): 16164,READ_CONTROL|DELETE|SYNCHRONIZE|WRITE_DAC|WRITE_OWNER|THREAD_ALL_ACCESS
ReetFPS.exe,15040,DESKTOP-M4PIKSF\dani,0x000031C8,Thread,,<Nonexistent process>(15840): 14400,READ_CONTROL|DELETE|SYNCHRONIZE|WRITE_DAC|WRITE_OWNER|THREAD_ALL_ACCESS
ReetFPS.exe,15040,DESKTOP-M4PIKSF\dani,0x000031CC,Thread,,<Nonexistent process>(15840): 12696,READ_CONTROL|DELETE|SYNCHRONIZE|WRITE_DAC|WRITE_OWNER|THREAD_ALL_ACCESS
ReetFPS.exe,15040,DESKTOP-M4PIKSF\dani,0x000031D0,Thread,,<Nonexistent process>(15840): 13404,READ_CONTROL|DELETE|SYNCHRONIZE|WRITE_DAC|WRITE_OWNER|THREAD_ALL_ACCESS
ReetFPS.exe,15040,DESKTOP-M4PIKSF\dani,0x000031D4,Thread,,<Nonexistent process>(15840): 19308,READ_CONTROL|DELETE|SYNCHRONIZE|WRITE_DAC|WRITE_OWNER|THREAD_ALL_ACCESS
ReetFPS.exe,15040,DESKTOP-M4PIKSF\dani,0x000031D8,Thread,,<Nonexistent process>(15840): 17800,READ_CONTROL|DELETE|SYNCHRONIZE|WRITE_DAC|WRITE_OWNER|THREAD_ALL_ACCESS
ReetFPS.exe,15040,DESKTOP-M4PIKSF\dani,0x000031DC,Thread,,<Nonexistent process>(15840): 18860,READ_CONTROL|DELETE|SYNCHRONIZE|WRITE_DAC|WRITE_OWNER|THREAD_ALL_ACCESS
ReetFPS.exe,15040,DESKTOP-M4PIKSF\dani,0x000031E0,Thread,,<Nonexistent process>(15840): 19036,READ_CONTROL|DELETE|SYNCHRONIZE|WRITE_DAC|WRITE_OWNER|THREAD_ALL_ACCESS
ReetFPS.exe,15040,DESKTOP-M4PIKSF\dani,0x000031E4,Thread,,<Nonexistent process>(15840): 14636,READ_CONTROL|DELETE|SYNCHRONIZE|WRITE_DAC|WRITE_OWNER|THREAD_ALL_ACCESS
ReetFPS.exe,15040,DESKTOP-M4PIKSF\dani,0x000031E8,Thread,,<Nonexistent process>(15840): 18936,READ_CONTROL|DELETE|SYNCHRONIZE|WRITE_DAC|WRITE_OWNER|THREAD_ALL_ACCESS
ReetFPS.exe,15040,DESKTOP-M4PIKSF\dani,0x000031EC,Thread,,<Nonexistent process>(15840): 18752,READ_CONTROL|DELETE|SYNCHRONIZE|WRITE_DAC|WRITE_OWNER|THREAD_ALL_ACCESS
ReetFPS.exe,15040,DESKTOP-M4PIKSF\dani,0x000031F0,Thread,,<Nonexistent process>(15840): 17860,READ_CONTROL|DELETE|SYNCHRONIZE|WRITE_DAC|WRITE_OWNER|THREAD_ALL_ACCESS
ReetFPS.exe,15040,DESKTOP-M4PIKSF\dani,0x000031F4,Thread,,<Nonexistent process>(15840): 7736,READ_CONTROL|DELETE|SYNCHRONIZE|WRITE_DAC|WRITE_OWNER|THREAD_ALL_ACCESS
ReetFPS.exe,15040,DESKTOP-M4PIKSF\dani,0x000031F8,Thread,,<Nonexistent process>(15840): 18848,READ_CONTROL|DELETE|SYNCHRONIZE|WRITE_DAC|WRITE_OWNER|THREAD_ALL_ACCESS
ReetFPS.exe,15040,DESKTOP-M4PIKSF\dani,0x000031FC,Thread,,<Nonexistent process>(15840): 2588,READ_CONTROL|DELETE|SYNCHRONIZE|WRITE_DAC|WRITE_OWNER|THREAD_ALL_ACCESS
ReetFPS.exe,15040,DESKTOP-M4PIKSF\dani,0x00003200,Thread,,<Nonexistent process>(15840): 18316,READ_CONTROL|DELETE|SYNCHRONIZE|WRITE_DAC|WRITE_OWNER|THREAD_ALL_ACCESS
ReetFPS.exe,15040,DESKTOP-M4PIKSF\dani,0x00003204,Thread,,<Nonexistent process>(15840): 14604,READ_CONTROL|DELETE|SYNCHRONIZE|WRITE_DAC|WRITE_OWNER|THREAD_ALL_ACCESS
ReetFPS.exe,15040,DESKTOP-M4PIKSF\dani,0x00003208,Thread,,<Nonexistent process>(15840): 9792,READ_CONTROL|DELETE|SYNCHRONIZE|WRITE_DAC|WRITE_OWNER|THREAD_ALL_ACCESS
ReetFPS.exe,15040,DESKTOP-M4PIKSF\dani,0x0000320C,Thread,,<Nonexistent process>(15840): 18876,READ_CONTROL|DELETE|SYNCHRONIZE|WRITE_DAC|WRITE_OWNER|THREAD_ALL_ACCESS
ReetFPS.exe,15040,DESKTOP-M4PIKSF\dani,0x00003210,Thread,,<Nonexistent process>(15840): 18768,READ_CONTROL|DELETE|SYNCHRONIZE|WRITE_DAC|WRITE_OWNER|THREAD_ALL_ACCESS
ReetFPS.exe,15040,DESKTOP-M4PIKSF\dani,0x00003214,Thread,,<Nonexistent process>(15840): 18664,READ_CONTROL|DELETE|SYNCHRONIZE|WRITE_DAC|WRITE_OWNER|THREAD_ALL_ACCESS
ReetFPS.exe,15040,DESKTOP-M4PIKSF\dani,0x00003218,Thread,,<Nonexistent process>(15840): 17060,READ_CONTROL|DELETE|SYNCHRONIZE|WRITE_DAC|WRITE_OWNER|THREAD_ALL_ACCESS
ReetFPS.exe,15040,DESKTOP-M4PIKSF\dani,0x0000321C,Thread,,<Nonexistent process>(15840): 17184,READ_CONTROL|DELETE|SYNCHRONIZE|WRITE_DAC|WRITE_OWNER|THREAD_ALL_ACCESS
ReetFPS.exe,15040,DESKTOP-M4PIKSF\dani,0x00003220,Thread,,<Nonexistent process>(15840): 18804,READ_CONTROL|DELETE|SYNCHRONIZE|WRITE_DAC|WRITE_OWNER|THREAD_ALL_ACCESS
ReetFPS.exe,15040,DESKTOP-M4PIKSF\dani,0x00003224,Thread,,<Nonexistent process>(15840): 14696,READ_CONTROL|DELETE|SYNCHRONIZE|WRITE_DAC|WRITE_OWNER|THREAD_ALL_ACCESS
ReetFPS.exe,15040,DESKTOP-M4PIKSF\dani,0x00003228,Thread,,<Nonexistent process>(15840): 6816,READ_CONTROL|DELETE|SYNCHRONIZE|WRITE_DAC|WRITE_OWNER|THREAD_ALL_ACCESS
ReetFPS.exe,15040,DESKTOP-M4PIKSF\dani,0x0000322C,Thread,,<Nonexistent process>(15840): 19372,READ_CONTROL|DELETE|SYNCHRONIZE|WRITE_DAC|WRITE_OWNER|THREAD_ALL_ACCESS
ReetFPS.exe,15040,DESKTOP-M4PIKSF\dani,0x00003230,Thread,,<Nonexistent process>(15840): 2120,READ_CONTROL|DELETE|SYNCHRONIZE|WRITE_DAC|WRITE_OWNER|THREAD_ALL_ACCESS
ReetFPS.exe,15040,DESKTOP-M4PIKSF\dani,0x00003234,Thread,,<Nonexistent process>(15840): 15668,READ_CONTROL|DELETE|SYNCHRONIZE|WRITE_DAC|WRITE_OWNER|THREAD_ALL_ACCESS
ReetFPS.exe,15040,DESKTOP-M4PIKSF\dani,0x00003238,Thread,,<Nonexistent process>(15840): 15956,READ_CONTROL|DELETE|SYNCHRONIZE|WRITE_DAC|WRITE_OWNER|THREAD_ALL_ACCESS
ReetFPS.exe,15040,DESKTOP-M4PIKSF\dani,0x0000323C,Thread,,<Nonexistent process>(15840): 17656,READ_CONTROL|DELETE|SYNCHRONIZE|WRITE_DAC|WRITE_OWNER|THREAD_ALL_ACCESS
ReetFPS.exe,15040,DESKTOP-M4PIKSF\dani,0x00003240,Thread,,<Nonexistent process>(15840): 1524,READ_CONTROL|DELETE|SYNCHRONIZE|WRITE_DAC|WRITE_OWNER|THREAD_ALL_ACCESS
ReetFPS.exe,15040,DESKTOP-M4PIKSF\dani,0x00003244,Thread,,<Nonexistent process>(15840): 8096,READ_CONTROL|DELETE|SYNCHRONIZE|WRITE_DAC|WRITE_OWNER|THREAD_ALL_ACCESS
ReetFPS.exe,15040,DESKTOP-M4PIKSF\dani,0x00003248,Thread,,<Nonexistent process>(15840): 18836,READ_CONTROL|DELETE|SYNCHRONIZE|WRITE_DAC|WRITE_OWNER|THREAD_ALL_ACCESS
ReetFPS.exe,15040,DESKTOP-M4PIKSF\dani,0x0000324C,Thread,,<Nonexistent process>(15840): 18308,READ_CONTROL|DELETE|SYNCHRONIZE|WRITE_DAC|WRITE_OWNER|THREAD_ALL_ACCESS
ReetFPS.exe,15040,DESKTOP-M4PIKSF\dani,0x00003250,Thread,,<Nonexistent process>(15840): 16500,READ_CONTROL|DELETE|SYNCHRONIZE|WRITE_DAC|WRITE_OWNER|THREAD_ALL_ACCESS
ReetFPS.exe,15040,DESKTOP-M4PIKSF\dani,0x00003254,Thread,,<Nonexistent process>(15840): 17732,READ_CONTROL|DELETE|SYNCHRONIZE|WRITE_DAC|WRITE_OWNER|THREAD_ALL_ACCESS
ReetFPS.exe,15040,DESKTOP-M4PIKSF\dani,0x00003258,Thread,,<Nonexistent process>(15840): 15184,READ_CONTROL|DELETE|SYNCHRONIZE|WRITE_DAC|WRITE_OWNER|THREAD_ALL_ACCESS
ReetFPS.exe,15040,DESKTOP-M4PIKSF\dani,0x0000325C,Thread,,<Nonexistent process>(15840): 18604,READ_CONTROL|DELETE|SYNCHRONIZE|WRITE_DAC|WRITE_OWNER|THREAD_ALL_ACCESS
ReetFPS.exe,15040,DESKTOP-M4PIKSF\dani,0x00003260,Thread,,<Nonexistent process>(15840): 18492,READ_CONTROL|DELETE|SYNCHRONIZE|WRITE_DAC|WRITE_OWNER|THREAD_ALL_ACCESS
ReetFPS.exe,15040,DESKTOP-M4PIKSF\dani,0x00003264,Thread,,<Nonexistent process>(15840): 18724,READ_CONTROL|DELETE|SYNCHRONIZE|WRITE_DAC|WRITE_OWNER|THREAD_ALL_ACCESS
ReetFPS.exe,15040,DESKTOP-M4PIKSF\dani,0x00003268,Thread,,<Nonexistent process>(15840): 18676,READ_CONTROL|DELETE|SYNCHRONIZE|WRITE_DAC|WRITE_OWNER|THREAD_ALL_ACCESS
ReetFPS.exe,15040,DESKTOP-M4PIKSF\dani,0x0000326C,Thread,,<Nonexistent process>(15840): 18628,READ_CONTROL|DELETE|SYNCHRONIZE|WRITE_DAC|WRITE_OWNER|THREAD_ALL_ACCESS
ReetFPS.exe,15040,DESKTOP-M4PIKSF\dani,0x00003270,Thread,,<Nonexistent process>(15840): 13820,READ_CONTROL|DELETE|SYNCHRONIZE|WRITE_DAC|WRITE_OWNER|THREAD_ALL_ACCESS
ReetFPS.exe,15040,DESKTOP-M4PIKSF\dani,0x00003274,Thread,,<Nonexistent process>(15840): 16300,READ_CONTROL|DELETE|SYNCHRONIZE|WRITE_DAC|WRITE_OWNER|THREAD_ALL_ACCESS
ReetFPS.exe,15040,DESKTOP-M4PIKSF\dani,0x00003278,Thread,,<Nonexistent process>(15840): 14620,READ_CONTROL|DELETE|SYNCHRONIZE|WRITE_DAC|WRITE_OWNER|THREAD_ALL_ACCESS
ReetFPS.exe,15040,DESKTOP-M4PIKSF\dani,0x0000327C,Thread,,<Nonexistent process>(15840): 15856,READ_CONTROL|DELETE|SYNCHRONIZE|WRITE_DAC|WRITE_OWNER|THREAD_ALL_ACCESS
ReetFPS.exe,15040,DESKTOP-M4PIKSF\dani,0x00003280,Thread,,<Nonexistent process>(15840): 18376,READ_CONTROL|DELETE|SYNCHRONIZE|WRITE_DAC|WRITE_OWNER|THREAD_ALL_ACCESS
ReetFPS.exe,15040,DESKTOP-M4PIKSF\dani,0x00003284,Thread,,<Nonexistent process>(15840): 17996,READ_CONTROL|DELETE|SYNCHRONIZE|WRITE_DAC|WRITE_OWNER|THREAD_ALL_ACCESS
ReetFPS.exe,15040,DESKTOP-M4PIKSF\dani,0x00003288,Thread,,<Nonexistent process>(15840): 19344,READ_CONTROL|DELETE|SYNCHRONIZE|WRITE_DAC|WRITE_OWNER|THREAD_ALL_ACCESS
ReetFPS.exe,15040,DESKTOP-M4PIKSF\dani,0x0000328C,Thread,,<Nonexistent process>(15840): 18924,READ_CONTROL|DELETE|SYNCHRONIZE|WRITE_DAC|WRITE_OWNER|THREAD_ALL_ACCESS
ReetFPS.exe,15040,DESKTOP-M4PIKSF\dani,0x00003290,Thread,,<Nonexistent process>(15840): 16440,READ_CONTROL|DELETE|SYNCHRONIZE|WRITE_DAC|WRITE_OWNER|THREAD_ALL_ACCESS
ReetFPS.exe,15040,DESKTOP-M4PIKSF\dani,0x00003294,Thread,,<Nonexistent process>(15840): 19096,READ_CONTROL|DELETE|SYNCHRONIZE|WRITE_DAC|WRITE_OWNER|THREAD_ALL_ACCESS
ReetFPS.exe,15040,DESKTOP-M4PIKSF\dani,0x00003298,Thread,,<Nonexistent process>(15840): 10236,READ_CONTROL|DELETE|SYNCHRONIZE|WRITE_DAC|WRITE_OWNER|THREAD_ALL_ACCESS
ReetFPS.exe,15040,DESKTOP-M4PIKSF\dani,0x0000329C,Thread,,<Nonexistent process>(15840): 17668,READ_CONTROL|DELETE|SYNCHRONIZE|WRITE_DAC|WRITE_OWNER|THREAD_ALL_ACCESS
ReetFPS.exe,15040,DESKTOP-M4PIKSF\dani,0x000032A0,Thread,,<Nonexistent process>(15840): 19092,READ_CONTROL|DELETE|SYNCHRONIZE|WRITE_DAC|WRITE_OWNER|THREAD_ALL_ACCESS
ReetFPS.exe,15040,DESKTOP-M4PIKSF\dani,0x000032A4,Thread,,<Nonexistent process>(15840): 19100,READ_CONTROL|DELETE|SYNCHRONIZE|WRITE_DAC|WRITE_OWNER|THREAD_ALL_ACCESS
ReetFPS.exe,15040,DESKTOP-M4PIKSF\dani,0x000032A8,Thread,,<Nonexistent process>(15840): 19104,READ_CONTROL|DELETE|SYNCHRONIZE|WRITE_DAC|WRITE_OWNER|THREAD_ALL_ACCESS
ReetFPS.exe,15040,DESKTOP-M4PIKSF\dani,0x000032AC,Thread,,<Nonexistent process>(15840): 14816,READ_CONTROL|DELETE|SYNCHRONIZE|WRITE_DAC|WRITE_OWNER|THREAD_ALL_ACCESS
ReetFPS.exe,15040,DESKTOP-M4PIKSF\dani,0x000032B0,Thread,,<Nonexistent process>(15840): 17616,READ_CONTROL|DELETE|SYNCHRONIZE|WRITE_DAC|WRITE_OWNER|THREAD_ALL_ACCESS
ReetFPS.exe,15040,DESKTOP-M4PIKSF\dani,0x000032B4,Thread,,<Nonexistent process>(15840): 15972,READ_CONTROL|DELETE|SYNCHRONIZE|WRITE_DAC|WRITE_OWNER|THREAD_ALL_ACCESS
ReetFPS.exe,15040,DESKTOP-M4PIKSF\dani,0x000032B8,Thread,,<Nonexistent process>(15840): 17508,READ_CONTROL|DELETE|SYNCHRONIZE|WRITE_DAC|WRITE_OWNER|THREAD_ALL_ACCESS
ReetFPS.exe,15040,DESKTOP-M4PIKSF\dani,0x000032BC,Thread,,<Nonexistent process>(15840): 13884,READ_CONTROL|DELETE|SYNCHRONIZE|WRITE_DAC|WRITE_OWNER|THREAD_ALL_ACCESS
ReetFPS.exe,15040,DESKTOP-M4PIKSF\dani,0x000032C0,Thread,,<Nonexistent process>(15840): 18728,READ_CONTROL|DELETE|SYNCHRONIZE|WRITE_DAC|WRITE_OWNER|THREAD_ALL_ACCESS
ReetFPS.exe,15040,DESKTOP-M4PIKSF\dani,0x000032C4,Thread,,<Nonexistent process>(15840): 17928,READ_CONTROL|DELETE|SYNCHRONIZE|WRITE_DAC|WRITE_OWNER|THREAD_ALL_ACCESS
ReetFPS.exe,15040,DESKTOP-M4PIKSF\dani,0x000032C8,Thread,,<Nonexistent process>(15840): 13700,READ_CONTROL|DELETE|SYNCHRONIZE|WRITE_DAC|WRITE_OWNER|THREAD_ALL_ACCESS
ReetFPS.exe,15040,DESKTOP-M4PIKSF\dani,0x000032CC,Thread,,<Nonexistent process>(15840): 18812,READ_CONTROL|DELETE|SYNCHRONIZE|WRITE_DAC|WRITE_OWNER|THREAD_ALL_ACCESS
ReetFPS.exe,15040,DESKTOP-M4PIKSF\dani,0x000032D0,Thread,,<Nonexistent process>(15840): 6396,READ_CONTROL|DELETE|SYNCHRONIZE|WRITE_DAC|WRITE_OWNER|THREAD_ALL_ACCESS
ReetFPS.exe,15040,DESKTOP-M4PIKSF\dani,0x000032D4,Thread,,<Nonexistent process>(15840): 14580,READ_CONTROL|DELETE|SYNCHRONIZE|WRITE_DAC|WRITE_OWNER|THREAD_ALL_ACCESS
ReetFPS.exe,15040,DESKTOP-M4PIKSF\dani,0x000032D8,Thread,,<Nonexistent process>(15840): 16532,READ_CONTROL|DELETE|SYNCHRONIZE|WRITE_DAC|WRITE_OWNER|THREAD_ALL_ACCESS
ReetFPS.exe,15040,DESKTOP-M4PIKSF\dani,0x000032DC,Thread,,<Nonexistent process>(15840): 17024,READ_CONTROL|DELETE|SYNCHRONIZE|WRITE_DAC|WRITE_OWNER|THREAD_ALL_ACCESS
ReetFPS.exe,15040,DESKTOP-M4PIKSF\dani,0x000032E0,Thread,,<Nonexistent process>(15840): 17064,READ_CONTROL|DELETE|SYNCHRONIZE|WRITE_DAC|WRITE_OWNER|THREAD_ALL_ACCESS
ReetFPS.exe,15040,DESKTOP-M4PIKSF\dani,0x000032E4,Thread,,<Nonexistent process>(15840): 18380,READ_CONTROL|DELETE|SYNCHRONIZE|WRITE_DAC|WRITE_OWNER|THREAD_ALL_ACCESS
ReetFPS.exe,15040,DESKTOP-M4PIKSF\dani,0x000032E8,Thread,,<Nonexistent process>(15840): 15428,READ_CONTROL|DELETE|SYNCHRONIZE|WRITE_DAC|WRITE_OWNER|THREAD_ALL_ACCESS
ReetFPS.exe,15040,DESKTOP-M4PIKSF\dani,0x000032EC,Thread,,<Nonexistent process>(15840): 2500,READ_CONTROL|DELETE|SYNCHRONIZE|WRITE_DAC|WRITE_OWNER|THREAD_ALL_ACCESS
ReetFPS.exe,15040,DESKTOP-M4PIKSF\dani,0x000032F0,Thread,,<Nonexistent process>(15840): 14768,READ_CONTROL|DELETE|SYNCHRONIZE|WRITE_DAC|WRITE_OWNER|THREAD_ALL_ACCESS
ReetFPS.exe,15040,DESKTOP-M4PIKSF\dani,0x000032F4,Thread,,<Nonexistent process>(15840): 4392,READ_CONTROL|DELETE|SYNCHRONIZE|WRITE_DAC|WRITE_OWNER|THREAD_ALL_ACCESS
ReetFPS.exe,15040,DESKTOP-M4PIKSF\dani,0x000032F8,Thread,,<Nonexistent process>(15840): 14852,READ_CONTROL|DELETE|SYNCHRONIZE|WRITE_DAC|WRITE_OWNER|THREAD_ALL_ACCESS
ReetFPS.exe,15040,DESKTOP-M4PIKSF\dani,0x000032FC,Thread,,PointBlank.exe(20388): 21500,READ_CONTROL|DELETE|SYNCHRONIZE|WRITE_DAC|WRITE_OWNER|THREAD_ALL_ACCESS
ReetFPS.exe,15040,DESKTOP-M4PIKSF\dani,0x00003300,Section,,,READ_CONTROL|DELETE|WRITE_DAC|WRITE_OWNER|QUERY|MAP_WRITE|MAP_READ
ReetFPS.exe,15040,DESKTOP-M4PIKSF\dani,0x00003304,Section,,,READ_CONTROL|DELETE|WRITE_DAC|WRITE_OWNER|QUERY|MAP_WRITE|MAP_READ
ReetFPS.exe,15040,DESKTOP-M4PIKSF\dani,0x00003308,Thread,,<Nonexistent process>(15840): 14656,READ_CONTROL|DELETE|SYNCHRONIZE|WRITE_DAC|WRITE_OWNER|THREAD_ALL_ACCESS
ReetFPS.exe,15040,DESKTOP-M4PIKSF\dani,0x0000330C,Thread,,<Nonexistent process>(15840): 17552,READ_CONTROL|DELETE|SYNCHRONIZE|WRITE_DAC|WRITE_OWNER|THREAD_ALL_ACCESS
ReetFPS.exe,15040,DESKTOP-M4PIKSF\dani,0x00003310,Thread,,<Nonexistent process>(15840): 19436,READ_CONTROL|DELETE|SYNCHRONIZE|WRITE_DAC|WRITE_OWNER|THREAD_ALL_ACCESS
ReetFPS.exe,15040,DESKTOP-M4PIKSF\dani,0x00003314,Thread,,<Nonexistent process>(15840): 11420,READ_CONTROL|DELETE|SYNCHRONIZE|WRITE_DAC|WRITE_OWNER|THREAD_ALL_ACCESS
ReetFPS.exe,15040,DESKTOP-M4PIKSF\dani,0x00003318,Thread,,<Nonexistent process>(15840): 14528,READ_CONTROL|DELETE|SYNCHRONIZE|WRITE_DAC|WRITE_OWNER|THREAD_ALL_ACCESS
ReetFPS.exe,15040,DESKTOP-M4PIKSF\dani,0x0000331C,Thread,,<Nonexistent process>(15840): 16088,READ_CONTROL|DELETE|SYNCHRONIZE|WRITE_DAC|WRITE_OWNER|THREAD_ALL_ACCESS
ReetFPS.exe,15040,DESKTOP-M4PIKSF\dani,0x00003320,Thread,,<Nonexistent process>(15840): 17300,READ_CONTROL|DELETE|SYNCHRONIZE|WRITE_DAC|WRITE_OWNER|THREAD_ALL_ACCESS
ReetFPS.exe,15040,DESKTOP-M4PIKSF\dani,0x00003324,Thread,,<Nonexistent process>(15840): 19352,READ_CONTROL|DELETE|SYNCHRONIZE|WRITE_DAC|WRITE_OWNER|THREAD_ALL_ACCESS
ReetFPS.exe,15040,DESKTOP-M4PIKSF\dani,0x00003328,Thread,,<Nonexistent process>(15840): 19400,READ_CONTROL|DELETE|SYNCHRONIZE|WRITE_DAC|WRITE_OWNER|THREAD_ALL_ACCESS
ReetFPS.exe,15040,DESKTOP-M4PIKSF\dani,0x0000332C,Thread,,<Nonexistent process>(15840): 19320,READ_CONTROL|DELETE|SYNCHRONIZE|WRITE_DAC|WRITE_OWNER|THREAD_ALL_ACCESS
ReetFPS.exe,15040,DESKTOP-M4PIKSF\dani,0x00003330,Thread,,<Nonexistent process>(15664): 19604,READ_CONTROL|DELETE|SYNCHRONIZE|WRITE_DAC|WRITE_OWNER|THREAD_ALL_ACCESS
ReetFPS.exe,15040,DESKTOP-M4PIKSF\dani,0x00003334,Thread,,<Nonexistent process>(15840): 15544,READ_CONTROL|DELETE|SYNCHRONIZE|WRITE_DAC|WRITE_OWNER|THREAD_ALL_ACCESS
ReetFPS.exe,15040,DESKTOP-M4PIKSF\dani,0x00003338,Thread,,<Nonexistent process>(15840): 15688,READ_CONTROL|DELETE|SYNCHRONIZE|WRITE_DAC|WRITE_OWNER|THREAD_ALL_ACCESS
ReetFPS.exe,15040,DESKTOP-M4PIKSF\dani,0x0000333C,Thread,,<Nonexistent process>(15840): 17208,READ_CONTROL|DELETE|SYNCHRONIZE|WRITE_DAC|WRITE_OWNER|THREAD_ALL_ACCESS
ReetFPS.exe,15040,DESKTOP-M4PIKSF\dani,0x00003340,Thread,,<Nonexistent process>(15840): 15812,READ_CONTROL|DELETE|SYNCHRONIZE|WRITE_DAC|WRITE_OWNER|THREAD_ALL_ACCESS
ReetFPS.exe,15040,DESKTOP-M4PIKSF\dani,0x00003344,Thread,,<Nonexistent process>(15840): 13544,READ_CONTROL|DELETE|SYNCHRONIZE|WRITE_DAC|WRITE_OWNER|THREAD_ALL_ACCESS
ReetFPS.exe,15040,DESKTOP-M4PIKSF\dani,0x00003348,Thread,,<Nonexistent process>(15840): 13536,READ_CONTROL|DELETE|SYNCHRONIZE|WRITE_DAC|WRITE_OWNER|THREAD_ALL_ACCESS
ReetFPS.exe,15040,DESKTOP-M4PIKSF\dani,0x0000334C,Thread,,<Nonexistent process>(15840): 14640,READ_CONTROL|DELETE|SYNCHRONIZE|WRITE_DAC|WRITE_OWNER|THREAD_ALL_ACCESS
ReetFPS.exe,15040,DESKTOP-M4PIKSF\dani,0x00003350,Thread,,<Nonexistent process>(15840): 7604,READ_CONTROL|DELETE|SYNCHRONIZE|WRITE_DAC|WRITE_OWNER|THREAD_ALL_ACCESS
ReetFPS.exe,15040,DESKTOP-M4PIKSF\dani,0x00003354,Thread,,<Nonexistent process>(15840): 18408,READ_CONTROL|DELETE|SYNCHRONIZE|WRITE_DAC|WRITE_OWNER|THREAD_ALL_ACCESS
ReetFPS.exe,15040,DESKTOP-M4PIKSF\dani,0x00003358,Thread,,<Nonexistent process>(15840): 18824,READ_CONTROL|DELETE|SYNCHRONIZE|WRITE_DAC|WRITE_OWNER|THREAD_ALL_ACCESS
ReetFPS.exe,15040,DESKTOP-M4PIKSF\dani,0x0000335C,Thread,,<Nonexistent process>(15840): 19348,READ_CONTROL|DELETE|SYNCHRONIZE|WRITE_DAC|WRITE_OWNER|THREAD_ALL_ACCESS
ReetFPS.exe,15040,DESKTOP-M4PIKSF\dani,0x00003360,Thread,,<Nonexistent process>(15840): 18872,READ_CONTROL|DELETE|SYNCHRONIZE|WRITE_DAC|WRITE_OWNER|THREAD_ALL_ACCESS
ReetFPS.exe,15040,DESKTOP-M4PIKSF\dani,0x00003364,Thread,,<Nonexistent process>(15840): 9032,READ_CONTROL|DELETE|SYNCHRONIZE|WRITE_DAC|WRITE_OWNER|THREAD_ALL_ACCESS
ReetFPS.exe,15040,DESKTOP-M4PIKSF\dani,0x00003368,Thread,,<Nonexistent process>(15840): 14700,READ_CONTROL|DELETE|SYNCHRONIZE|WRITE_DAC|WRITE_OWNER|THREAD_ALL_ACCESS
ReetFPS.exe,15040,DESKTOP-M4PIKSF\dani,0x0000336C,Thread,,<Nonexistent process>(15840): 13512,READ_CONTROL|DELETE|SYNCHRONIZE|WRITE_DAC|WRITE_OWNER|THREAD_ALL_ACCESS
ReetFPS.exe,15040,DESKTOP-M4PIKSF\dani,0x00003370,Thread,,<Nonexistent process>(15840): 16988,READ_CONTROL|DELETE|SYNCHRONIZE|WRITE_DAC|WRITE_OWNER|THREAD_ALL_ACCESS
ReetFPS.exe,15040,DESKTOP-M4PIKSF\dani,0x00003374,Thread,,<Nonexistent process>(15840): 9768,READ_CONTROL|DELETE|SYNCHRONIZE|WRITE_DAC|WRITE_OWNER|THREAD_ALL_ACCESS
ReetFPS.exe,15040,DESKTOP-M4PIKSF\dani,0x00003378,Thread,,<Nonexistent process>(15840): 18808,READ_CONTROL|DELETE|SYNCHRONIZE|WRITE_DAC|WRITE_OWNER|THREAD_ALL_ACCESS
ReetFPS.exe,15040,DESKTOP-M4PIKSF\dani,0x0000337C,Thread,,<Nonexistent process>(15840): 19376,READ_CONTROL|DELETE|SYNCHRONIZE|WRITE_DAC|WRITE_OWNER|THREAD_ALL_ACCESS
ReetFPS.exe,15040,DESKTOP-M4PIKSF\dani,0x00003380,Section,,,READ_CONTROL|DELETE|WRITE_DAC|WRITE_OWNER|QUERY|MAP_WRITE|MAP_READ
ReetFPS.exe,15040,DESKTOP-M4PIKSF\dani,0x00003384,Thread,,<Nonexistent process>(15664): 20156,READ_CONTROL|DELETE|SYNCHRONIZE|WRITE_DAC|WRITE_OWNER|THREAD_ALL_ACCESS
ReetFPS.exe,15040,DESKTOP-M4PIKSF\dani,0x00003388,Thread,,<Nonexistent process>(15840): 18352,READ_CONTROL|DELETE|SYNCHRONIZE|WRITE_DAC|WRITE_OWNER|THREAD_ALL_ACCESS
ReetFPS.exe,15040,DESKTOP-M4PIKSF\dani,0x0000338C,Thread,,<Nonexistent process>(15840): 17576,READ_CONTROL|DELETE|SYNCHRONIZE|WRITE_DAC|WRITE_OWNER|THREAD_ALL_ACCESS
ReetFPS.exe,15040,DESKTOP-M4PIKSF\dani,0x00003390,Thread,,<Nonexistent process>(15840): 18016,READ_CONTROL|DELETE|SYNCHRONIZE|WRITE_DAC|WRITE_OWNER|THREAD_ALL_ACCESS
ReetFPS.exe,15040,DESKTOP-M4PIKSF\dani,0x00003394,Thread,,<Nonexistent process>(15840): 6800,READ_CONTROL|DELETE|SYNCHRONIZE|WRITE_DAC|WRITE_OWNER|THREAD_ALL_ACCESS
ReetFPS.exe,15040,DESKTOP-M4PIKSF\dani,0x00003398,Thread,,<Nonexistent process>(15840): 17788,READ_CONTROL|DELETE|SYNCHRONIZE|WRITE_DAC|WRITE_OWNER|THREAD_ALL_ACCESS
ReetFPS.exe,15040,DESKTOP-M4PIKSF\dani,0x0000339C,Thread,,<Nonexistent process>(15840): 19004,READ_CONTROL|DELETE|SYNCHRONIZE|WRITE_DAC|WRITE_OWNER|THREAD_ALL_ACCESS
ReetFPS.exe,15040,DESKTOP-M4PIKSF\dani,0x000033A0,Thread,,<Nonexistent process>(15840): 18796,READ_CONTROL|DELETE|SYNCHRONIZE|WRITE_DAC|WRITE_OWNER|THREAD_ALL_ACCESS
ReetFPS.exe,15040,DESKTOP-M4PIKSF\dani,0x000033A4,Thread,,<Nonexistent process>(15840): 14384,READ_CONTROL|DELETE|SYNCHRONIZE|WRITE_DAC|WRITE_OWNER|THREAD_ALL_ACCESS
ReetFPS.exe,15040,DESKTOP-M4PIKSF\dani,0x000033A8,Thread,,<Nonexistent process>(15840): 18180,READ_CONTROL|DELETE|SYNCHRONIZE|WRITE_DAC|WRITE_OWNER|THREAD_ALL_ACCESS
ReetFPS.exe,15040,DESKTOP-M4PIKSF\dani,0x000033AC,Thread,,<Nonexistent process>(15840): 16596,READ_CONTROL|DELETE|SYNCHRONIZE|WRITE_DAC|WRITE_OWNER|THREAD_ALL_ACCESS
ReetFPS.exe,15040,DESKTOP-M4PIKSF\dani,0x000033B0,Thread,,<Nonexistent process>(15840): 17568,READ_CONTROL|DELETE|SYNCHRONIZE|WRITE_DAC|WRITE_OWNER|THREAD_ALL_ACCESS
ReetFPS.exe,15040,DESKTOP-M4PIKSF\dani,0x000033B4,Thread,,<Nonexistent process>(15664): 19620,READ_CONTROL|DELETE|SYNCHRONIZE|WRITE_DAC|WRITE_OWNER|THREAD_ALL_ACCESS
ReetFPS.exe,15040,DESKTOP-M4PIKSF\dani,0x000033B8,Thread,,<Nonexistent process>(15840): 8852,READ_CONTROL|DELETE|SYNCHRONIZE|WRITE_DAC|WRITE_OWNER|THREAD_ALL_ACCESS
ReetFPS.exe,15040,DESKTOP-M4PIKSF\dani,0x000033BC,Thread,,<Nonexistent process>(15840): 14756,READ_CONTROL|DELETE|SYNCHRONIZE|WRITE_DAC|WRITE_OWNER|THREAD_ALL_ACCESS
ReetFPS.exe,15040,DESKTOP-M4PIKSF\dani,0x000033C0,Thread,,<Nonexistent process>(15664): 19616,READ_CONTROL|DELETE|SYNCHRONIZE|WRITE_DAC|WRITE_OWNER|THREAD_ALL_ACCESS
ReetFPS.exe,15040,DESKTOP-M4PIKSF\dani,0x000033C4,Thread,,<Nonexistent process>(15664): 19588,READ_CONTROL|DELETE|SYNCHRONIZE|WRITE_DAC|WRITE_OWNER|THREAD_ALL_ACCESS
ReetFPS.exe,15040,DESKTOP-M4PIKSF\dani,0x000033C8,Thread,,<Nonexistent process>(15840): 14684,READ_CONTROL|DELETE|SYNCHRONIZE|WRITE_DAC|WRITE_OWNER|THREAD_ALL_ACCESS
ReetFPS.exe,15040,DESKTOP-M4PIKSF\dani,0x000033CC,Section,,,READ_CONTROL|DELETE|WRITE_DAC|WRITE_OWNER|QUERY|MAP_WRITE|MAP_READ
ReetFPS.exe,15040,DESKTOP-M4PIKSF\dani,0x000033D0,Thread,,<Nonexistent process>(15840): 3128,READ_CONTROL|DELETE|SYNCHRONIZE|WRITE_DAC|WRITE_OWNER|THREAD_ALL_ACCESS
ReetFPS.exe,15040,DESKTOP-M4PIKSF\dani,0x000033D4,Thread,,<Nonexistent process>(15664): 19580,READ_CONTROL|DELETE|SYNCHRONIZE|WRITE_DAC|WRITE_OWNER|THREAD_ALL_ACCESS
ReetFPS.exe,15040,DESKTOP-M4PIKSF\dani,0x000033D8,Section,,,READ_CONTROL|DELETE|WRITE_DAC|WRITE_OWNER|QUERY|MAP_WRITE|MAP_READ
ReetFPS.exe,15040,DESKTOP-M4PIKSF\dani,0x000033DC,Thread,,<Nonexistent process>(15664): 19592,READ_CONTROL|DELETE|SYNCHRONIZE|WRITE_DAC|WRITE_OWNER|THREAD_ALL_ACCESS
ReetFPS.exe,15040,DESKTOP-M4PIKSF\dani,0x000033E0,Thread,,<Nonexistent process>(15664): 19584,READ_CONTROL|DELETE|SYNCHRONIZE|WRITE_DAC|WRITE_OWNER|THREAD_ALL_ACCESS
ReetFPS.exe,15040,DESKTOP-M4PIKSF\dani,0x000033E4,Thread,,<Nonexistent process>(15664): 19600,READ_CONTROL|DELETE|SYNCHRONIZE|WRITE_DAC|WRITE_OWNER|THREAD_ALL_ACCESS
ReetFPS.exe,15040,DESKTOP-M4PIKSF\dani,0x000033E8,Thread,,<Nonexistent process>(15664): 19576,READ_CONTROL|DELETE|SYNCHRONIZE|WRITE_DAC|WRITE_OWNER|THREAD_ALL_ACCESS
ReetFPS.exe,15040,DESKTOP-M4PIKSF\dani,0x000033EC,Section,,,READ_CONTROL|DELETE|WRITE_DAC|WRITE_OWNER|QUERY|MAP_WRITE|MAP_READ
ReetFPS.exe,15040,DESKTOP-M4PIKSF\dani,0x000033F0,Thread,,<Nonexistent process>(15664): 19704,READ_CONTROL|DELETE|SYNCHRONIZE|WRITE_DAC|WRITE_OWNER|THREAD_ALL_ACCESS
ReetFPS.exe,15040,DESKTOP-M4PIKSF\dani,0x000033F4,Section,,,READ_CONTROL|DELETE|WRITE_DAC|WRITE_OWNER|QUERY|MAP_WRITE|MAP_READ
ReetFPS.exe,15040,DESKTOP-M4PIKSF\dani,0x000033F8,Thread,,<Nonexistent process>(15664): 19608,READ_CONTROL|DELETE|SYNCHRONIZE|WRITE_DAC|WRITE_OWNER|THREAD_ALL_ACCESS
ReetFPS.exe,15040,DESKTOP-M4PIKSF\dani,0x000033FC,Thread,,<Nonexistent process>(15664): 19612,READ_CONTROL|DELETE|SYNCHRONIZE|WRITE_DAC|WRITE_OWNER|THREAD_ALL_ACCESS
ReetFPS.exe,15040,DESKTOP-M4PIKSF\dani,0x00003404,Thread,,<Nonexistent process>(15664): 19624,READ_CONTROL|DELETE|SYNCHRONIZE|WRITE_DAC|WRITE_OWNER|THREAD_ALL_ACCESS
ReetFPS.exe,15040,DESKTOP-M4PIKSF\dani,0x00003408,Thread,,<Nonexistent process>(15664): 19676,READ_CONTROL|DELETE|SYNCHRONIZE|WRITE_DAC|WRITE_OWNER|THREAD_ALL_ACCESS
ReetFPS.exe,15040,DESKTOP-M4PIKSF\dani,0x0000340C,Thread,,<Nonexistent process>(15664): 19628,READ_CONTROL|DELETE|SYNCHRONIZE|WRITE_DAC|WRITE_OWNER|THREAD_ALL_ACCESS
ReetFPS.exe,15040,DESKTOP-M4PIKSF\dani,0x00003410,Thread,,<Nonexistent process>(15664): 19632,READ_CONTROL|DELETE|SYNCHRONIZE|WRITE_DAC|WRITE_OWNER|THREAD_ALL_ACCESS
ReetFPS.exe,15040,DESKTOP-M4PIKSF\dani,0x00003414,Thread,,<Nonexistent process>(15664): 19636,READ_CONTROL|DELETE|SYNCHRONIZE|WRITE_DAC|WRITE_OWNER|THREAD_ALL_ACCESS
ReetFPS.exe,15040,DESKTOP-M4PIKSF\dani,0x00003418,Thread,,<Nonexistent process>(15664): 19656,READ_CONTROL|DELETE|SYNCHRONIZE|WRITE_DAC|WRITE_OWNER|THREAD_ALL_ACCESS
ReetFPS.exe,15040,DESKTOP-M4PIKSF\dani,0x0000341C,Thread,,<Nonexistent process>(15664): 19640,READ_CONTROL|DELETE|SYNCHRONIZE|WRITE_DAC|WRITE_OWNER|THREAD_ALL_ACCESS
ReetFPS.exe,15040,DESKTOP-M4PIKSF\dani,0x00003420,Thread,,<Nonexistent process>(15664): 19652,READ_CONTROL|DELETE|SYNCHRONIZE|WRITE_DAC|WRITE_OWNER|THREAD_ALL_ACCESS
ReetFPS.exe,15040,DESKTOP-M4PIKSF\dani,0x00003424,Thread,,<Nonexistent process>(15664): 19644,READ_CONTROL|DELETE|SYNCHRONIZE|WRITE_DAC|WRITE_OWNER|THREAD_ALL_ACCESS
ReetFPS.exe,15040,DESKTOP-M4PIKSF\dani,0x00003428,Thread,,<Nonexistent process>(15664): 19648,READ_CONTROL|DELETE|SYNCHRONIZE|WRITE_DAC|WRITE_OWNER|THREAD_ALL_ACCESS
ReetFPS.exe,15040,DESKTOP-M4PIKSF\dani,0x0000342C,Thread,,<Nonexistent process>(15664): 19660,READ_CONTROL|DELETE|SYNCHRONIZE|WRITE_DAC|WRITE_OWNER|THREAD_ALL_ACCESS
ReetFPS.exe,15040,DESKTOP-M4PIKSF\dani,0x00003430,Thread,,<Nonexistent process>(15664): 19672,READ_CONTROL|DELETE|SYNCHRONIZE|WRITE_DAC|WRITE_OWNER|THREAD_ALL_ACCESS
ReetFPS.exe,15040,DESKTOP-M4PIKSF\dani,0x00003434,Thread,,<Nonexistent process>(15664): 19664,READ_CONTROL|DELETE|SYNCHRONIZE|WRITE_DAC|WRITE_OWNER|THREAD_ALL_ACCESS
ReetFPS.exe,15040,DESKTOP-M4PIKSF\dani,0x00003438,Thread,,<Nonexistent process>(15664): 19680,READ_CONTROL|DELETE|SYNCHRONIZE|WRITE_DAC|WRITE_OWNER|THREAD_ALL_ACCESS
ReetFPS.exe,15040,DESKTOP-M4PIKSF\dani,0x0000343C,Thread,,<Nonexistent process>(15664): 19668,READ_CONTROL|DELETE|SYNCHRONIZE|WRITE_DAC|WRITE_OWNER|THREAD_ALL_ACCESS
ReetFPS.exe,15040,DESKTOP-M4PIKSF\dani,0x00003440,Thread,,<Nonexistent process>(15664): 19684,READ_CONTROL|DELETE|SYNCHRONIZE|WRITE_DAC|WRITE_OWNER|THREAD_ALL_ACCESS
ReetFPS.exe,15040,DESKTOP-M4PIKSF\dani,0x00003444,Thread,,<Nonexistent process>(15664): 19688,READ_CONTROL|DELETE|SYNCHRONIZE|WRITE_DAC|WRITE_OWNER|THREAD_ALL_ACCESS
ReetFPS.exe,15040,DESKTOP-M4PIKSF\dani,0x00003448,Thread,,<Nonexistent process>(15664): 19692,READ_CONTROL|DELETE|SYNCHRONIZE|WRITE_DAC|WRITE_OWNER|THREAD_ALL_ACCESS
ReetFPS.exe,15040,DESKTOP-M4PIKSF\dani,0x0000344C,Thread,,<Nonexistent process>(15664): 19708,READ_CONTROL|DELETE|SYNCHRONIZE|WRITE_DAC|WRITE_OWNER|THREAD_ALL_ACCESS
ReetFPS.exe,15040,DESKTOP-M4PIKSF\dani,0x00003450,Thread,,<Nonexistent process>(15664): 19724,READ_CONTROL|DELETE|SYNCHRONIZE|WRITE_DAC|WRITE_OWNER|THREAD_ALL_ACCESS
ReetFPS.exe,15040,DESKTOP-M4PIKSF\dani,0x00003454,Thread,,<Nonexistent process>(15664): 19696,READ_CONTROL|DELETE|SYNCHRONIZE|WRITE_DAC|WRITE_OWNER|THREAD_ALL_ACCESS
ReetFPS.exe,15040,DESKTOP-M4PIKSF\dani,0x00003458,Thread,,<Nonexistent process>(15664): 19700,READ_CONTROL|DELETE|SYNCHRONIZE|WRITE_DAC|WRITE_OWNER|THREAD_ALL_ACCESS
ReetFPS.exe,15040,DESKTOP-M4PIKSF\dani,0x0000345C,Thread,,<Nonexistent process>(15664): 19720,READ_CONTROL|DELETE|SYNCHRONIZE|WRITE_DAC|WRITE_OWNER|THREAD_ALL_ACCESS
ReetFPS.exe,15040,DESKTOP-M4PIKSF\dani,0x00003460,Thread,,<Nonexistent process>(15664): 19712,READ_CONTROL|DELETE|SYNCHRONIZE|WRITE_DAC|WRITE_OWNER|THREAD_ALL_ACCESS
ReetFPS.exe,15040,DESKTOP-M4PIKSF\dani,0x00003464,Thread,,<Nonexistent process>(15664): 19716,READ_CONTROL|DELETE|SYNCHRONIZE|WRITE_DAC|WRITE_OWNER|THREAD_ALL_ACCESS
ReetFPS.exe,15040,DESKTOP-M4PIKSF\dani,0x00003468,Thread,,<Nonexistent process>(15664): 19728,READ_CONTROL|DELETE|SYNCHRONIZE|WRITE_DAC|WRITE_OWNER|THREAD_ALL_ACCESS
ReetFPS.exe,15040,DESKTOP-M4PIKSF\dani,0x0000346C,Thread,,<Nonexistent process>(15664): 19756,READ_CONTROL|DELETE|SYNCHRONIZE|WRITE_DAC|WRITE_OWNER|THREAD_ALL_ACCESS
ReetFPS.exe,15040,DESKTOP-M4PIKSF\dani,0x00003470,Thread,,<Nonexistent process>(15664): 19732,READ_CONTROL|DELETE|SYNCHRONIZE|WRITE_DAC|WRITE_OWNER|THREAD_ALL_ACCESS
ReetFPS.exe,15040,DESKTOP-M4PIKSF\dani,0x00003474,Thread,,<Nonexistent process>(15664): 19740,READ_CONTROL|DELETE|SYNCHRONIZE|WRITE_DAC|WRITE_OWNER|THREAD_ALL_ACCESS
ReetFPS.exe,15040,DESKTOP-M4PIKSF\dani,0x00003478,Thread,,<Nonexistent process>(15664): 19736,READ_CONTROL|DELETE|SYNCHRONIZE|WRITE_DAC|WRITE_OWNER|THREAD_ALL_ACCESS
ReetFPS.exe,15040,DESKTOP-M4PIKSF\dani,0x0000347C,Thread,,<Nonexistent process>(15664): 19744,READ_CONTROL|DELETE|SYNCHRONIZE|WRITE_DAC|WRITE_OWNER|THREAD_ALL_ACCESS
ReetFPS.exe,15040,DESKTOP-M4PIKSF\dani,0x00003480,Thread,,<Nonexistent process>(15664): 19748,READ_CONTROL|DELETE|SYNCHRONIZE|WRITE_DAC|WRITE_OWNER|THREAD_ALL_ACCESS
ReetFPS.exe,15040,DESKTOP-M4PIKSF\dani,0x00003484,Thread,,<Nonexistent process>(15664): 19752,READ_CONTROL|DELETE|SYNCHRONIZE|WRITE_DAC|WRITE_OWNER|THREAD_ALL_ACCESS
ReetFPS.exe,15040,DESKTOP-M4PIKSF\dani,0x00003488,Thread,,<Nonexistent process>(15664): 19812,READ_CONTROL|DELETE|SYNCHRONIZE|WRITE_DAC|WRITE_OWNER|THREAD_ALL_ACCESS
ReetFPS.exe,15040,DESKTOP-M4PIKSF\dani,0x0000348C,Thread,,<Nonexistent process>(15664): 19760,READ_CONTROL|DELETE|SYNCHRONIZE|WRITE_DAC|WRITE_OWNER|THREAD_ALL_ACCESS
ReetFPS.exe,15040,DESKTOP-M4PIKSF\dani,0x00003490,Thread,,<Nonexistent process>(15664): 19764,READ_CONTROL|DELETE|SYNCHRONIZE|WRITE_DAC|WRITE_OWNER|THREAD_ALL_ACCESS
ReetFPS.exe,15040,DESKTOP-M4PIKSF\dani,0x00003494,Thread,,<Nonexistent process>(15664): 19768,READ_CONTROL|DELETE|SYNCHRONIZE|WRITE_DAC|WRITE_OWNER|THREAD_ALL_ACCESS
ReetFPS.exe,15040,DESKTOP-M4PIKSF\dani,0x00003498,Thread,,<Nonexistent process>(15664): 19772,READ_CONTROL|DELETE|SYNCHRONIZE|WRITE_DAC|WRITE_OWNER|THREAD_ALL_ACCESS
ReetFPS.exe,15040,DESKTOP-M4PIKSF\dani,0x0000349C,Thread,,<Nonexistent process>(15664): 19776,READ_CONTROL|DELETE|SYNCHRONIZE|WRITE_DAC|WRITE_OWNER|THREAD_ALL_ACCESS
ReetFPS.exe,15040,DESKTOP-M4PIKSF\dani,0x000034A0,Thread,,<Nonexistent process>(15664): 19796,READ_CONTROL|DELETE|SYNCHRONIZE|WRITE_DAC|WRITE_OWNER|THREAD_ALL_ACCESS
ReetFPS.exe,15040,DESKTOP-M4PIKSF\dani,0x000034A4,Thread,,<Nonexistent process>(15664): 19780,READ_CONTROL|DELETE|SYNCHRONIZE|WRITE_DAC|WRITE_OWNER|THREAD_ALL_ACCESS
ReetFPS.exe,15040,DESKTOP-M4PIKSF\dani,0x000034A8,Thread,,<Nonexistent process>(15664): 19784,READ_CONTROL|DELETE|SYNCHRONIZE|WRITE_DAC|WRITE_OWNER|THREAD_ALL_ACCESS
ReetFPS.exe,15040,DESKTOP-M4PIKSF\dani,0x000034AC,Thread,,<Nonexistent process>(15664): 19788,READ_CONTROL|DELETE|SYNCHRONIZE|WRITE_DAC|WRITE_OWNER|THREAD_ALL_ACCESS
ReetFPS.exe,15040,DESKTOP-M4PIKSF\dani,0x000034B0,Thread,,<Nonexistent process>(15664): 19792,READ_CONTROL|DELETE|SYNCHRONIZE|WRITE_DAC|WRITE_OWNER|THREAD_ALL_ACCESS
ReetFPS.exe,15040,DESKTOP-M4PIKSF\dani,0x000034B4,Thread,,<Nonexistent process>(15664): 19800,READ_CONTROL|DELETE|SYNCHRONIZE|WRITE_DAC|WRITE_OWNER|THREAD_ALL_ACCESS
ReetFPS.exe,15040,DESKTOP-M4PIKSF\dani,0x000034B8,Thread,,<Nonexistent process>(15664): 19944,READ_CONTROL|DELETE|SYNCHRONIZE|WRITE_DAC|WRITE_OWNER|THREAD_ALL_ACCESS
ReetFPS.exe,15040,DESKTOP-M4PIKSF\dani,0x000034BC,Thread,,<Nonexistent process>(15664): 19804,READ_CONTROL|DELETE|SYNCHRONIZE|WRITE_DAC|WRITE_OWNER|THREAD_ALL_ACCESS
ReetFPS.exe,15040,DESKTOP-M4PIKSF\dani,0x000034C0,Thread,,<Nonexistent process>(15664): 19840,READ_CONTROL|DELETE|SYNCHRONIZE|WRITE_DAC|WRITE_OWNER|THREAD_ALL_ACCESS
ReetFPS.exe,15040,DESKTOP-M4PIKSF\dani,0x000034C4,Thread,,<Nonexistent process>(15664): 19808,READ_CONTROL|DELETE|SYNCHRONIZE|WRITE_DAC|WRITE_OWNER|THREAD_ALL_ACCESS
ReetFPS.exe,15040,DESKTOP-M4PIKSF\dani,0x000034C8,Thread,,<Nonexistent process>(15664): 19816,READ_CONTROL|DELETE|SYNCHRONIZE|WRITE_DAC|WRITE_OWNER|THREAD_ALL_ACCESS
ReetFPS.exe,15040,DESKTOP-M4PIKSF\dani,0x000034CC,Thread,,<Nonexistent process>(15664): 19820,READ_CONTROL|DELETE|SYNCHRONIZE|WRITE_DAC|WRITE_OWNER|THREAD_ALL_ACCESS
ReetFPS.exe,15040,DESKTOP-M4PIKSF\dani,0x000034D0,Thread,,<Nonexistent process>(15664): 19824,READ_CONTROL|DELETE|SYNCHRONIZE|WRITE_DAC|WRITE_OWNER|THREAD_ALL_ACCESS
ReetFPS.exe,15040,DESKTOP-M4PIKSF\dani,0x000034D4,Thread,,<Nonexistent process>(15664): 19828,READ_CONTROL|DELETE|SYNCHRONIZE|WRITE_DAC|WRITE_OWNER|THREAD_ALL_ACCESS
ReetFPS.exe,15040,DESKTOP-M4PIKSF\dani,0x000034D8,Thread,,<Nonexistent process>(15664): 19836,READ_CONTROL|DELETE|SYNCHRONIZE|WRITE_DAC|WRITE_OWNER|THREAD_ALL_ACCESS
ReetFPS.exe,15040,DESKTOP-M4PIKSF\dani,0x000034DC,Thread,,<Nonexistent process>(15664): 19832,READ_CONTROL|DELETE|SYNCHRONIZE|WRITE_DAC|WRITE_OWNER|THREAD_ALL_ACCESS
ReetFPS.exe,15040,DESKTOP-M4PIKSF\dani,0x000034E0,Thread,,<Nonexistent process>(15664): 19844,READ_CONTROL|DELETE|SYNCHRONIZE|WRITE_DAC|WRITE_OWNER|THREAD_ALL_ACCESS
ReetFPS.exe,15040,DESKTOP-M4PIKSF\dani,0x000034E4,Thread,,<Nonexistent process>(15664): 19852,READ_CONTROL|DELETE|SYNCHRONIZE|WRITE_DAC|WRITE_OWNER|THREAD_ALL_ACCESS
ReetFPS.exe,15040,DESKTOP-M4PIKSF\dani,0x000034E8,Thread,,<Nonexistent process>(15664): 19848,READ_CONTROL|DELETE|SYNCHRONIZE|WRITE_DAC|WRITE_OWNER|THREAD_ALL_ACCESS
ReetFPS.exe,15040,DESKTOP-M4PIKSF\dani,0x000034EC,Thread,,<Nonexistent process>(15664): 19856,READ_CONTROL|DELETE|SYNCHRONIZE|WRITE_DAC|WRITE_OWNER|THREAD_ALL_ACCESS
ReetFPS.exe,15040,DESKTOP-M4PIKSF\dani,0x000034F0,Thread,,<Nonexistent process>(15664): 19860,READ_CONTROL|DELETE|SYNCHRONIZE|WRITE_DAC|WRITE_OWNER|THREAD_ALL_ACCESS
ReetFPS.exe,15040,DESKTOP-M4PIKSF\dani,0x000034F4,Thread,,<Nonexistent process>(15664): 19864,READ_CONTROL|DELETE|SYNCHRONIZE|WRITE_DAC|WRITE_OWNER|THREAD_ALL_ACCESS
ReetFPS.exe,15040,DESKTOP-M4PIKSF\dani,0x000034F8,Thread,,<Nonexistent process>(15664): 19868,READ_CONTROL|DELETE|SYNCHRONIZE|WRITE_DAC|WRITE_OWNER|THREAD_ALL_ACCESS
ReetFPS.exe,15040,DESKTOP-M4PIKSF\dani,0x000034FC,Thread,,<Nonexistent process>(15664): 19872,READ_CONTROL|DELETE|SYNCHRONIZE|WRITE_DAC|WRITE_OWNER|THREAD_ALL_ACCESS
ReetFPS.exe,15040,DESKTOP-M4PIKSF\dani,0x00003500,Thread,,<Nonexistent process>(15664): 19876,READ_CONTROL|DELETE|SYNCHRONIZE|WRITE_DAC|WRITE_OWNER|THREAD_ALL_ACCESS
ReetFPS.exe,15040,DESKTOP-M4PIKSF\dani,0x00003504,Thread,,<Nonexistent process>(15664): 19888,READ_CONTROL|DELETE|SYNCHRONIZE|WRITE_DAC|WRITE_OWNER|THREAD_ALL_ACCESS
ReetFPS.exe,15040,DESKTOP-M4PIKSF\dani,0x00003508,Thread,,<Nonexistent process>(15664): 19880,READ_CONTROL|DELETE|SYNCHRONIZE|WRITE_DAC|WRITE_OWNER|THREAD_ALL_ACCESS
ReetFPS.exe,15040,DESKTOP-M4PIKSF\dani,0x0000350C,Thread,,<Nonexistent process>(15664): 19884,READ_CONTROL|DELETE|SYNCHRONIZE|WRITE_DAC|WRITE_OWNER|THREAD_ALL_ACCESS
ReetFPS.exe,15040,DESKTOP-M4PIKSF\dani,0x00003510,Thread,,<Nonexistent process>(15664): 19904,READ_CONTROL|DELETE|SYNCHRONIZE|WRITE_DAC|WRITE_OWNER|THREAD_ALL_ACCESS
ReetFPS.exe,15040,DESKTOP-M4PIKSF\dani,0x00003514,Thread,,<Nonexistent process>(15664): 19892,READ_CONTROL|DELETE|SYNCHRONIZE|WRITE_DAC|WRITE_OWNER|THREAD_ALL_ACCESS
ReetFPS.exe,15040,DESKTOP-M4PIKSF\dani,0x00003518,Thread,,<Nonexistent process>(15664): 19896,READ_CONTROL|DELETE|SYNCHRONIZE|WRITE_DAC|WRITE_OWNER|THREAD_ALL_ACCESS
ReetFPS.exe,15040,DESKTOP-M4PIKSF\dani,0x0000351C,Thread,,<Nonexistent process>(15664): 19908,READ_CONTROL|DELETE|SYNCHRONIZE|WRITE_DAC|WRITE_OWNER|THREAD_ALL_ACCESS
ReetFPS.exe,15040,DESKTOP-M4PIKSF\dani,0x00003520,Thread,,<Nonexistent process>(15664): 19900,READ_CONTROL|DELETE|SYNCHRONIZE|WRITE_DAC|WRITE_OWNER|THREAD_ALL_ACCESS
ReetFPS.exe,15040,DESKTOP-M4PIKSF\dani,0x00003524,Thread,,<Nonexistent process>(15664): 19924,READ_CONTROL|DELETE|SYNCHRONIZE|WRITE_DAC|WRITE_OWNER|THREAD_ALL_ACCESS
ReetFPS.exe,15040,DESKTOP-M4PIKSF\dani,0x00003528,Thread,,<Nonexistent process>(15664): 19920,READ_CONTROL|DELETE|SYNCHRONIZE|WRITE_DAC|WRITE_OWNER|THREAD_ALL_ACCESS
ReetFPS.exe,15040,DESKTOP-M4PIKSF\dani,0x0000352C,Thread,,<Nonexistent process>(15664): 19912,READ_CONTROL|DELETE|SYNCHRONIZE|WRITE_DAC|WRITE_OWNER|THREAD_ALL_ACCESS
ReetFPS.exe,15040,DESKTOP-M4PIKSF\dani,0x00003530,Thread,,<Nonexistent process>(15664): 19916,READ_CONTROL|DELETE|SYNCHRONIZE|WRITE_DAC|WRITE_OWNER|THREAD_ALL_ACCESS
ReetFPS.exe,15040,DESKTOP-M4PIKSF\dani,0x00003534,Thread,,<Nonexistent process>(15664): 19928,READ_CONTROL|DELETE|SYNCHRONIZE|WRITE_DAC|WRITE_OWNER|THREAD_ALL_ACCESS
ReetFPS.exe,15040,DESKTOP-M4PIKSF\dani,0x00003538,Thread,,<Nonexistent process>(15664): 19932,READ_CONTROL|DELETE|SYNCHRONIZE|WRITE_DAC|WRITE_OWNER|THREAD_ALL_ACCESS
ReetFPS.exe,15040,DESKTOP-M4PIKSF\dani,0x0000353C,Thread,,<Nonexistent process>(15664): 19936,READ_CONTROL|DELETE|SYNCHRONIZE|WRITE_DAC|WRITE_OWNER|THREAD_ALL_ACCESS
ReetFPS.exe,15040,DESKTOP-M4PIKSF\dani,0x00003540,Thread,,<Nonexistent process>(15664): 19940,READ_CONTROL|DELETE|SYNCHRONIZE|WRITE_DAC|WRITE_OWNER|THREAD_ALL_ACCESS
ReetFPS.exe,15040,DESKTOP-M4PIKSF\dani,0x00003544,Thread,,<Nonexistent process>(15664): 20136,READ_CONTROL|DELETE|SYNCHRONIZE|WRITE_DAC|WRITE_OWNER|THREAD_ALL_ACCESS
ReetFPS.exe,15040,DESKTOP-M4PIKSF\dani,0x00003548,Thread,,<Nonexistent process>(15664): 19948,READ_CONTROL|DELETE|SYNCHRONIZE|WRITE_DAC|WRITE_OWNER|THREAD_ALL_ACCESS
ReetFPS.exe,15040,DESKTOP-M4PIKSF\dani,0x0000354C,Thread,,<Nonexistent process>(15664): 19952,READ_CONTROL|DELETE|SYNCHRONIZE|WRITE_DAC|WRITE_OWNER|THREAD_ALL_ACCESS
ReetFPS.exe,15040,DESKTOP-M4PIKSF\dani,0x00003550,Thread,,<Nonexistent process>(15664): 19956,READ_CONTROL|DELETE|SYNCHRONIZE|WRITE_DAC|WRITE_OWNER|THREAD_ALL_ACCESS
ReetFPS.exe,15040,DESKTOP-M4PIKSF\dani,0x00003554,Thread,,<Nonexistent process>(15664): 19960,READ_CONTROL|DELETE|SYNCHRONIZE|WRITE_DAC|WRITE_OWNER|THREAD_ALL_ACCESS
ReetFPS.exe,15040,DESKTOP-M4PIKSF\dani,0x00003558,Thread,,<Nonexistent process>(15664): 19964,READ_CONTROL|DELETE|SYNCHRONIZE|WRITE_DAC|WRITE_OWNER|THREAD_ALL_ACCESS
ReetFPS.exe,15040,DESKTOP-M4PIKSF\dani,0x0000355C,Thread,,<Nonexistent process>(15664): 19968,READ_CONTROL|DELETE|SYNCHRONIZE|WRITE_DAC|WRITE_OWNER|THREAD_ALL_ACCESS
ReetFPS.exe,15040,DESKTOP-M4PIKSF\dani,0x00003560,Thread,,<Nonexistent process>(15664): 19972,READ_CONTROL|DELETE|SYNCHRONIZE|WRITE_DAC|WRITE_OWNER|THREAD_ALL_ACCESS
ReetFPS.exe,15040,DESKTOP-M4PIKSF\dani,0x00003564,Thread,,<Nonexistent process>(15664): 19976,READ_CONTROL|DELETE|SYNCHRONIZE|WRITE_DAC|WRITE_OWNER|THREAD_ALL_ACCESS
ReetFPS.exe,15040,DESKTOP-M4PIKSF\dani,0x00003568,Thread,,<Nonexistent process>(15664): 19992,READ_CONTROL|DELETE|SYNCHRONIZE|WRITE_DAC|WRITE_OWNER|THREAD_ALL_ACCESS
ReetFPS.exe,15040,DESKTOP-M4PIKSF\dani,0x0000356C,Thread,,<Nonexistent process>(15664): 19980,READ_CONTROL|DELETE|SYNCHRONIZE|WRITE_DAC|WRITE_OWNER|THREAD_ALL_ACCESS
ReetFPS.exe,15040,DESKTOP-M4PIKSF\dani,0x00003570,Thread,,<Nonexistent process>(15664): 19984,READ_CONTROL|DELETE|SYNCHRONIZE|WRITE_DAC|WRITE_OWNER|THREAD_ALL_ACCESS
ReetFPS.exe,15040,DESKTOP-M4PIKSF\dani,0x00003574,Thread,,<Nonexistent process>(15664): 20000,READ_CONTROL|DELETE|SYNCHRONIZE|WRITE_DAC|WRITE_OWNER|THREAD_ALL_ACCESS
ReetFPS.exe,15040,DESKTOP-M4PIKSF\dani,0x00003578,Thread,,<Nonexistent process>(15664): 19988,READ_CONTROL|DELETE|SYNCHRONIZE|WRITE_DAC|WRITE_OWNER|THREAD_ALL_ACCESS
ReetFPS.exe,15040,DESKTOP-M4PIKSF\dani,0x0000357C,Thread,,<Nonexistent process>(15664): 20020,READ_CONTROL|DELETE|SYNCHRONIZE|WRITE_DAC|WRITE_OWNER|THREAD_ALL_ACCESS
ReetFPS.exe,15040,DESKTOP-M4PIKSF\dani,0x00003580,Thread,,<Nonexistent process>(15664): 19996,READ_CONTROL|DELETE|SYNCHRONIZE|WRITE_DAC|WRITE_OWNER|THREAD_ALL_ACCESS
ReetFPS.exe,15040,DESKTOP-M4PIKSF\dani,0x00003584,Thread,,<Nonexistent process>(15664): 20004,READ_CONTROL|DELETE|SYNCHRONIZE|WRITE_DAC|WRITE_OWNER|THREAD_ALL_ACCESS
ReetFPS.exe,15040,DESKTOP-M4PIKSF\dani,0x00003588,Thread,,<Nonexistent process>(15664): 20016,READ_CONTROL|DELETE|SYNCHRONIZE|WRITE_DAC|WRITE_OWNER|THREAD_ALL_ACCESS
ReetFPS.exe,15040,DESKTOP-M4PIKSF\dani,0x0000358C,Thread,,<Nonexistent process>(15664): 20008,READ_CONTROL|DELETE|SYNCHRONIZE|WRITE_DAC|WRITE_OWNER|THREAD_ALL_ACCESS
ReetFPS.exe,15040,DESKTOP-M4PIKSF\dani,0x00003590,Thread,,<Nonexistent process>(15664): 20024,READ_CONTROL|DELETE|SYNCHRONIZE|WRITE_DAC|WRITE_OWNER|THREAD_ALL_ACCESS
ReetFPS.exe,15040,DESKTOP-M4PIKSF\dani,0x00003594,Thread,,<Nonexistent process>(15664): 20012,READ_CONTROL|DELETE|SYNCHRONIZE|WRITE_DAC|WRITE_OWNER|THREAD_ALL_ACCESS
ReetFPS.exe,15040,DESKTOP-M4PIKSF\dani,0x00003598,Thread,,<Nonexistent process>(15664): 20028,READ_CONTROL|DELETE|SYNCHRONIZE|WRITE_DAC|WRITE_OWNER|THREAD_ALL_ACCESS
ReetFPS.exe,15040,DESKTOP-M4PIKSF\dani,0x0000359C,Thread,,<Nonexistent process>(15664): 20032,READ_CONTROL|DELETE|SYNCHRONIZE|WRITE_DAC|WRITE_OWNER|THREAD_ALL_ACCESS
ReetFPS.exe,15040,DESKTOP-M4PIKSF\dani,0x000035A0,Thread,,<Nonexistent process>(15664): 20036,READ_CONTROL|DELETE|SYNCHRONIZE|WRITE_DAC|WRITE_OWNER|THREAD_ALL_ACCESS
ReetFPS.exe,15040,DESKTOP-M4PIKSF\dani,0x000035A4,Thread,,<Nonexistent process>(15664): 20048,READ_CONTROL|DELETE|SYNCHRONIZE|WRITE_DAC|WRITE_OWNER|THREAD_ALL_ACCESS
ReetFPS.exe,15040,DESKTOP-M4PIKSF\dani,0x000035A8,Thread,,<Nonexistent process>(15664): 20040,READ_CONTROL|DELETE|SYNCHRONIZE|WRITE_DAC|WRITE_OWNER|THREAD_ALL_ACCESS
ReetFPS.exe,15040,DESKTOP-M4PIKSF\dani,0x000035AC,Thread,,<Nonexistent process>(15664): 20044,READ_CONTROL|DELETE|SYNCHRONIZE|WRITE_DAC|WRITE_OWNER|THREAD_ALL_ACCESS
ReetFPS.exe,15040,DESKTOP-M4PIKSF\dani,0x000035B0,Thread,,<Nonexistent process>(15664): 20064,READ_CONTROL|DELETE|SYNCHRONIZE|WRITE_DAC|WRITE_OWNER|THREAD_ALL_ACCESS
ReetFPS.exe,15040,DESKTOP-M4PIKSF\dani,0x000035B4,Thread,,<Nonexistent process>(15664): 20052,READ_CONTROL|DELETE|SYNCHRONIZE|WRITE_DAC|WRITE_OWNER|THREAD_ALL_ACCESS
ReetFPS.exe,15040,DESKTOP-M4PIKSF\dani,0x000035B8,Thread,,<Nonexistent process>(15664): 20056,READ_CONTROL|DELETE|SYNCHRONIZE|WRITE_DAC|WRITE_OWNER|THREAD_ALL_ACCESS
ReetFPS.exe,15040,DESKTOP-M4PIKSF\dani,0x000035BC,Thread,,<Nonexistent process>(15664): 20080,READ_CONTROL|DELETE|SYNCHRONIZE|WRITE_DAC|WRITE_OWNER|THREAD_ALL_ACCESS
ReetFPS.exe,15040,DESKTOP-M4PIKSF\dani,0x000035C0,Thread,,<Nonexistent process>(15664): 20060,READ_CONTROL|DELETE|SYNCHRONIZE|WRITE_DAC|WRITE_OWNER|THREAD_ALL_ACCESS
ReetFPS.exe,15040,DESKTOP-M4PIKSF\dani,0x000035C4,Thread,,<Nonexistent process>(15664): 20068,READ_CONTROL|DELETE|SYNCHRONIZE|WRITE_DAC|WRITE_OWNER|THREAD_ALL_ACCESS
ReetFPS.exe,15040,DESKTOP-M4PIKSF\dani,0x000035C8,Thread,,<Nonexistent process>(15664): 20072,READ_CONTROL|DELETE|SYNCHRONIZE|WRITE_DAC|WRITE_OWNER|THREAD_ALL_ACCESS
ReetFPS.exe,15040,DESKTOP-M4PIKSF\dani,0x000035CC,Thread,,<Nonexistent process>(15664): 20084,READ_CONTROL|DELETE|SYNCHRONIZE|WRITE_DAC|WRITE_OWNER|THREAD_ALL_ACCESS
ReetFPS.exe,15040,DESKTOP-M4PIKSF\dani,0x000035D0,Thread,,<Nonexistent process>(15664): 20076,READ_CONTROL|DELETE|SYNCHRONIZE|WRITE_DAC|WRITE_OWNER|THREAD_ALL_ACCESS
ReetFPS.exe,15040,DESKTOP-M4PIKSF\dani,0x000035D4,Thread,,<Nonexistent process>(15664): 20088,READ_CONTROL|DELETE|SYNCHRONIZE|WRITE_DAC|WRITE_OWNER|THREAD_ALL_ACCESS
ReetFPS.exe,15040,DESKTOP-M4PIKSF\dani,0x000035D8,Thread,,<Nonexistent process>(15664): 20092,READ_CONTROL|DELETE|SYNCHRONIZE|WRITE_DAC|WRITE_OWNER|THREAD_ALL_ACCESS
ReetFPS.exe,15040,DESKTOP-M4PIKSF\dani,0x000035DC,Thread,,<Nonexistent process>(15664): 20096,READ_CONTROL|DELETE|SYNCHRONIZE|WRITE_DAC|WRITE_OWNER|THREAD_ALL_ACCESS
ReetFPS.exe,15040,DESKTOP-M4PIKSF\dani,0x000035E0,Thread,,<Nonexistent process>(15664): 20100,READ_CONTROL|DELETE|SYNCHRONIZE|WRITE_DAC|WRITE_OWNER|THREAD_ALL_ACCESS
ReetFPS.exe,15040,DESKTOP-M4PIKSF\dani,0x000035E4,Thread,,<Nonexistent process>(15664): 20104,READ_CONTROL|DELETE|SYNCHRONIZE|WRITE_DAC|WRITE_OWNER|THREAD_ALL_ACCESS
ReetFPS.exe,15040,DESKTOP-M4PIKSF\dani,0x000035E8,Thread,,<Nonexistent process>(15664): 20108,READ_CONTROL|DELETE|SYNCHRONIZE|WRITE_DAC|WRITE_OWNER|THREAD_ALL_ACCESS
ReetFPS.exe,15040,DESKTOP-M4PIKSF\dani,0x000035EC,Thread,,<Nonexistent process>(15664): 20112,READ_CONTROL|DELETE|SYNCHRONIZE|WRITE_DAC|WRITE_OWNER|THREAD_ALL_ACCESS
ReetFPS.exe,15040,DESKTOP-M4PIKSF\dani,0x000035F0,Thread,,<Nonexistent process>(15664): 20116,READ_CONTROL|DELETE|SYNCHRONIZE|WRITE_DAC|WRITE_OWNER|THREAD_ALL_ACCESS
ReetFPS.exe,15040,DESKTOP-M4PIKSF\dani,0x000035F4,Thread,,<Nonexistent process>(15664): 20120,READ_CONTROL|DELETE|SYNCHRONIZE|WRITE_DAC|WRITE_OWNER|THREAD_ALL_ACCESS
ReetFPS.exe,15040,DESKTOP-M4PIKSF\dani,0x000035F8,Thread,,<Nonexistent process>(15664): 20124,READ_CONTROL|DELETE|SYNCHRONIZE|WRITE_DAC|WRITE_OWNER|THREAD_ALL_ACCESS
ReetFPS.exe,15040,DESKTOP-M4PIKSF\dani,0x000035FC,Thread,,<Nonexistent process>(15664): 20420,READ_CONTROL|DELETE|SYNCHRONIZE|WRITE_DAC|WRITE_OWNER|THREAD_ALL_ACCESS
ReetFPS.exe,15040,DESKTOP-M4PIKSF\dani,0x00003600,Thread,,<Nonexistent process>(15664): 20128,READ_CONTROL|DELETE|SYNCHRONIZE|WRITE_DAC|WRITE_OWNER|THREAD_ALL_ACCESS
ReetFPS.exe,15040,DESKTOP-M4PIKSF\dani,0x00003604,Thread,,<Nonexistent process>(15664): 20132,READ_CONTROL|DELETE|SYNCHRONIZE|WRITE_DAC|WRITE_OWNER|THREAD_ALL_ACCESS
ReetFPS.exe,15040,DESKTOP-M4PIKSF\dani,0x00003608,Thread,,<Nonexistent process>(15664): 20140,READ_CONTROL|DELETE|SYNCHRONIZE|WRITE_DAC|WRITE_OWNER|THREAD_ALL_ACCESS
ReetFPS.exe,15040,DESKTOP-M4PIKSF\dani,0x0000360C,Thread,,<Nonexistent process>(15664): 20164,READ_CONTROL|DELETE|SYNCHRONIZE|WRITE_DAC|WRITE_OWNER|THREAD_ALL_ACCESS
ReetFPS.exe,15040,DESKTOP-M4PIKSF\dani,0x00003610,Thread,,<Nonexistent process>(15664): 20144,READ_CONTROL|DELETE|SYNCHRONIZE|WRITE_DAC|WRITE_OWNER|THREAD_ALL_ACCESS
ReetFPS.exe,15040,DESKTOP-M4PIKSF\dani,0x00003614,Thread,,<Nonexistent process>(15664): 20160,READ_CONTROL|DELETE|SYNCHRONIZE|WRITE_DAC|WRITE_OWNER|THREAD_ALL_ACCESS
ReetFPS.exe,15040,DESKTOP-M4PIKSF\dani,0x00003618,Thread,,<Nonexistent process>(15664): 20176,READ_CONTROL|DELETE|SYNCHRONIZE|WRITE_DAC|WRITE_OWNER|THREAD_ALL_ACCESS
ReetFPS.exe,15040,DESKTOP-M4PIKSF\dani,0x0000361C,Thread,,<Nonexistent process>(15664): 20168,READ_CONTROL|DELETE|SYNCHRONIZE|WRITE_DAC|WRITE_OWNER|THREAD_ALL_ACCESS
ReetFPS.exe,15040,DESKTOP-M4PIKSF\dani,0x00003620,Thread,,<Nonexistent process>(15664): 20220,READ_CONTROL|DELETE|SYNCHRONIZE|WRITE_DAC|WRITE_OWNER|THREAD_ALL_ACCESS
ReetFPS.exe,15040,DESKTOP-M4PIKSF\dani,0x00003624,Thread,,<Nonexistent process>(15664): 20172,READ_CONTROL|DELETE|SYNCHRONIZE|WRITE_DAC|WRITE_OWNER|THREAD_ALL_ACCESS
ReetFPS.exe,15040,DESKTOP-M4PIKSF\dani,0x00003628,Thread,,<Nonexistent process>(15664): 20212,READ_CONTROL|DELETE|SYNCHRONIZE|WRITE_DAC|WRITE_OWNER|THREAD_ALL_ACCESS
ReetFPS.exe,15040,DESKTOP-M4PIKSF\dani,0x0000362C,Thread,,<Nonexistent process>(15664): 20216,READ_CONTROL|DELETE|SYNCHRONIZE|WRITE_DAC|WRITE_OWNER|THREAD_ALL_ACCESS
ReetFPS.exe,15040,DESKTOP-M4PIKSF\dani,0x00003630,Section,,,READ_CONTROL|DELETE|WRITE_DAC|WRITE_OWNER|QUERY|MAP_WRITE|MAP_READ
ReetFPS.exe,15040,DESKTOP-M4PIKSF\dani,0x00003634,Section,,,READ_CONTROL|DELETE|WRITE_DAC|WRITE_OWNER|QUERY|MAP_WRITE|MAP_READ
ReetFPS.exe,15040,DESKTOP-M4PIKSF\dani,0x00003638,Thread,,<Nonexistent process>(15664): 20180,READ_CONTROL|DELETE|SYNCHRONIZE|WRITE_DAC|WRITE_OWNER|THREAD_ALL_ACCESS
ReetFPS.exe,15040,DESKTOP-M4PIKSF\dani,0x0000363C,Thread,,<Nonexistent process>(15664): 20184,READ_CONTROL|DELETE|SYNCHRONIZE|WRITE_DAC|WRITE_OWNER|THREAD_ALL_ACCESS
ReetFPS.exe,15040,DESKTOP-M4PIKSF\dani,0x00003640,Thread,,<Nonexistent process>(15664): 20244,READ_CONTROL|DELETE|SYNCHRONIZE|WRITE_DAC|WRITE_OWNER|THREAD_ALL_ACCESS
ReetFPS.exe,15040,DESKTOP-M4PIKSF\dani,0x00003644,Thread,,<Nonexistent process>(15664): 20188,READ_CONTROL|DELETE|SYNCHRONIZE|WRITE_DAC|WRITE_OWNER|THREAD_ALL_ACCESS
ReetFPS.exe,15040,DESKTOP-M4PIKSF\dani,0x00003648,Thread,,<Nonexistent process>(15664): 20192,READ_CONTROL|DELETE|SYNCHRONIZE|WRITE_DAC|WRITE_OWNER|THREAD_ALL_ACCESS
ReetFPS.exe,15040,DESKTOP-M4PIKSF\dani,0x0000364C,Thread,,<Nonexistent process>(15664): 20196,READ_CONTROL|DELETE|SYNCHRONIZE|WRITE_DAC|WRITE_OWNER|THREAD_ALL_ACCESS
ReetFPS.exe,15040,DESKTOP-M4PIKSF\dani,0x00003650,Thread,,<Nonexistent process>(15664): 20204,READ_CONTROL|DELETE|SYNCHRONIZE|WRITE_DAC|WRITE_OWNER|THREAD_ALL_ACCESS
ReetFPS.exe,15040,DESKTOP-M4PIKSF\dani,0x00003654,Thread,,<Nonexistent process>(15664): 20224,READ_CONTROL|DELETE|SYNCHRONIZE|WRITE_DAC|WRITE_OWNER|THREAD_ALL_ACCESS
ReetFPS.exe,15040,DESKTOP-M4PIKSF\dani,0x00003658,Thread,,<Nonexistent process>(15664): 20228,READ_CONTROL|DELETE|SYNCHRONIZE|WRITE_DAC|WRITE_OWNER|THREAD_ALL_ACCESS
ReetFPS.exe,15040,DESKTOP-M4PIKSF\dani,0x0000365C,Thread,,<Nonexistent process>(15664): 20300,READ_CONTROL|DELETE|SYNCHRONIZE|WRITE_DAC|WRITE_OWNER|THREAD_ALL_ACCESS
ReetFPS.exe,15040,DESKTOP-M4PIKSF\dani,0x00003660,Thread,,<Nonexistent process>(15664): 20232,READ_CONTROL|DELETE|SYNCHRONIZE|WRITE_DAC|WRITE_OWNER|THREAD_ALL_ACCESS
ReetFPS.exe,15040,DESKTOP-M4PIKSF\dani,0x00003664,Thread,,<Nonexistent process>(15664): 20236,READ_CONTROL|DELETE|SYNCHRONIZE|WRITE_DAC|WRITE_OWNER|THREAD_ALL_ACCESS
ReetFPS.exe,15040,DESKTOP-M4PIKSF\dani,0x00003668,Thread,,<Nonexistent process>(15664): 20444,READ_CONTROL|DELETE|SYNCHRONIZE|WRITE_DAC|WRITE_OWNER|THREAD_ALL_ACCESS
ReetFPS.exe,15040,DESKTOP-M4PIKSF\dani,0x0000366C,Thread,,<Nonexistent process>(15664): 20240,READ_CONTROL|DELETE|SYNCHRONIZE|WRITE_DAC|WRITE_OWNER|THREAD_ALL_ACCESS
ReetFPS.exe,15040,DESKTOP-M4PIKSF\dani,0x00003670,Thread,,<Nonexistent process>(15664): 20268,READ_CONTROL|DELETE|SYNCHRONIZE|WRITE_DAC|WRITE_OWNER|THREAD_ALL_ACCESS
ReetFPS.exe,15040,DESKTOP-M4PIKSF\dani,0x00003674,Thread,,<Nonexistent process>(15664): 20248,READ_CONTROL|DELETE|SYNCHRONIZE|WRITE_DAC|WRITE_OWNER|THREAD_ALL_ACCESS
ReetFPS.exe,15040,DESKTOP-M4PIKSF\dani,0x00003678,Thread,,<Nonexistent process>(15664): 20252,READ_CONTROL|DELETE|SYNCHRONIZE|WRITE_DAC|WRITE_OWNER|THREAD_ALL_ACCESS
ReetFPS.exe,15040,DESKTOP-M4PIKSF\dani,0x0000367C,Thread,,<Nonexistent process>(15664): 20288,READ_CONTROL|DELETE|SYNCHRONIZE|WRITE_DAC|WRITE_OWNER|THREAD_ALL_ACCESS
ReetFPS.exe,15040,DESKTOP-M4PIKSF\dani,0x00003680,Thread,,<Nonexistent process>(15664): 20256,READ_CONTROL|DELETE|SYNCHRONIZE|WRITE_DAC|WRITE_OWNER|THREAD_ALL_ACCESS
ReetFPS.exe,15040,DESKTOP-M4PIKSF\dani,0x00003684,Thread,,<Nonexistent process>(15664): 20260,READ_CONTROL|DELETE|SYNCHRONIZE|WRITE_DAC|WRITE_OWNER|THREAD_ALL_ACCESS
ReetFPS.exe,15040,DESKTOP-M4PIKSF\dani,0x00003688,Thread,,<Nonexistent process>(15664): 20264,READ_CONTROL|DELETE|SYNCHRONIZE|WRITE_DAC|WRITE_OWNER|THREAD_ALL_ACCESS
ReetFPS.exe,15040,DESKTOP-M4PIKSF\dani,0x0000368C,Thread,,<Nonexistent process>(15664): 20276,READ_CONTROL|DELETE|SYNCHRONIZE|WRITE_DAC|WRITE_OWNER|THREAD_ALL_ACCESS
ReetFPS.exe,15040,DESKTOP-M4PIKSF\dani,0x00003690,Thread,,<Nonexistent process>(15664): 20284,READ_CONTROL|DELETE|SYNCHRONIZE|WRITE_DAC|WRITE_OWNER|THREAD_ALL_ACCESS
ReetFPS.exe,15040,DESKTOP-M4PIKSF\dani,0x00003694,Thread,,<Nonexistent process>(15664): 20280,READ_CONTROL|DELETE|SYNCHRONIZE|WRITE_DAC|WRITE_OWNER|THREAD_ALL_ACCESS
ReetFPS.exe,15040,DESKTOP-M4PIKSF\dani,0x00003698,Thread,,<Nonexistent process>(15664): 20292,READ_CONTROL|DELETE|SYNCHRONIZE|WRITE_DAC|WRITE_OWNER|THREAD_ALL_ACCESS
ReetFPS.exe,15040,DESKTOP-M4PIKSF\dani,0x0000369C,Thread,,<Nonexistent process>(15664): 20320,READ_CONTROL|DELETE|SYNCHRONIZE|WRITE_DAC|WRITE_OWNER|THREAD_ALL_ACCESS
ReetFPS.exe,15040,DESKTOP-M4PIKSF\dani,0x000036A0,Section,,,READ_CONTROL|DELETE|WRITE_DAC|WRITE_OWNER|QUERY|MAP_WRITE|MAP_READ
ReetFPS.exe,15040,DESKTOP-M4PIKSF\dani,0x000036A4,Section,,,READ_CONTROL|DELETE|WRITE_DAC|WRITE_OWNER|QUERY|MAP_WRITE|MAP_READ
ReetFPS.exe,15040,DESKTOP-M4PIKSF\dani,0x000036A8,Thread,,<Nonexistent process>(15664): 20308,READ_CONTROL|DELETE|SYNCHRONIZE|WRITE_DAC|WRITE_OWNER|THREAD_ALL_ACCESS
ReetFPS.exe,15040,DESKTOP-M4PIKSF\dani,0x000036AC,Thread,,<Nonexistent process>(15664): 20316,READ_CONTROL|DELETE|SYNCHRONIZE|WRITE_DAC|WRITE_OWNER|THREAD_ALL_ACCESS
ReetFPS.exe,15040,DESKTOP-M4PIKSF\dani,0x000036B0,Thread,,<Nonexistent process>(15664): 20324,READ_CONTROL|DELETE|SYNCHRONIZE|WRITE_DAC|WRITE_OWNER|THREAD_ALL_ACCESS
ReetFPS.exe,15040,DESKTOP-M4PIKSF\dani,0x000036B4,Thread,,<Nonexistent process>(15664): 20392,READ_CONTROL|DELETE|SYNCHRONIZE|WRITE_DAC|WRITE_OWNER|THREAD_ALL_ACCESS
ReetFPS.exe,15040,DESKTOP-M4PIKSF\dani,0x000036B8,Thread,,<Nonexistent process>(15664): 20328,READ_CONTROL|DELETE|SYNCHRONIZE|WRITE_DAC|WRITE_OWNER|THREAD_ALL_ACCESS
ReetFPS.exe,15040,DESKTOP-M4PIKSF\dani,0x000036BC,Section,,,READ_CONTROL|DELETE|WRITE_DAC|WRITE_OWNER|QUERY|MAP_WRITE|MAP_READ
ReetFPS.exe,15040,DESKTOP-M4PIKSF\dani,0x000036C0,Thread,,<Nonexistent process>(15664): 20368,READ_CONTROL|DELETE|SYNCHRONIZE|WRITE_DAC|WRITE_OWNER|THREAD_ALL_ACCESS
ReetFPS.exe,15040,DESKTOP-M4PIKSF\dani,0x000036C4,Thread,,<Nonexistent process>(15664): 20336,READ_CONTROL|DELETE|SYNCHRONIZE|WRITE_DAC|WRITE_OWNER|THREAD_ALL_ACCESS
ReetFPS.exe,15040,DESKTOP-M4PIKSF\dani,0x000036C8,Thread,,<Nonexistent process>(15664): 20396,READ_CONTROL|DELETE|SYNCHRONIZE|WRITE_DAC|WRITE_OWNER|THREAD_ALL_ACCESS
ReetFPS.exe,15040,DESKTOP-M4PIKSF\dani,0x000036CC,Thread,,<Nonexistent process>(15664): 20344,READ_CONTROL|DELETE|SYNCHRONIZE|WRITE_DAC|WRITE_OWNER|THREAD_ALL_ACCESS
ReetFPS.exe,15040,DESKTOP-M4PIKSF\dani,0x000036D0,Thread,,<Nonexistent process>(15664): 20348,READ_CONTROL|DELETE|SYNCHRONIZE|WRITE_DAC|WRITE_OWNER|THREAD_ALL_ACCESS
ReetFPS.exe,15040,DESKTOP-M4PIKSF\dani,0x000036D4,Thread,,<Nonexistent process>(15664): 20352,READ_CONTROL|DELETE|SYNCHRONIZE|WRITE_DAC|WRITE_OWNER|THREAD_ALL_ACCESS
ReetFPS.exe,15040,DESKTOP-M4PIKSF\dani,0x000036D8,Thread,,<Nonexistent process>(15664): 20356,READ_CONTROL|DELETE|SYNCHRONIZE|WRITE_DAC|WRITE_OWNER|THREAD_ALL_ACCESS
ReetFPS.exe,15040,DESKTOP-M4PIKSF\dani,0x000036DC,Thread,,<Nonexistent process>(15664): 20360,READ_CONTROL|DELETE|SYNCHRONIZE|WRITE_DAC|WRITE_OWNER|THREAD_ALL_ACCESS
ReetFPS.exe,15040,DESKTOP-M4PIKSF\dani,0x000036E0,Thread,,<Nonexistent process>(15664): 20364,READ_CONTROL|DELETE|SYNCHRONIZE|WRITE_DAC|WRITE_OWNER|THREAD_ALL_ACCESS
ReetFPS.exe,15040,DESKTOP-M4PIKSF\dani,0x000036E4,Thread,,<Nonexistent process>(15664): 20372,READ_CONTROL|DELETE|SYNCHRONIZE|WRITE_DAC|WRITE_OWNER|THREAD_ALL_ACCESS
ReetFPS.exe,15040,DESKTOP-M4PIKSF\dani,0x000036E8,Thread,,<Nonexistent process>(15664): 20376,READ_CONTROL|DELETE|SYNCHRONIZE|WRITE_DAC|WRITE_OWNER|THREAD_ALL_ACCESS
ReetFPS.exe,15040,DESKTOP-M4PIKSF\dani,0x000036EC,Thread,,<Nonexistent process>(15664): 20380,READ_CONTROL|DELETE|SYNCHRONIZE|WRITE_DAC|WRITE_OWNER|THREAD_ALL_ACCESS
ReetFPS.exe,15040,DESKTOP-M4PIKSF\dani,0x000036F0,Thread,,<Nonexistent process>(15664): 20384,READ_CONTROL|DELETE|SYNCHRONIZE|WRITE_DAC|WRITE_OWNER|THREAD_ALL_ACCESS
ReetFPS.exe,15040,DESKTOP-M4PIKSF\dani,0x000036F4,Thread,,<Nonexistent process>(15664): 20464,READ_CONTROL|DELETE|SYNCHRONIZE|WRITE_DAC|WRITE_OWNER|THREAD_ALL_ACCESS
ReetFPS.exe,15040,DESKTOP-M4PIKSF\dani,0x000036F8,Thread,,<Nonexistent process>(15664): 20400,READ_CONTROL|DELETE|SYNCHRONIZE|WRITE_DAC|WRITE_OWNER|THREAD_ALL_ACCESS
ReetFPS.exe,15040,DESKTOP-M4PIKSF\dani,0x000036FC,Thread,,<Nonexistent process>(15664): 20404,READ_CONTROL|DELETE|SYNCHRONIZE|WRITE_DAC|WRITE_OWNER|THREAD_ALL_ACCESS
ReetFPS.exe,15040,DESKTOP-M4PIKSF\dani,0x00003700,Thread,,<Nonexistent process>(15664): 20460,READ_CONTROL|DELETE|SYNCHRONIZE|WRITE_DAC|WRITE_OWNER|THREAD_ALL_ACCESS
ReetFPS.exe,15040,DESKTOP-M4PIKSF\dani,0x00003704,Thread,,<Nonexistent process>(15664): 20408,READ_CONTROL|DELETE|SYNCHRONIZE|WRITE_DAC|WRITE_OWNER|THREAD_ALL_ACCESS
ReetFPS.exe,15040,DESKTOP-M4PIKSF\dani,0x00003708,Thread,,<Nonexistent process>(15664): 20424,READ_CONTROL|DELETE|SYNCHRONIZE|WRITE_DAC|WRITE_OWNER|THREAD_ALL_ACCESS
ReetFPS.exe,15040,DESKTOP-M4PIKSF\dani,0x0000370C,Section,,,READ_CONTROL|DELETE|WRITE_DAC|WRITE_OWNER|QUERY|MAP_WRITE|MAP_READ
ReetFPS.exe,15040,DESKTOP-M4PIKSF\dani,0x00003710,Thread,,<Nonexistent process>(15664): 20416,READ_CONTROL|DELETE|SYNCHRONIZE|WRITE_DAC|WRITE_OWNER|THREAD_ALL_ACCESS
ReetFPS.exe,15040,DESKTOP-M4PIKSF\dani,0x00003714,Thread,,<Nonexistent process>(15664): 20436,READ_CONTROL|DELETE|SYNCHRONIZE|WRITE_DAC|WRITE_OWNER|THREAD_ALL_ACCESS
ReetFPS.exe,15040,DESKTOP-M4PIKSF\dani,0x00003718,Thread,,<Nonexistent process>(15664): 20432,READ_CONTROL|DELETE|SYNCHRONIZE|WRITE_DAC|WRITE_OWNER|THREAD_ALL_ACCESS
ReetFPS.exe,15040,DESKTOP-M4PIKSF\dani,0x0000371C,Section,,,READ_CONTROL|DELETE|WRITE_DAC|WRITE_OWNER|QUERY|MAP_WRITE|MAP_READ
ReetFPS.exe,15040,DESKTOP-M4PIKSF\dani,0x00003720,Thread,,<Nonexistent process>(15664): 20440,READ_CONTROL|DELETE|SYNCHRONIZE|WRITE_DAC|WRITE_OWNER|THREAD_ALL_ACCESS
ReetFPS.exe,15040,DESKTOP-M4PIKSF\dani,0x00003724,Thread,,<Nonexistent process>(15664): 20452,READ_CONTROL|DELETE|SYNCHRONIZE|WRITE_DAC|WRITE_OWNER|THREAD_ALL_ACCESS
ReetFPS.exe,15040,DESKTOP-M4PIKSF\dani,0x00003728,Section,,,READ_CONTROL|DELETE|WRITE_DAC|WRITE_OWNER|QUERY|MAP_WRITE|MAP_READ
ReetFPS.exe,15040,DESKTOP-M4PIKSF\dani,0x0000372C,Thread,,<Nonexistent process>(15664): 12176,READ_CONTROL|DELETE|SYNCHRONIZE|WRITE_DAC|WRITE_OWNER|THREAD_ALL_ACCESS
ReetFPS.exe,15040,DESKTOP-M4PIKSF\dani,0x00003730,Section,,,READ_CONTROL|DELETE|WRITE_DAC|WRITE_OWNER|QUERY|MAP_WRITE|MAP_READ
ReetFPS.exe,15040,DESKTOP-M4PIKSF\dani,0x00003734,Section,,,READ_CONTROL|DELETE|WRITE_DAC|WRITE_OWNER|QUERY|MAP_WRITE|MAP_READ
ReetFPS.exe,15040,DESKTOP-M4PIKSF\dani,0x00003738,Section,,,READ_CONTROL|DELETE|WRITE_DAC|WRITE_OWNER|QUERY|MAP_WRITE|MAP_READ
ReetFPS.exe,15040,DESKTOP-M4PIKSF\dani,0x0000373C,Section,,,READ_CONTROL|DELETE|WRITE_DAC|WRITE_OWNER|QUERY|MAP_WRITE|MAP_READ
ReetFPS.exe,15040,DESKTOP-M4PIKSF\dani,0x00003740,Thread,,<Nonexistent process>(15664): 19220,READ_CONTROL|DELETE|SYNCHRONIZE|WRITE_DAC|WRITE_OWNER|THREAD_ALL_ACCESS
ReetFPS.exe,15040,DESKTOP-M4PIKSF\dani,0x00003744,Thread,,<Nonexistent process>(15664): 16620,READ_CONTROL|DELETE|SYNCHRONIZE|WRITE_DAC|WRITE_OWNER|THREAD_ALL_ACCESS
ReetFPS.exe,15040,DESKTOP-M4PIKSF\dani,0x00003748,Section,,,READ_CONTROL|DELETE|WRITE_DAC|WRITE_OWNER|QUERY|MAP_WRITE|MAP_READ
ReetFPS.exe,15040,DESKTOP-M4PIKSF\dani,0x0000374C,Thread,,<Nonexistent process>(15664): 17560,READ_CONTROL|DELETE|SYNCHRONIZE|WRITE_DAC|WRITE_OWNER|THREAD_ALL_ACCESS
ReetFPS.exe,15040,DESKTOP-M4PIKSF\dani,0x00003750,Thread,,<Nonexistent process>(15664): 17956,READ_CONTROL|DELETE|SYNCHRONIZE|WRITE_DAC|WRITE_OWNER|THREAD_ALL_ACCESS
ReetFPS.exe,15040,DESKTOP-M4PIKSF\dani,0x00003754,Section,,,READ_CONTROL|DELETE|WRITE_DAC|WRITE_OWNER|QUERY|MAP_WRITE|MAP_READ
ReetFPS.exe,15040,DESKTOP-M4PIKSF\dani,0x00003758,Thread,,<Nonexistent process>(15664): 20472,READ_CONTROL|DELETE|SYNCHRONIZE|WRITE_DAC|WRITE_OWNER|THREAD_ALL_ACCESS
ReetFPS.exe,15040,DESKTOP-M4PIKSF\dani,0x0000375C,Section,,,READ_CONTROL|DELETE|WRITE_DAC|WRITE_OWNER|QUERY|MAP_WRITE|MAP_READ
ReetFPS.exe,15040,DESKTOP-M4PIKSF\dani,0x00003760,Thread,,<Nonexistent process>(15664): 18244,READ_CONTROL|DELETE|SYNCHRONIZE|WRITE_DAC|WRITE_OWNER|THREAD_ALL_ACCESS
ReetFPS.exe,15040,DESKTOP-M4PIKSF\dani,0x00003764,Section,,,READ_CONTROL|DELETE|WRITE_DAC|WRITE_OWNER|QUERY|MAP_WRITE|MAP_READ
ReetFPS.exe,15040,DESKTOP-M4PIKSF\dani,0x00003768,Thread,,<Nonexistent process>(15664): 19108,READ_CONTROL|DELETE|SYNCHRONIZE|WRITE_DAC|WRITE_OWNER|THREAD_ALL_ACCESS
ReetFPS.exe,15040,DESKTOP-M4PIKSF\dani,0x0000376C,Thread,,<Nonexistent process>(15664): 19572,READ_CONTROL|DELETE|SYNCHRONIZE|WRITE_DAC|WRITE_OWNER|THREAD_ALL_ACCESS
ReetFPS.exe,15040,DESKTOP-M4PIKSF\dani,0x00003770,Thread,,<Nonexistent process>(15664): 19500,READ_CONTROL|DELETE|SYNCHRONIZE|WRITE_DAC|WRITE_OWNER|THREAD_ALL_ACCESS
ReetFPS.exe,15040,DESKTOP-M4PIKSF\dani,0x00003774,Thread,,<Nonexistent process>(15664): 15640,READ_CONTROL|DELETE|SYNCHRONIZE|WRITE_DAC|WRITE_OWNER|THREAD_ALL_ACCESS
ReetFPS.exe,15040,DESKTOP-M4PIKSF\dani,0x00003778,Thread,,<Nonexistent process>(15664): 13604,READ_CONTROL|DELETE|SYNCHRONIZE|WRITE_DAC|WRITE_OWNER|THREAD_ALL_ACCESS
ReetFPS.exe,15040,DESKTOP-M4PIKSF\dani,0x0000377C,Thread,,<Nonexistent process>(15664): 440,READ_CONTROL|DELETE|SYNCHRONIZE|WRITE_DAC|WRITE_OWNER|THREAD_ALL_ACCESS
ReetFPS.exe,15040,DESKTOP-M4PIKSF\dani,0x00003780,Thread,,<Nonexistent process>(15664): 16640,READ_CONTROL|DELETE|SYNCHRONIZE|WRITE_DAC|WRITE_OWNER|THREAD_ALL_ACCESS
ReetFPS.exe,15040,DESKTOP-M4PIKSF\dani,0x00003784,Section,,,READ_CONTROL|DELETE|WRITE_DAC|WRITE_OWNER|QUERY|MAP_WRITE|MAP_READ
ReetFPS.exe,15040,DESKTOP-M4PIKSF\dani,0x00003788,Section,,,READ_CONTROL|DELETE|WRITE_DAC|WRITE_OWNER|QUERY|MAP_WRITE|MAP_READ
ReetFPS.exe,15040,DESKTOP-M4PIKSF\dani,0x0000378C,Section,,,READ_CONTROL|DELETE|WRITE_DAC|WRITE_OWNER|QUERY|MAP_WRITE|MAP_READ
ReetFPS.exe,15040,DESKTOP-M4PIKSF\dani,0x00003790,Section,,,READ_CONTROL|DELETE|WRITE_DAC|WRITE_OWNER|QUERY|MAP_WRITE|MAP_READ
ReetFPS.exe,15040,DESKTOP-M4PIKSF\dani,0x00003794,Section,,,READ_CONTROL|DELETE|WRITE_DAC|WRITE_OWNER|QUERY|MAP_WRITE|MAP_READ
ReetFPS.exe,15040,DESKTOP-M4PIKSF\dani,0x00003798,Section,,,READ_CONTROL|DELETE|WRITE_DAC|WRITE_OWNER|QUERY|MAP_WRITE|MAP_READ
ReetFPS.exe,15040,DESKTOP-M4PIKSF\dani,0x0000379C,Section,,,READ_CONTROL|DELETE|WRITE_DAC|WRITE_OWNER|QUERY|MAP_WRITE|MAP_READ
ReetFPS.exe,15040,DESKTOP-M4PIKSF\dani,0x000037A0,Section,,,READ_CONTROL|DELETE|WRITE_DAC|WRITE_OWNER|QUERY|MAP_WRITE|MAP_READ
ReetFPS.exe,15040,DESKTOP-M4PIKSF\dani,0x000037A4,Section,,,READ_CONTROL|DELETE|WRITE_DAC|WRITE_OWNER|QUERY|MAP_WRITE|MAP_READ
ReetFPS.exe,15040,DESKTOP-M4PIKSF\dani,0x000037A8,Section,,,READ_CONTROL|DELETE|WRITE_DAC|WRITE_OWNER|QUERY|MAP_WRITE|MAP_READ
ReetFPS.exe,15040,DESKTOP-M4PIKSF\dani,0x000037AC,Section,,,READ_CONTROL|DELETE|WRITE_DAC|WRITE_OWNER|QUERY|MAP_WRITE|MAP_READ
ReetFPS.exe,15040,DESKTOP-M4PIKSF\dani,0x000037B0,Section,,,READ_CONTROL|DELETE|WRITE_DAC|WRITE_OWNER|QUERY|MAP_WRITE|MAP_READ
ReetFPS.exe,15040,DESKTOP-M4PIKSF\dani,0x000037B4,Section,,,READ_CONTROL|DELETE|WRITE_DAC|WRITE_OWNER|QUERY|MAP_WRITE|MAP_READ
ReetFPS.exe,15040,DESKTOP-M4PIKSF\dani,0x000037B8,Section,,,READ_CONTROL|DELETE|WRITE_DAC|WRITE_OWNER|QUERY|MAP_WRITE|MAP_READ
ReetFPS.exe,15040,DESKTOP-M4PIKSF\dani,0x000037BC,Section,,,READ_CONTROL|DELETE|WRITE_DAC|WRITE_OWNER|QUERY|MAP_WRITE|MAP_READ
ReetFPS.exe,15040,DESKTOP-M4PIKSF\dani,0x000037C0,Section,,,READ_CONTROL|DELETE|WRITE_DAC|WRITE_OWNER|QUERY|MAP_WRITE|MAP_READ
ReetFPS.exe,15040,DESKTOP-M4PIKSF\dani,0x000037C4,Section,,,READ_CONTROL|DELETE|WRITE_DAC|WRITE_OWNER|QUERY|MAP_WRITE|MAP_READ
ReetFPS.exe,15040,DESKTOP-M4PIKSF\dani,0x000037C8,Section,,,READ_CONTROL|DELETE|WRITE_DAC|WRITE_OWNER|QUERY|MAP_WRITE|MAP_READ
ReetFPS.exe,15040,DESKTOP-M4PIKSF\dani,0x000037CC,Section,,,READ_CONTROL|DELETE|WRITE_DAC|WRITE_OWNER|QUERY|MAP_WRITE|MAP_READ
ReetFPS.exe,15040,DESKTOP-M4PIKSF\dani,0x000037D0,Section,,,READ_CONTROL|DELETE|WRITE_DAC|WRITE_OWNER|QUERY|MAP_WRITE|MAP_READ
ReetFPS.exe,15040,DESKTOP-M4PIKSF\dani,0x000037D4,Section,,,READ_CONTROL|DELETE|WRITE_DAC|WRITE_OWNER|QUERY|MAP_WRITE|MAP_READ
ReetFPS.exe,15040,DESKTOP-M4PIKSF\dani,0x000037D8,Thread,,PointBlank.exe(20388): 12692,READ_CONTROL|DELETE|SYNCHRONIZE|WRITE_DAC|WRITE_OWNER|THREAD_ALL_ACCESS
ReetFPS.exe,15040,DESKTOP-M4PIKSF\dani,0x000037DC,Section,,,READ_CONTROL|DELETE|WRITE_DAC|WRITE_OWNER|QUERY|MAP_WRITE|MAP_READ
ReetFPS.exe,15040,DESKTOP-M4PIKSF\dani,0x000037E0,Section,,,READ_CONTROL|DELETE|WRITE_DAC|WRITE_OWNER|QUERY|MAP_WRITE|MAP_READ
ReetFPS.exe,15040,DESKTOP-M4PIKSF\dani,0x000037E4,Section,,,READ_CONTROL|DELETE|WRITE_DAC|WRITE_OWNER|QUERY|MAP_WRITE|MAP_READ
ReetFPS.exe,15040,DESKTOP-M4PIKSF\dani,0x000037E8,Section,,,READ_CONTROL|DELETE|WRITE_DAC|WRITE_OWNER|QUERY|MAP_WRITE|MAP_READ
ReetFPS.exe,15040,DESKTOP-M4PIKSF\dani,0x000037EC,Section,,,READ_CONTROL|DELETE|WRITE_DAC|WRITE_OWNER|QUERY|MAP_WRITE|MAP_READ
ReetFPS.exe,15040,DESKTOP-M4PIKSF\dani,0x000037F0,Section,,,READ_CONTROL|DELETE|WRITE_DAC|WRITE_OWNER|QUERY|MAP_WRITE|MAP_READ
ReetFPS.exe,15040,DESKTOP-M4PIKSF\dani,0x000037F4,Section,,,READ_CONTROL|DELETE|WRITE_DAC|WRITE_OWNER|QUERY|MAP_WRITE|MAP_READ
ReetFPS.exe,15040,DESKTOP-M4PIKSF\dani,0x000037F8,Section,,,READ_CONTROL|DELETE|WRITE_DAC|WRITE_OWNER|QUERY|MAP_WRITE|MAP_READ
ReetFPS.exe,15040,DESKTOP-M4PIKSF\dani,0x000037FC,Section,,,READ_CONTROL|DELETE|WRITE_DAC|WRITE_OWNER|QUERY|MAP_WRITE|MAP_READ
ReetFPS.exe,15040,DESKTOP-M4PIKSF\dani,0x00003804,Section,,,READ_CONTROL|DELETE|WRITE_DAC|WRITE_OWNER|QUERY|MAP_WRITE|MAP_READ
ReetFPS.exe,15040,DESKTOP-M4PIKSF\dani,0x00003808,Section,,,READ_CONTROL|DELETE|WRITE_DAC|WRITE_OWNER|QUERY|MAP_WRITE|MAP_READ
ReetFPS.exe,15040,DESKTOP-M4PIKSF\dani,0x0000380C,Section,,,READ_CONTROL|DELETE|WRITE_DAC|WRITE_OWNER|QUERY|MAP_WRITE|MAP_READ
ReetFPS.exe,15040,DESKTOP-M4PIKSF\dani,0x00003810,Section,,,READ_CONTROL|DELETE|WRITE_DAC|WRITE_OWNER|QUERY|MAP_WRITE|MAP_READ
ReetFPS.exe,15040,DESKTOP-M4PIKSF\dani,0x00003814,Thread,,PointBlank.exe(20388): 19396,READ_CONTROL|DELETE|SYNCHRONIZE|WRITE_DAC|WRITE_OWNER|THREAD_ALL_ACCESS
ReetFPS.exe,15040,DESKTOP-M4PIKSF\dani,0x00003818,Section,,,READ_CONTROL|DELETE|WRITE_DAC|WRITE_OWNER|QUERY|MAP_WRITE|MAP_READ
ReetFPS.exe,15040,DESKTOP-M4PIKSF\dani,0x0000381C,Section,,,READ_CONTROL|DELETE|WRITE_DAC|WRITE_OWNER|QUERY|MAP_WRITE|MAP_READ
ReetFPS.exe,15040,DESKTOP-M4PIKSF\dani,0x00003820,Section,,,READ_CONTROL|DELETE|WRITE_DAC|WRITE_OWNER|QUERY|MAP_WRITE|MAP_READ
ReetFPS.exe,15040,DESKTOP-M4PIKSF\dani,0x00003824,Section,,,READ_CONTROL|DELETE|WRITE_DAC|WRITE_OWNER|QUERY|MAP_WRITE|MAP_READ
ReetFPS.exe,15040,DESKTOP-M4PIKSF\dani,0x00003828,Section,,,READ_CONTROL|DELETE|WRITE_DAC|WRITE_OWNER|QUERY|MAP_WRITE|MAP_READ
ReetFPS.exe,15040,DESKTOP-M4PIKSF\dani,0x0000382C,Section,,,READ_CONTROL|DELETE|WRITE_DAC|WRITE_OWNER|QUERY|MAP_WRITE|MAP_READ
ReetFPS.exe,15040,DESKTOP-M4PIKSF\dani,0x00003830,Section,,,READ_CONTROL|DELETE|WRITE_DAC|WRITE_OWNER|QUERY|MAP_WRITE|MAP_READ
ReetFPS.exe,15040,DESKTOP-M4PIKSF\dani,0x00003834,Section,,,READ_CONTROL|DELETE|WRITE_DAC|WRITE_OWNER|QUERY|MAP_WRITE|MAP_READ
ReetFPS.exe,15040,DESKTOP-M4PIKSF\dani,0x00003838,Section,,,READ_CONTROL|DELETE|WRITE_DAC|WRITE_OWNER|QUERY|MAP_WRITE|MAP_READ
ReetFPS.exe,15040,DESKTOP-M4PIKSF\dani,0x0000383C,Section,,,READ_CONTROL|DELETE|WRITE_DAC|WRITE_OWNER|QUERY|MAP_WRITE|MAP_READ
ReetFPS.exe,15040,DESKTOP-M4PIKSF\dani,0x00003840,Section,,,READ_CONTROL|DELETE|WRITE_DAC|WRITE_OWNER|QUERY|MAP_WRITE|MAP_READ
ReetFPS.exe,15040,DESKTOP-M4PIKSF\dani,0x00003844,Section,,,READ_CONTROL|DELETE|WRITE_DAC|WRITE_OWNER|QUERY|MAP_WRITE|MAP_READ
ReetFPS.exe,15040,DESKTOP-M4PIKSF\dani,0x00003848,Section,,,READ_CONTROL|DELETE|WRITE_DAC|WRITE_OWNER|QUERY|MAP_WRITE|MAP_READ
ReetFPS.exe,15040,DESKTOP-M4PIKSF\dani,0x0000384C,Section,,,READ_CONTROL|DELETE|WRITE_DAC|WRITE_OWNER|QUERY|MAP_WRITE|MAP_READ
ReetFPS.exe,15040,DESKTOP-M4PIKSF\dani,0x00003850,Section,,,READ_CONTROL|DELETE|WRITE_DAC|WRITE_OWNER|QUERY|MAP_WRITE|MAP_READ
ReetFPS.exe,15040,DESKTOP-M4PIKSF\dani,0x00003854,Section,,,READ_CONTROL|DELETE|WRITE_DAC|WRITE_OWNER|QUERY|MAP_WRITE|MAP_READ
ReetFPS.exe,15040,DESKTOP-M4PIKSF\dani,0x00003858,Section,,,READ_CONTROL|DELETE|WRITE_DAC|WRITE_OWNER|QUERY|MAP_WRITE|MAP_READ
ReetFPS.exe,15040,DESKTOP-M4PIKSF\dani,0x0000385C,Section,,,READ_CONTROL|DELETE|WRITE_DAC|WRITE_OWNER|QUERY|MAP_WRITE|MAP_READ
ReetFPS.exe,15040,DESKTOP-M4PIKSF\dani,0x00003860,Section,,,READ_CONTROL|DELETE|WRITE_DAC|WRITE_OWNER|QUERY|MAP_WRITE|MAP_READ
ReetFPS.exe,15040,DESKTOP-M4PIKSF\dani,0x00003864,Section,,,READ_CONTROL|DELETE|WRITE_DAC|WRITE_OWNER|QUERY|MAP_WRITE|MAP_READ
ReetFPS.exe,15040,DESKTOP-M4PIKSF\dani,0x00003868,Thread,,PointBlank.exe(20388): 21044,READ_CONTROL|DELETE|SYNCHRONIZE|WRITE_DAC|WRITE_OWNER|THREAD_ALL_ACCESS
ReetFPS.exe,15040,DESKTOP-M4PIKSF\dani,0x0000386C,Section,,,READ_CONTROL|DELETE|WRITE_DAC|WRITE_OWNER|QUERY|MAP_WRITE|MAP_READ
ReetFPS.exe,15040,DESKTOP-M4PIKSF\dani,0x00003870,Section,,,READ_CONTROL|DELETE|WRITE_DAC|WRITE_OWNER|QUERY|MAP_WRITE|MAP_READ
ReetFPS.exe,15040,DESKTOP-M4PIKSF\dani,0x00003874,Section,,,READ_CONTROL|DELETE|WRITE_DAC|WRITE_OWNER|QUERY|MAP_WRITE|MAP_READ
ReetFPS.exe,15040,DESKTOP-M4PIKSF\dani,0x00003878,Section,,,READ_CONTROL|DELETE|WRITE_DAC|WRITE_OWNER|QUERY|MAP_WRITE|MAP_READ
ReetFPS.exe,15040,DESKTOP-M4PIKSF\dani,0x0000387C,Section,,,READ_CONTROL|DELETE|WRITE_DAC|WRITE_OWNER|QUERY|MAP_WRITE|MAP_READ
ReetFPS.exe,15040,DESKTOP-M4PIKSF\dani,0x00003880,Thread,,PointBlank.exe(20388): 3184,READ_CONTROL|DELETE|SYNCHRONIZE|WRITE_DAC|WRITE_OWNER|THREAD_ALL_ACCESS
ReetFPS.exe,15040,DESKTOP-M4PIKSF\dani,0x00003884,Section,,,READ_CONTROL|DELETE|WRITE_DAC|WRITE_OWNER|QUERY|MAP_WRITE|MAP_READ
ReetFPS.exe,15040,DESKTOP-M4PIKSF\dani,0x00003888,Thread,,PointBlank.exe(20388): 16516,READ_CONTROL|DELETE|SYNCHRONIZE|WRITE_DAC|WRITE_OWNER|THREAD_ALL_ACCESS
ReetFPS.exe,15040,DESKTOP-M4PIKSF\dani,0x0000388C,Section,,,READ_CONTROL|DELETE|WRITE_DAC|WRITE_OWNER|QUERY|MAP_WRITE|MAP_READ
ReetFPS.exe,15040,DESKTOP-M4PIKSF\dani,0x00003890,Section,,,READ_CONTROL|DELETE|WRITE_DAC|WRITE_OWNER|QUERY|MAP_WRITE|MAP_READ
ReetFPS.exe,15040,DESKTOP-M4PIKSF\dani,0x00003894,Section,,,READ_CONTROL|DELETE|WRITE_DAC|WRITE_OWNER|QUERY|MAP_WRITE|MAP_READ
ReetFPS.exe,15040,DESKTOP-M4PIKSF\dani,0x00003898,Section,,,READ_CONTROL|DELETE|WRITE_DAC|WRITE_OWNER|QUERY|MAP_WRITE|MAP_READ
ReetFPS.exe,15040,DESKTOP-M4PIKSF\dani,0x0000389C,Section,,,READ_CONTROL|DELETE|WRITE_DAC|WRITE_OWNER|QUERY|MAP_WRITE|MAP_READ
ReetFPS.exe,15040,DESKTOP-M4PIKSF\dani,0x000038A0,Section,,,READ_CONTROL|DELETE|WRITE_DAC|WRITE_OWNER|QUERY|MAP_WRITE|MAP_READ
ReetFPS.exe,15040,DESKTOP-M4PIKSF\dani,0x000038A4,Section,,,READ_CONTROL|DELETE|WRITE_DAC|WRITE_OWNER|QUERY|MAP_WRITE|MAP_READ
ReetFPS.exe,15040,DESKTOP-M4PIKSF\dani,0x000038A8,Section,,,READ_CONTROL|DELETE|WRITE_DAC|WRITE_OWNER|QUERY|MAP_WRITE|MAP_READ
ReetFPS.exe,15040,DESKTOP-M4PIKSF\dani,0x000038AC,Section,,,READ_CONTROL|DELETE|WRITE_DAC|WRITE_OWNER|QUERY|MAP_WRITE|MAP_READ
ReetFPS.exe,15040,DESKTOP-M4PIKSF\dani,0x000038B0,Section,,,READ_CONTROL|DELETE|WRITE_DAC|WRITE_OWNER|QUERY|MAP_WRITE|MAP_READ
ReetFPS.exe,15040,DESKTOP-M4PIKSF\dani,0x000038B4,Section,,,READ_CONTROL|DELETE|WRITE_DAC|WRITE_OWNER|QUERY|MAP_WRITE|MAP_READ
ReetFPS.exe,15040,DESKTOP-M4PIKSF\dani,0x000038B8,Section,,,READ_CONTROL|DELETE|WRITE_DAC|WRITE_OWNER|QUERY|MAP_WRITE|MAP_READ
ReetFPS.exe,15040,DESKTOP-M4PIKSF\dani,0x000038BC,Thread,,PointBlank.exe(20388): 17360,READ_CONTROL|DELETE|SYNCHRONIZE|WRITE_DAC|WRITE_OWNER|THREAD_ALL_ACCESS
ReetFPS.exe,15040,DESKTOP-M4PIKSF\dani,0x000038C0,Section,,,READ_CONTROL|DELETE|WRITE_DAC|WRITE_OWNER|QUERY|MAP_WRITE|MAP_READ
ReetFPS.exe,15040,DESKTOP-M4PIKSF\dani,0x000038C4,Section,,,READ_CONTROL|DELETE|WRITE_DAC|WRITE_OWNER|QUERY|MAP_WRITE|MAP_READ
ReetFPS.exe,15040,DESKTOP-M4PIKSF\dani,0x000038C8,Thread,,PointBlank.exe(20388): 19356,READ_CONTROL|DELETE|SYNCHRONIZE|WRITE_DAC|WRITE_OWNER|THREAD_ALL_ACCESS
ReetFPS.exe,15040,DESKTOP-M4PIKSF\dani,0x000038CC,Section,,,READ_CONTROL|DELETE|WRITE_DAC|WRITE_OWNER|QUERY|MAP_WRITE|MAP_READ
ReetFPS.exe,15040,DESKTOP-M4PIKSF\dani,0x000038D0,Section,,,READ_CONTROL|DELETE|WRITE_DAC|WRITE_OWNER|QUERY|MAP_WRITE|MAP_READ
ReetFPS.exe,15040,DESKTOP-M4PIKSF\dani,0x000038D4,Section,,,READ_CONTROL|DELETE|WRITE_DAC|WRITE_OWNER|QUERY|MAP_WRITE|MAP_READ
ReetFPS.exe,15040,DESKTOP-M4PIKSF\dani,0x000038D8,Section,,,READ_CONTROL|DELETE|WRITE_DAC|WRITE_OWNER|QUERY|MAP_WRITE|MAP_READ
ReetFPS.exe,15040,DESKTOP-M4PIKSF\dani,0x000038DC,Section,,,READ_CONTROL|DELETE|WRITE_DAC|WRITE_OWNER|QUERY|MAP_WRITE|MAP_READ
ReetFPS.exe,15040,DESKTOP-M4PIKSF\dani,0x000038E0,Thread,,PointBlank.exe(20388): 4244,READ_CONTROL|DELETE|SYNCHRONIZE|WRITE_DAC|WRITE_OWNER|THREAD_ALL_ACCESS
ReetFPS.exe,15040,DESKTOP-M4PIKSF\dani,0x000038E4,Section,,,READ_CONTROL|DELETE|WRITE_DAC|WRITE_OWNER|QUERY|MAP_WRITE|MAP_READ
ReetFPS.exe,15040,DESKTOP-M4PIKSF\dani,0x000038E8,Section,,,READ_CONTROL|DELETE|WRITE_DAC|WRITE_OWNER|QUERY|MAP_WRITE|MAP_READ
ReetFPS.exe,15040,DESKTOP-M4PIKSF\dani,0x000038EC,Section,,,READ_CONTROL|DELETE|WRITE_DAC|WRITE_OWNER|QUERY|MAP_WRITE|MAP_READ
ReetFPS.exe,15040,DESKTOP-M4PIKSF\dani,0x000038F0,Section,,,READ_CONTROL|DELETE|WRITE_DAC|WRITE_OWNER|QUERY|MAP_WRITE|MAP_READ
ReetFPS.exe,15040,DESKTOP-M4PIKSF\dani,0x000038F4,Section,,,READ_CONTROL|DELETE|WRITE_DAC|WRITE_OWNER|QUERY|MAP_WRITE|MAP_READ
ReetFPS.exe,15040,DESKTOP-M4PIKSF\dani,0x000038F8,Section,,,READ_CONTROL|DELETE|WRITE_DAC|WRITE_OWNER|QUERY|MAP_WRITE|MAP_READ
ReetFPS.exe,15040,DESKTOP-M4PIKSF\dani,0x000038FC,Section,,,READ_CONTROL|DELETE|WRITE_DAC|WRITE_OWNER|QUERY|MAP_WRITE|MAP_READ
ReetFPS.exe,15040,DESKTOP-M4PIKSF\dani,0x00003900,Section,,,READ_CONTROL|DELETE|WRITE_DAC|WRITE_OWNER|QUERY|MAP_WRITE|MAP_READ
ReetFPS.exe,15040,DESKTOP-M4PIKSF\dani,0x00003904,Section,,,READ_CONTROL|DELETE|WRITE_DAC|WRITE_OWNER|QUERY|MAP_WRITE|MAP_READ
ReetFPS.exe,15040,DESKTOP-M4PIKSF\dani,0x00003908,Section,,,READ_CONTROL|DELETE|WRITE_DAC|WRITE_OWNER|QUERY|MAP_WRITE|MAP_READ
ReetFPS.exe,15040,DESKTOP-M4PIKSF\dani,0x0000390C,Section,,,READ_CONTROL|DELETE|WRITE_DAC|WRITE_OWNER|QUERY|MAP_WRITE|MAP_READ
ReetFPS.exe,15040,DESKTOP-M4PIKSF\dani,0x00003910,Section,,,READ_CONTROL|DELETE|WRITE_DAC|WRITE_OWNER|QUERY|MAP_WRITE|MAP_READ
ReetFPS.exe,15040,DESKTOP-M4PIKSF\dani,0x00003914,Section,,,READ_CONTROL|DELETE|WRITE_DAC|WRITE_OWNER|QUERY|MAP_WRITE|MAP_READ
ReetFPS.exe,15040,DESKTOP-M4PIKSF\dani,0x00003918,Section,,,READ_CONTROL|DELETE|WRITE_DAC|WRITE_OWNER|QUERY|MAP_WRITE|MAP_READ
ReetFPS.exe,15040,DESKTOP-M4PIKSF\dani,0x0000391C,Section,,,READ_CONTROL|DELETE|WRITE_DAC|WRITE_OWNER|QUERY|MAP_WRITE|MAP_READ
ReetFPS.exe,15040,DESKTOP-M4PIKSF\dani,0x00003920,Section,,,READ_CONTROL|DELETE|WRITE_DAC|WRITE_OWNER|QUERY|MAP_WRITE|MAP_READ
ReetFPS.exe,15040,DESKTOP-M4PIKSF\dani,0x00003924,Section,,,READ_CONTROL|DELETE|WRITE_DAC|WRITE_OWNER|QUERY|MAP_WRITE|MAP_READ
ReetFPS.exe,15040,DESKTOP-M4PIKSF\dani,0x00003928,Thread,,PointBlank.exe(20388): 12436,READ_CONTROL|DELETE|SYNCHRONIZE|WRITE_DAC|WRITE_OWNER|THREAD_ALL_ACCESS
ReetFPS.exe,15040,DESKTOP-M4PIKSF\dani,0x0000392C,Section,,,READ_CONTROL|DELETE|WRITE_DAC|WRITE_OWNER|QUERY|MAP_WRITE|MAP_READ
ReetFPS.exe,15040,DESKTOP-M4PIKSF\dani,0x00003930,Section,,,READ_CONTROL|DELETE|WRITE_DAC|WRITE_OWNER|QUERY|MAP_WRITE|MAP_READ
ReetFPS.exe,15040,DESKTOP-M4PIKSF\dani,0x00003934,Section,,,READ_CONTROL|DELETE|WRITE_DAC|WRITE_OWNER|QUERY|MAP_WRITE|MAP_READ
ReetFPS.exe,15040,DESKTOP-M4PIKSF\dani,0x00003938,Section,,,READ_CONTROL|DELETE|WRITE_DAC|WRITE_OWNER|QUERY|MAP_WRITE|MAP_READ
ReetFPS.exe,15040,DESKTOP-M4PIKSF\dani,0x0000393C,Section,,,READ_CONTROL|DELETE|WRITE_DAC|WRITE_OWNER|QUERY|MAP_WRITE|MAP_READ
ReetFPS.exe,15040,DESKTOP-M4PIKSF\dani,0x00003940,Section,,,READ_CONTROL|DELETE|WRITE_DAC|WRITE_OWNER|QUERY|MAP_WRITE|MAP_READ
ReetFPS.exe,15040,DESKTOP-M4PIKSF\dani,0x00003944,Section,,,READ_CONTROL|DELETE|WRITE_DAC|WRITE_OWNER|QUERY|MAP_WRITE|MAP_READ
ReetFPS.exe,15040,DESKTOP-M4PIKSF\dani,0x00003948,Section,,,READ_CONTROL|DELETE|WRITE_DAC|WRITE_OWNER|QUERY|MAP_WRITE|MAP_READ
ReetFPS.exe,15040,DESKTOP-M4PIKSF\dani,0x0000394C,Section,,,READ_CONTROL|DELETE|WRITE_DAC|WRITE_OWNER|QUERY|MAP_WRITE|MAP_READ
ReetFPS.exe,15040,DESKTOP-M4PIKSF\dani,0x00003950,Thread,,PointBlank.exe(20388): 11668,READ_CONTROL|DELETE|SYNCHRONIZE|WRITE_DAC|WRITE_OWNER|THREAD_ALL_ACCESS
ReetFPS.exe,15040,DESKTOP-M4PIKSF\dani,0x00003954,Section,,,READ_CONTROL|DELETE|WRITE_DAC|WRITE_OWNER|QUERY|MAP_WRITE|MAP_READ
ReetFPS.exe,15040,DESKTOP-M4PIKSF\dani,0x00003958,Section,,,READ_CONTROL|DELETE|WRITE_DAC|WRITE_OWNER|QUERY|MAP_WRITE|MAP_READ
ReetFPS.exe,15040,DESKTOP-M4PIKSF\dani,0x0000395C,Section,,,READ_CONTROL|DELETE|WRITE_DAC|WRITE_OWNER|QUERY|MAP_WRITE|MAP_READ
ReetFPS.exe,15040,DESKTOP-M4PIKSF\dani,0x00003960,Section,,,READ_CONTROL|DELETE|WRITE_DAC|WRITE_OWNER|QUERY|MAP_WRITE|MAP_READ
ReetFPS.exe,15040,DESKTOP-M4PIKSF\dani,0x00003964,Section,,,READ_CONTROL|DELETE|WRITE_DAC|WRITE_OWNER|QUERY|MAP_WRITE|MAP_READ
ReetFPS.exe,15040,DESKTOP-M4PIKSF\dani,0x00003968,Thread,,PointBlank.exe(20388): 20916,READ_CONTROL|DELETE|SYNCHRONIZE|WRITE_DAC|WRITE_OWNER|THREAD_ALL_ACCESS
ReetFPS.exe,15040,DESKTOP-M4PIKSF\dani,0x0000396C,Thread,,PointBlank.exe(20388): 21112,READ_CONTROL|DELETE|SYNCHRONIZE|WRITE_DAC|WRITE_OWNER|THREAD_ALL_ACCESS
ReetFPS.exe,15040,DESKTOP-M4PIKSF\dani,0x00003970,Thread,,PointBlank.exe(20388): 20584,READ_CONTROL|DELETE|SYNCHRONIZE|WRITE_DAC|WRITE_OWNER|THREAD_ALL_ACCESS
ReetFPS.exe,15040,DESKTOP-M4PIKSF\dani,0x00003974,Section,,,READ_CONTROL|DELETE|WRITE_DAC|WRITE_OWNER|QUERY|MAP_WRITE|MAP_READ
ReetFPS.exe,15040,DESKTOP-M4PIKSF\dani,0x00003978,Section,,,READ_CONTROL|DELETE|WRITE_DAC|WRITE_OWNER|QUERY|MAP_WRITE|MAP_READ
ReetFPS.exe,15040,DESKTOP-M4PIKSF\dani,0x0000397C,Section,,,READ_CONTROL|DELETE|WRITE_DAC|WRITE_OWNER|QUERY|MAP_WRITE|MAP_READ
ReetFPS.exe,15040,DESKTOP-M4PIKSF\dani,0x00003980,Section,,,READ_CONTROL|DELETE|WRITE_DAC|WRITE_OWNER|QUERY|MAP_WRITE|MAP_READ
ReetFPS.exe,15040,DESKTOP-M4PIKSF\dani,0x00003984,Thread,,PointBlank.exe(20388): 21384,READ_CONTROL|DELETE|SYNCHRONIZE|WRITE_DAC|WRITE_OWNER|THREAD_ALL_ACCESS
ReetFPS.exe,15040,DESKTOP-M4PIKSF\dani,0x00003988,Section,,,READ_CONTROL|DELETE|WRITE_DAC|WRITE_OWNER|QUERY|MAP_WRITE|MAP_READ
ReetFPS.exe,15040,DESKTOP-M4PIKSF\dani,0x0000398C,Section,,,READ_CONTROL|DELETE|WRITE_DAC|WRITE_OWNER|QUERY|MAP_WRITE|MAP_READ
ReetFPS.exe,15040,DESKTOP-M4PIKSF\dani,0x00003990,Thread,,PointBlank.exe(20388): 19536,READ_CONTROL|DELETE|SYNCHRONIZE|WRITE_DAC|WRITE_OWNER|THREAD_ALL_ACCESS
ReetFPS.exe,15040,DESKTOP-M4PIKSF\dani,0x00003994,Section,,,READ_CONTROL|DELETE|WRITE_DAC|WRITE_OWNER|QUERY|MAP_WRITE|MAP_READ
ReetFPS.exe,15040,DESKTOP-M4PIKSF\dani,0x00003998,Section,,,READ_CONTROL|DELETE|WRITE_DAC|WRITE_OWNER|QUERY|MAP_WRITE|MAP_READ
ReetFPS.exe,15040,DESKTOP-M4PIKSF\dani,0x0000399C,Section,,,READ_CONTROL|DELETE|WRITE_DAC|WRITE_OWNER|QUERY|MAP_WRITE|MAP_READ
ReetFPS.exe,15040,DESKTOP-M4PIKSF\dani,0x000039A0,Section,,,READ_CONTROL|DELETE|WRITE_DAC|WRITE_OWNER|QUERY|MAP_WRITE|MAP_READ
ReetFPS.exe,15040,DESKTOP-M4PIKSF\dani,0x000039A4,Section,,,READ_CONTROL|DELETE|WRITE_DAC|WRITE_OWNER|QUERY|MAP_WRITE|MAP_READ
ReetFPS.exe,15040,DESKTOP-M4PIKSF\dani,0x000039A8,Section,,,READ_CONTROL|DELETE|WRITE_DAC|WRITE_OWNER|QUERY|MAP_WRITE|MAP_READ
ReetFPS.exe,15040,DESKTOP-M4PIKSF\dani,0x000039AC,Section,,,READ_CONTROL|DELETE|WRITE_DAC|WRITE_OWNER|QUERY|MAP_WRITE|MAP_READ
ReetFPS.exe,15040,DESKTOP-M4PIKSF\dani,0x000039B0,Section,,,READ_CONTROL|DELETE|WRITE_DAC|WRITE_OWNER|QUERY|MAP_WRITE|MAP_READ
ReetFPS.exe,15040,DESKTOP-M4PIKSF\dani,0x000039B4,Section,,,READ_CONTROL|DELETE|WRITE_DAC|WRITE_OWNER|QUERY|MAP_WRITE|MAP_READ
ReetFPS.exe,15040,DESKTOP-M4PIKSF\dani,0x000039B8,Process,,PointBlank.exe(20388),SYNCHRONIZE|QUERY_LIMITED_INFORMATION
ReetFPS.exe,15040,DESKTOP-M4PIKSF\dani,0x000039BC,Section,,,READ_CONTROL|DELETE|WRITE_DAC|WRITE_OWNER|QUERY|MAP_WRITE|MAP_READ
ReetFPS.exe,15040,DESKTOP-M4PIKSF\dani,0x000039C0,Section,,,READ_CONTROL|DELETE|WRITE_DAC|WRITE_OWNER|QUERY|MAP_WRITE|MAP_READ
ReetFPS.exe,15040,DESKTOP-M4PIKSF\dani,0x000039C4,Section,,,READ_CONTROL|DELETE|WRITE_DAC|WRITE_OWNER|QUERY|MAP_WRITE|MAP_READ
ReetFPS.exe,15040,DESKTOP-M4PIKSF\dani,0x000039C8,Section,,,READ_CONTROL|DELETE|WRITE_DAC|WRITE_OWNER|QUERY|MAP_WRITE|MAP_READ
ReetFPS.exe,15040,DESKTOP-M4PIKSF\dani,0x000039CC,Section,,,READ_CONTROL|DELETE|WRITE_DAC|WRITE_OWNER|QUERY|MAP_WRITE|MAP_READ
ReetFPS.exe,15040,DESKTOP-M4PIKSF\dani,0x000039D0,Section,,,READ_CONTROL|DELETE|WRITE_DAC|WRITE_OWNER|QUERY|MAP_WRITE|MAP_READ
ReetFPS.exe,15040,DESKTOP-M4PIKSF\dani,0x000039D4,Section,,,READ_CONTROL|DELETE|WRITE_DAC|WRITE_OWNER|QUERY|MAP_WRITE|MAP_READ
ReetFPS.exe,15040,DESKTOP-M4PIKSF\dani,0x000039D8,Section,,,READ_CONTROL|DELETE|WRITE_DAC|WRITE_OWNER|QUERY|MAP_WRITE|MAP_READ
ReetFPS.exe,15040,DESKTOP-M4PIKSF\dani,0x000039DC,Section,,,READ_CONTROL|DELETE|WRITE_DAC|WRITE_OWNER|QUERY|MAP_WRITE|MAP_READ
ReetFPS.exe,15040,DESKTOP-M4PIKSF\dani,0x000039E0,Thread,,PointBlank.exe(20388): 19484,READ_CONTROL|DELETE|SYNCHRONIZE|WRITE_DAC|WRITE_OWNER|THREAD_ALL_ACCESS
ReetFPS.exe,15040,DESKTOP-M4PIKSF\dani,0x000039E4,Section,,,READ_CONTROL|DELETE|WRITE_DAC|WRITE_OWNER|QUERY|MAP_WRITE|MAP_READ
ReetFPS.exe,15040,DESKTOP-M4PIKSF\dani,0x000039E8,Section,,,READ_CONTROL|DELETE|WRITE_DAC|WRITE_OWNER|QUERY|MAP_WRITE|MAP_READ
ReetFPS.exe,15040,DESKTOP-M4PIKSF\dani,0x000039EC,Section,,,READ_CONTROL|DELETE|WRITE_DAC|WRITE_OWNER|QUERY|MAP_WRITE|MAP_READ
ReetFPS.exe,15040,DESKTOP-M4PIKSF\dani,0x000039F0,Thread,,PointBlank.exe(20388): 21140,READ_CONTROL|DELETE|SYNCHRONIZE|WRITE_DAC|WRITE_OWNER|THREAD_ALL_ACCESS
ReetFPS.exe,15040,DESKTOP-M4PIKSF\dani,0x000039F4,Thread,,PointBlank.exe(20388): 5200,READ_CONTROL|DELETE|SYNCHRONIZE|WRITE_DAC|WRITE_OWNER|THREAD_ALL_ACCESS
ReetFPS.exe,15040,DESKTOP-M4PIKSF\dani,0x000039F8,Section,,,READ_CONTROL|DELETE|WRITE_DAC|WRITE_OWNER|QUERY|MAP_WRITE|MAP_READ
ReetFPS.exe,15040,DESKTOP-M4PIKSF\dani,0x000039FC,Section,,,READ_CONTROL|DELETE|WRITE_DAC|WRITE_OWNER|QUERY|MAP_WRITE|MAP_READ
ReetFPS.exe,15040,DESKTOP-M4PIKSF\dani,0x00003A00,Section,,,READ_CONTROL|DELETE|WRITE_DAC|WRITE_OWNER|QUERY|MAP_WRITE|MAP_READ
ReetFPS.exe,15040,DESKTOP-M4PIKSF\dani,0x00003A04,Section,,,READ_CONTROL|DELETE|WRITE_DAC|WRITE_OWNER|QUERY|MAP_WRITE|MAP_READ
ReetFPS.exe,15040,DESKTOP-M4PIKSF\dani,0x00003A08,Section,,,READ_CONTROL|DELETE|WRITE_DAC|WRITE_OWNER|QUERY|MAP_WRITE|MAP_READ
ReetFPS.exe,15040,DESKTOP-M4PIKSF\dani,0x00003A0C,Section,,,READ_CONTROL|DELETE|WRITE_DAC|WRITE_OWNER|QUERY|MAP_WRITE|MAP_READ
ReetFPS.exe,15040,DESKTOP-M4PIKSF\dani,0x00003A10,Section,,,READ_CONTROL|DELETE|WRITE_DAC|WRITE_OWNER|QUERY|MAP_WRITE|MAP_READ
ReetFPS.exe,15040,DESKTOP-M4PIKSF\dani,0x00003A14,Thread,,PointBlank.exe(20388): 10188,READ_CONTROL|DELETE|SYNCHRONIZE|WRITE_DAC|WRITE_OWNER|THREAD_ALL_ACCESS
ReetFPS.exe,15040,DESKTOP-M4PIKSF\dani,0x00003A18,Section,,,READ_CONTROL|DELETE|WRITE_DAC|WRITE_OWNER|QUERY|MAP_WRITE|MAP_READ
ReetFPS.exe,15040,DESKTOP-M4PIKSF\dani,0x00003A1C,Section,,,READ_CONTROL|DELETE|WRITE_DAC|WRITE_OWNER|QUERY|MAP_WRITE|MAP_READ
ReetFPS.exe,15040,DESKTOP-M4PIKSF\dani,0x00003A20,Section,,,READ_CONTROL|DELETE|WRITE_DAC|WRITE_OWNER|QUERY|MAP_WRITE|MAP_READ
ReetFPS.exe,15040,DESKTOP-M4PIKSF\dani,0x00003A24,Section,,,READ_CONTROL|DELETE|WRITE_DAC|WRITE_OWNER|QUERY|MAP_WRITE|MAP_READ
ReetFPS.exe,15040,DESKTOP-M4PIKSF\dani,0x00003A28,Section,,,READ_CONTROL|DELETE|WRITE_DAC|WRITE_OWNER|QUERY|MAP_WRITE|MAP_READ
ReetFPS.exe,15040,DESKTOP-M4PIKSF\dani,0x00003A2C,Section,,,READ_CONTROL|DELETE|WRITE_DAC|WRITE_OWNER|QUERY|MAP_WRITE|MAP_READ
ReetFPS.exe,15040,DESKTOP-M4PIKSF\dani,0x00003A30,Section,,,READ_CONTROL|DELETE|WRITE_DAC|WRITE_OWNER|QUERY|MAP_WRITE|MAP_READ
ReetFPS.exe,15040,DESKTOP-M4PIKSF\dani,0x00003A34,Section,,,READ_CONTROL|DELETE|WRITE_DAC|WRITE_OWNER|QUERY|MAP_WRITE|MAP_READ
ReetFPS.exe,15040,DESKTOP-M4PIKSF\dani,0x00003A38,Section,,,READ_CONTROL|DELETE|WRITE_DAC|WRITE_OWNER|QUERY|MAP_WRITE|MAP_READ
ReetFPS.exe,15040,DESKTOP-M4PIKSF\dani,0x00003A3C,Section,,,READ_CONTROL|DELETE|WRITE_DAC|WRITE_OWNER|QUERY|MAP_WRITE|MAP_READ
ReetFPS.exe,15040,DESKTOP-M4PIKSF\dani,0x00003A40,Thread,,ReetFPS.exe(15040): 9784,READ_CONTROL|DELETE|SYNCHRONIZE|WRITE_DAC|WRITE_OWNER|THREAD_ALL_ACCESS
ReetFPS.exe,15040,DESKTOP-M4PIKSF\dani,0x00003A44,Section,,,READ_CONTROL|DELETE|WRITE_DAC|WRITE_OWNER|QUERY|MAP_WRITE|MAP_READ
ReetFPS.exe,15040,DESKTOP-M4PIKSF\dani,0x00003A48,Thread,,PointBlank.exe(20388): 20304,READ_CONTROL|DELETE|SYNCHRONIZE|WRITE_DAC|WRITE_OWNER|THREAD_ALL_ACCESS
ReetFPS.exe,15040,DESKTOP-M4PIKSF\dani,0x00003A4C,Section,,,READ_CONTROL|DELETE|WRITE_DAC|WRITE_OWNER|QUERY|MAP_WRITE|MAP_READ
ReetFPS.exe,15040,DESKTOP-M4PIKSF\dani,0x00003A50,Section,,,READ_CONTROL|DELETE|WRITE_DAC|WRITE_OWNER|QUERY|MAP_WRITE|MAP_READ
ReetFPS.exe,15040,DESKTOP-M4PIKSF\dani,0x00003A54,Section,,,READ_CONTROL|DELETE|WRITE_DAC|WRITE_OWNER|QUERY|MAP_WRITE|MAP_READ
ReetFPS.exe,15040,DESKTOP-M4PIKSF\dani,0x00003A58,Section,,,READ_CONTROL|DELETE|WRITE_DAC|WRITE_OWNER|QUERY|MAP_WRITE|MAP_READ
ReetFPS.exe,15040,DESKTOP-M4PIKSF\dani,0x00003A5C,Thread,,PointBlank.exe(20388): 19332,READ_CONTROL|DELETE|SYNCHRONIZE|WRITE_DAC|WRITE_OWNER|THREAD_ALL_ACCESS
ReetFPS.exe,15040,DESKTOP-M4PIKSF\dani,0x00003A60,Thread,,PointBlank.exe(20388): 6896,READ_CONTROL|DELETE|SYNCHRONIZE|WRITE_DAC|WRITE_OWNER|THREAD_ALL_ACCESS
ReetFPS.exe,15040,DESKTOP-M4PIKSF\dani,0x00003A64,Section,,,READ_CONTROL|DELETE|WRITE_DAC|WRITE_OWNER|QUERY|MAP_WRITE|MAP_READ
ReetFPS.exe,15040,DESKTOP-M4PIKSF\dani,0x00003A68,Thread,,PointBlank.exe(20388): 3928,READ_CONTROL|DELETE|SYNCHRONIZE|WRITE_DAC|WRITE_OWNER|THREAD_ALL_ACCESS
ReetFPS.exe,15040,DESKTOP-M4PIKSF\dani,0x00003A6C,Thread,,PointBlank.exe(20388): 21144,READ_CONTROL|DELETE|SYNCHRONIZE|WRITE_DAC|WRITE_OWNER|THREAD_ALL_ACCESS
ReetFPS.exe,15040,DESKTOP-M4PIKSF\dani,0x00003A70,Section,,,READ_CONTROL|DELETE|WRITE_DAC|WRITE_OWNER|QUERY|MAP_WRITE|MAP_READ
ReetFPS.exe,15040,DESKTOP-M4PIKSF\dani,0x00003A74,Section,,,READ_CONTROL|DELETE|WRITE_DAC|WRITE_OWNER|QUERY|MAP_WRITE|MAP_READ
ReetFPS.exe,15040,DESKTOP-M4PIKSF\dani,0x00003A78,Section,,,READ_CONTROL|DELETE|WRITE_DAC|WRITE_OWNER|QUERY|MAP_WRITE|MAP_READ
ReetFPS.exe,15040,DESKTOP-M4PIKSF\dani,0x00003A7C,Section,,,READ_CONTROL|DELETE|WRITE_DAC|WRITE_OWNER|QUERY|MAP_WRITE|MAP_READ
ReetFPS.exe,15040,DESKTOP-M4PIKSF\dani,0x00003A80,Section,,,READ_CONTROL|DELETE|WRITE_DAC|WRITE_OWNER|QUERY|MAP_WRITE|MAP_READ
ReetFPS.exe,15040,DESKTOP-M4PIKSF\dani,0x00003A84,Thread,,PointBlank.exe(20388): 19548,READ_CONTROL|DELETE|SYNCHRONIZE|WRITE_DAC|WRITE_OWNER|THREAD_ALL_ACCESS
ReetFPS.exe,15040,DESKTOP-M4PIKSF\dani,0x00003A88,Thread,,PointBlank.exe(20388): 20860,READ_CONTROL|DELETE|SYNCHRONIZE|WRITE_DAC|WRITE_OWNER|THREAD_ALL_ACCESS
ReetFPS.exe,15040,DESKTOP-M4PIKSF\dani,0x00003A8C,Section,,,READ_CONTROL|DELETE|WRITE_DAC|WRITE_OWNER|QUERY|MAP_WRITE|MAP_READ
ReetFPS.exe,15040,DESKTOP-M4PIKSF\dani,0x00003A90,Section,,,READ_CONTROL|DELETE|WRITE_DAC|WRITE_OWNER|QUERY|MAP_WRITE|MAP_READ
ReetFPS.exe,15040,DESKTOP-M4PIKSF\dani,0x00003A94,Section,,,READ_CONTROL|DELETE|WRITE_DAC|WRITE_OWNER|QUERY|MAP_WRITE|MAP_READ
ReetFPS.exe,15040,DESKTOP-M4PIKSF\dani,0x00003A98,Section,,,READ_CONTROL|DELETE|WRITE_DAC|WRITE_OWNER|QUERY|MAP_WRITE|MAP_READ
ReetFPS.exe,15040,DESKTOP-M4PIKSF\dani,0x00003A9C,Section,,,READ_CONTROL|DELETE|WRITE_DAC|WRITE_OWNER|QUERY|MAP_WRITE|MAP_READ
ReetFPS.exe,15040,DESKTOP-M4PIKSF\dani,0x00003AA0,Section,,,READ_CONTROL|DELETE|WRITE_DAC|WRITE_OWNER|QUERY|MAP_WRITE|MAP_READ
ReetFPS.exe,15040,DESKTOP-M4PIKSF\dani,0x00003AA4,Process,,PointBlank.exe(20388),QUERY_LIMITED_INFORMATION
ReetFPS.exe,15040,DESKTOP-M4PIKSF\dani,0x00003AA8,Section,,,READ_CONTROL|DELETE|WRITE_DAC|WRITE_OWNER|QUERY|MAP_WRITE|MAP_READ
ReetFPS.exe,15040,DESKTOP-M4PIKSF\dani,0x00003AAC,Section,,,READ_CONTROL|DELETE|WRITE_DAC|WRITE_OWNER|QUERY|MAP_WRITE|MAP_READ
ReetFPS.exe,15040,DESKTOP-M4PIKSF\dani,0x00003AB0,Section,,,READ_CONTROL|DELETE|WRITE_DAC|WRITE_OWNER|QUERY|MAP_WRITE|MAP_READ
ReetFPS.exe,15040,DESKTOP-M4PIKSF\dani,0x00003AB4,Section,,,READ_CONTROL|DELETE|WRITE_DAC|WRITE_OWNER|QUERY|MAP_WRITE|MAP_READ
ReetFPS.exe,15040,DESKTOP-M4PIKSF\dani,0x00003AB8,Section,,,READ_CONTROL|DELETE|WRITE_DAC|WRITE_OWNER|QUERY|MAP_WRITE|MAP_READ
ReetFPS.exe,15040,DESKTOP-M4PIKSF\dani,0x00003ABC,Section,,,READ_CONTROL|DELETE|WRITE_DAC|WRITE_OWNER|QUERY|MAP_WRITE|MAP_READ
ReetFPS.exe,15040,DESKTOP-M4PIKSF\dani,0x00003AC0,Section,,,READ_CONTROL|DELETE|WRITE_DAC|WRITE_OWNER|QUERY|MAP_WRITE|MAP_READ
ReetFPS.exe,15040,DESKTOP-M4PIKSF\dani,0x00003AC4,Section,,,READ_CONTROL|DELETE|WRITE_DAC|WRITE_OWNER|QUERY|MAP_WRITE|MAP_READ
ReetFPS.exe,15040,DESKTOP-M4PIKSF\dani,0x00003AC8,Section,,,READ_CONTROL|DELETE|WRITE_DAC|WRITE_OWNER|QUERY|MAP_WRITE|MAP_READ
ReetFPS.exe,15040,DESKTOP-M4PIKSF\dani,0x00003ACC,Section,,,READ_CONTROL|DELETE|WRITE_DAC|WRITE_OWNER|QUERY|MAP_WRITE|MAP_READ
ReetFPS.exe,15040,DESKTOP-M4PIKSF\dani,0x00003AD0,Section,,,READ_CONTROL|DELETE|WRITE_DAC|WRITE_OWNER|QUERY|MAP_WRITE|MAP_READ
ReetFPS.exe,15040,DESKTOP-M4PIKSF\dani,0x00003AD4,Thread,,PointBlank.exe(20388): 21400,READ_CONTROL|DELETE|SYNCHRONIZE|WRITE_DAC|WRITE_OWNER|THREAD_ALL_ACCESS
ReetFPS.exe,15040,DESKTOP-M4PIKSF\dani,0x00003AD8,Section,,,READ_CONTROL|DELETE|WRITE_DAC|WRITE_OWNER|QUERY|MAP_WRITE|MAP_READ
ReetFPS.exe,15040,DESKTOP-M4PIKSF\dani,0x00003ADC,Process,,PointBlank.exe(20388),SYNCHRONIZE|SET_INFORMATION|QUERY_LIMITED_INFORMATION
ReetFPS.exe,15040,DESKTOP-M4PIKSF\dani,0x00003AE0,Thread,,PointBlank.exe(20388): 13924,READ_CONTROL|DELETE|SYNCHRONIZE|WRITE_DAC|WRITE_OWNER|THREAD_ALL_ACCESS
ReetFPS.exe,15040,DESKTOP-M4PIKSF\dani,0x00003AE4,Thread,,PointBlank.exe(20388): 7192,READ_CONTROL|DELETE|SYNCHRONIZE|WRITE_DAC|WRITE_OWNER|THREAD_ALL_ACCESS
ReetFPS.exe,15040,DESKTOP-M4PIKSF\dani,0x00003AE8,Section,,,READ_CONTROL|DELETE|WRITE_DAC|WRITE_OWNER|QUERY|MAP_WRITE|MAP_READ
ReetFPS.exe,15040,DESKTOP-M4PIKSF\dani,0x00003AEC,Section,,,READ_CONTROL|DELETE|WRITE_DAC|WRITE_OWNER|QUERY|MAP_WRITE|MAP_READ
ReetFPS.exe,15040,DESKTOP-M4PIKSF\dani,0x00003AF0,Thread,,PointBlank.exe(20388): 6064,READ_CONTROL|DELETE|SYNCHRONIZE|WRITE_DAC|WRITE_OWNER|THREAD_ALL_ACCESS
ReetFPS.exe,15040,DESKTOP-M4PIKSF\dani,0x00003AF4,Thread,,PointBlank.exe(20388): 20588,READ_CONTROL|DELETE|SYNCHRONIZE|WRITE_DAC|WRITE_OWNER|THREAD_ALL_ACCESS
ReetFPS.exe,15040,DESKTOP-M4PIKSF\dani,0x00003AF8,Section,,,READ_CONTROL|DELETE|WRITE_DAC|WRITE_OWNER|QUERY|MAP_WRITE|MAP_READ
ReetFPS.exe,15040,DESKTOP-M4PIKSF\dani,0x00003AFC,Section,,,READ_CONTROL|DELETE|WRITE_DAC|WRITE_OWNER|QUERY|MAP_WRITE|MAP_READ
ReetFPS.exe,15040,DESKTOP-M4PIKSF\dani,0x00003B00,Thread,,PointBlank.exe(20388): 20904,READ_CONTROL|DELETE|SYNCHRONIZE|WRITE_DAC|WRITE_OWNER|THREAD_ALL_ACCESS
ReetFPS.exe,15040,DESKTOP-M4PIKSF\dani,0x00003B04,Thread,,PointBlank.exe(20388): 21404,READ_CONTROL|DELETE|SYNCHRONIZE|WRITE_DAC|WRITE_OWNER|THREAD_ALL_ACCESS
ReetFPS.exe,15040,DESKTOP-M4PIKSF\dani,0x00003B08,Section,,,READ_CONTROL|DELETE|WRITE_DAC|WRITE_OWNER|QUERY|MAP_WRITE|MAP_READ
ReetFPS.exe,15040,DESKTOP-M4PIKSF\dani,0x00003B0C,Section,,,READ_CONTROL|DELETE|WRITE_DAC|WRITE_OWNER|QUERY|MAP_WRITE|MAP_READ
ReetFPS.exe,15040,DESKTOP-M4PIKSF\dani,0x00003B10,Section,,,READ_CONTROL|DELETE|WRITE_DAC|WRITE_OWNER|QUERY|MAP_WRITE|MAP_READ
ReetFPS.exe,15040,DESKTOP-M4PIKSF\dani,0x00003B14,Thread,,PointBlank.exe(20388): 476,READ_CONTROL|DELETE|SYNCHRONIZE|WRITE_DAC|WRITE_OWNER|THREAD_ALL_ACCESS
ReetFPS.exe,15040,DESKTOP-M4PIKSF\dani,0x00003B18,Thread,,PointBlank.exe(20388): 11068,READ_CONTROL|DELETE|SYNCHRONIZE|WRITE_DAC|WRITE_OWNER|THREAD_ALL_ACCESS
ReetFPS.exe,15040,DESKTOP-M4PIKSF\dani,0x00003B1C,Section,,,READ_CONTROL|DELETE|WRITE_DAC|WRITE_OWNER|QUERY|MAP_WRITE|MAP_READ
ReetFPS.exe,15040,DESKTOP-M4PIKSF\dani,0x00003B20,Thread,,PointBlank.exe(20388): 18172,READ_CONTROL|DELETE|SYNCHRONIZE|WRITE_DAC|WRITE_OWNER|THREAD_ALL_ACCESS
ReetFPS.exe,15040,DESKTOP-M4PIKSF\dani,0x00003B24,Section,,,READ_CONTROL|DELETE|WRITE_DAC|WRITE_OWNER|QUERY|MAP_WRITE|MAP_READ
ReetFPS.exe,15040,DESKTOP-M4PIKSF\dani,0x00003B28,Thread,,PointBlank.exe(20388): 7492,READ_CONTROL|DELETE|SYNCHRONIZE|WRITE_DAC|WRITE_OWNER|THREAD_ALL_ACCESS
ReetFPS.exe,15040,DESKTOP-M4PIKSF\dani,0x00003B2C,Thread,,PointBlank.exe(20388): 16780,READ_CONTROL|DELETE|SYNCHRONIZE|WRITE_DAC|WRITE_OWNER|THREAD_ALL_ACCESS
ReetFPS.exe,15040,DESKTOP-M4PIKSF\dani,0x00003B30,Event,,,READ_CONTROL|DELETE|SYNCHRONIZE|WRITE_DAC|WRITE_OWNER|EVENT_ALL_ACCESS
ReetFPS.exe,15040,DESKTOP-M4PIKSF\dani,0x00003B34,Section,,,READ_CONTROL|DELETE|WRITE_DAC|WRITE_OWNER|QUERY|MAP_WRITE|MAP_READ
ReetFPS.exe,15040,DESKTOP-M4PIKSF\dani,0x00003B38,Section,,,READ_CONTROL|DELETE|WRITE_DAC|WRITE_OWNER|QUERY|MAP_WRITE|MAP_READ
ReetFPS.exe,15040,DESKTOP-M4PIKSF\dani,0x00003B3C,Section,,,READ_CONTROL|DELETE|WRITE_DAC|WRITE_OWNER|QUERY|MAP_WRITE|MAP_READ
ReetFPS.exe,15040,DESKTOP-M4PIKSF\dani,0x00003B40,Thread,,PointBlank.exe(22372): 19228,READ_CONTROL|DELETE|SYNCHRONIZE|WRITE_DAC|WRITE_OWNER|THREAD_ALL_ACCESS
ReetFPS.exe,15040,DESKTOP-M4PIKSF\dani,0x00003B44,Thread,,PointBlank.exe(20388): 15636,READ_CONTROL|DELETE|SYNCHRONIZE|WRITE_DAC|WRITE_OWNER|THREAD_ALL_ACCESS
ReetFPS.exe,15040,DESKTOP-M4PIKSF\dani,0x00003B48,Thread,,PointBlank.exe(20388): 19544,READ_CONTROL|DELETE|SYNCHRONIZE|WRITE_DAC|WRITE_OWNER|THREAD_ALL_ACCESS
ReetFPS.exe,15040,DESKTOP-M4PIKSF\dani,0x00003B4C,Section,,,READ_CONTROL|DELETE|WRITE_DAC|WRITE_OWNER|QUERY|MAP_WRITE|MAP_READ
ReetFPS.exe,15040,DESKTOP-M4PIKSF\dani,0x00003B50,Thread,,PointBlank.exe(20388): 4660,READ_CONTROL|DELETE|SYNCHRONIZE|WRITE_DAC|WRITE_OWNER|THREAD_ALL_ACCESS
ReetFPS.exe,15040,DESKTOP-M4PIKSF\dani,0x00003B54,Section,,,READ_CONTROL|DELETE|WRITE_DAC|WRITE_OWNER|QUERY|MAP_WRITE|MAP_READ
ReetFPS.exe,15040,DESKTOP-M4PIKSF\dani,0x00003B58,Section,,,READ_CONTROL|DELETE|WRITE_DAC|WRITE_OWNER|QUERY|MAP_WRITE|MAP_READ
ReetFPS.exe,15040,DESKTOP-M4PIKSF\dani,0x00003B5C,Section,,,READ_CONTROL|DELETE|WRITE_DAC|WRITE_OWNER|QUERY|MAP_WRITE|MAP_READ
ReetFPS.exe,15040,DESKTOP-M4PIKSF\dani,0x00003B60,Thread,,PointBlank.exe(20388): 18952,READ_CONTROL|DELETE|SYNCHRONIZE|WRITE_DAC|WRITE_OWNER|THREAD_ALL_ACCESS
ReetFPS.exe,15040,DESKTOP-M4PIKSF\dani,0x00003B64,Thread,,PointBlank.exe(20388): 20340,READ_CONTROL|DELETE|SYNCHRONIZE|WRITE_DAC|WRITE_OWNER|THREAD_ALL_ACCESS
ReetFPS.exe,15040,DESKTOP-M4PIKSF\dani,0x00003B68,Section,,,READ_CONTROL|DELETE|WRITE_DAC|WRITE_OWNER|QUERY|MAP_WRITE|MAP_READ
ReetFPS.exe,15040,DESKTOP-M4PIKSF\dani,0x00003B6C,Thread,,PointBlank.exe(20388): 17720,READ_CONTROL|DELETE|SYNCHRONIZE|WRITE_DAC|WRITE_OWNER|THREAD_ALL_ACCESS
ReetFPS.exe,15040,DESKTOP-M4PIKSF\dani,0x00003B70,Section,,,READ_CONTROL|DELETE|WRITE_DAC|WRITE_OWNER|QUERY|MAP_WRITE|MAP_READ
ReetFPS.exe,15040,DESKTOP-M4PIKSF\dani,0x00003B74,Section,,,READ_CONTROL|DELETE|WRITE_DAC|WRITE_OWNER|QUERY|MAP_WRITE|MAP_READ
ReetFPS.exe,15040,DESKTOP-M4PIKSF\dani,0x00003B78,Thread,,PointBlank.exe(20388): 20812,READ_CONTROL|DELETE|SYNCHRONIZE|WRITE_DAC|WRITE_OWNER|THREAD_ALL_ACCESS
ReetFPS.exe,15040,DESKTOP-M4PIKSF\dani,0x00003B7C,Section,,,READ_CONTROL|DELETE|WRITE_DAC|WRITE_OWNER|QUERY|MAP_WRITE|MAP_READ
ReetFPS.exe,15040,DESKTOP-M4PIKSF\dani,0x00003B80,Section,,,READ_CONTROL|DELETE|WRITE_DAC|WRITE_OWNER|QUERY|MAP_WRITE|MAP_READ
ReetFPS.exe,15040,DESKTOP-M4PIKSF\dani,0x00003B84,Thread,,PointBlank.exe(20388): 17980,READ_CONTROL|DELETE|SYNCHRONIZE|WRITE_DAC|WRITE_OWNER|THREAD_ALL_ACCESS
ReetFPS.exe,15040,DESKTOP-M4PIKSF\dani,0x00003B88,Thread,,PointBlank.exe(20388): 18412,READ_CONTROL|DELETE|SYNCHRONIZE|WRITE_DAC|WRITE_OWNER|THREAD_ALL_ACCESS
ReetFPS.exe,15040,DESKTOP-M4PIKSF\dani,0x00003B8C,Thread,,PointBlank.exe(20388): 21004,READ_CONTROL|DELETE|SYNCHRONIZE|WRITE_DAC|WRITE_OWNER|THREAD_ALL_ACCESS
ReetFPS.exe,15040,DESKTOP-M4PIKSF\dani,0x00003B90,Thread,,PointBlank.exe(20388): 19504,READ_CONTROL|DELETE|SYNCHRONIZE|WRITE_DAC|WRITE_OWNER|THREAD_ALL_ACCESS
ReetFPS.exe,15040,DESKTOP-M4PIKSF\dani,0x00003B94,Thread,,PointBlank.exe(20388): 16556,READ_CONTROL|DELETE|SYNCHRONIZE|WRITE_DAC|WRITE_OWNER|THREAD_ALL_ACCESS
ReetFPS.exe,15040,DESKTOP-M4PIKSF\dani,0x00003B98,Section,,,READ_CONTROL|DELETE|WRITE_DAC|WRITE_OWNER|QUERY|MAP_WRITE|MAP_READ
ReetFPS.exe,15040,DESKTOP-M4PIKSF\dani,0x00003B9C,Section,,,READ_CONTROL|DELETE|WRITE_DAC|WRITE_OWNER|QUERY|MAP_WRITE|MAP_READ
ReetFPS.exe,15040,DESKTOP-M4PIKSF\dani,0x00003BA0,Thread,,PointBlank.exe(20388): 20500,READ_CONTROL|DELETE|SYNCHRONIZE|WRITE_DAC|WRITE_OWNER|THREAD_ALL_ACCESS
ReetFPS.exe,15040,DESKTOP-M4PIKSF\dani,0x00003BA4,Section,,,READ_CONTROL|DELETE|WRITE_DAC|WRITE_OWNER|QUERY|MAP_WRITE|MAP_READ
ReetFPS.exe,15040,DESKTOP-M4PIKSF\dani,0x00003BA8,Section,,,READ_CONTROL|DELETE|WRITE_DAC|WRITE_OWNER|QUERY|MAP_WRITE|MAP_READ
ReetFPS.exe,15040,DESKTOP-M4PIKSF\dani,0x00003BAC,Thread,,PointBlank.exe(20388): 14992,READ_CONTROL|DELETE|SYNCHRONIZE|WRITE_DAC|WRITE_OWNER|THREAD_ALL_ACCESS
ReetFPS.exe,15040,DESKTOP-M4PIKSF\dani,0x00003BB0,Section,,,READ_CONTROL|DELETE|WRITE_DAC|WRITE_OWNER|QUERY|MAP_WRITE|MAP_READ
ReetFPS.exe,15040,DESKTOP-M4PIKSF\dani,0x00003BB4,Section,,,READ_CONTROL|DELETE|WRITE_DAC|WRITE_OWNER|QUERY|MAP_WRITE|MAP_READ
ReetFPS.exe,15040,DESKTOP-M4PIKSF\dani,0x00003BB8,Section,,,READ_CONTROL|DELETE|WRITE_DAC|WRITE_OWNER|QUERY|MAP_WRITE|MAP_READ
ReetFPS.exe,15040,DESKTOP-M4PIKSF\dani,0x00003BBC,Section,,,READ_CONTROL|DELETE|WRITE_DAC|WRITE_OWNER|QUERY|MAP_WRITE|MAP_READ
ReetFPS.exe,15040,DESKTOP-M4PIKSF\dani,0x00003BC0,Section,,,READ_CONTROL|DELETE|WRITE_DAC|WRITE_OWNER|QUERY|MAP_WRITE|MAP_READ
ReetFPS.exe,15040,DESKTOP-M4PIKSF\dani,0x00003BC4,Section,,,READ_CONTROL|DELETE|WRITE_DAC|WRITE_OWNER|QUERY|MAP_WRITE|MAP_READ
ReetFPS.exe,15040,DESKTOP-M4PIKSF\dani,0x00003BC8,Thread,,PointBlank.exe(20388): 21160,READ_CONTROL|DELETE|SYNCHRONIZE|WRITE_DAC|WRITE_OWNER|THREAD_ALL_ACCESS
ReetFPS.exe,15040,DESKTOP-M4PIKSF\dani,0x00003BCC,Thread,,PointBlank.exe(20388): 21388,READ_CONTROL|DELETE|SYNCHRONIZE|WRITE_DAC|WRITE_OWNER|THREAD_ALL_ACCESS
ReetFPS.exe,15040,DESKTOP-M4PIKSF\dani,0x00003BD0,Thread,,PointBlank.exe(20388): 20524,READ_CONTROL|DELETE|SYNCHRONIZE|WRITE_DAC|WRITE_OWNER|THREAD_ALL_ACCESS
ReetFPS.exe,15040,DESKTOP-M4PIKSF\dani,0x00003BD4,Section,,,READ_CONTROL|DELETE|WRITE_DAC|WRITE_OWNER|QUERY|MAP_WRITE|MAP_READ
ReetFPS.exe,15040,DESKTOP-M4PIKSF\dani,0x00003BD8,Thread,,PointBlank.exe(20388): 7268,READ_CONTROL|DELETE|SYNCHRONIZE|WRITE_DAC|WRITE_OWNER|THREAD_ALL_ACCESS
ReetFPS.exe,15040,DESKTOP-M4PIKSF\dani,0x00003BDC,Thread,,PointBlank.exe(20388): 6164,READ_CONTROL|DELETE|SYNCHRONIZE|WRITE_DAC|WRITE_OWNER|THREAD_ALL_ACCESS
ReetFPS.exe,15040,DESKTOP-M4PIKSF\dani,0x00003BE0,Thread,,PointBlank.exe(20388): 18144,READ_CONTROL|DELETE|SYNCHRONIZE|WRITE_DAC|WRITE_OWNER|THREAD_ALL_ACCESS
ReetFPS.exe,15040,DESKTOP-M4PIKSF\dani,0x00003BE4,Section,,,READ_CONTROL|DELETE|WRITE_DAC|WRITE_OWNER|QUERY|MAP_WRITE|MAP_READ
ReetFPS.exe,15040,DESKTOP-M4PIKSF\dani,0x00003BE8,Section,,,READ_CONTROL|DELETE|WRITE_DAC|WRITE_OWNER|QUERY|MAP_WRITE|MAP_READ
ReetFPS.exe,15040,DESKTOP-M4PIKSF\dani,0x00003BEC,Thread,,PointBlank.exe(20388): 17308,READ_CONTROL|DELETE|SYNCHRONIZE|WRITE_DAC|WRITE_OWNER|THREAD_ALL_ACCESS
ReetFPS.exe,15040,DESKTOP-M4PIKSF\dani,0x00003BF0,Section,,,READ_CONTROL|DELETE|WRITE_DAC|WRITE_OWNER|QUERY|MAP_WRITE|MAP_READ
ReetFPS.exe,15040,DESKTOP-M4PIKSF\dani,0x00003BF4,Section,,,READ_CONTROL|DELETE|WRITE_DAC|WRITE_OWNER|QUERY|MAP_WRITE|MAP_READ
ReetFPS.exe,15040,DESKTOP-M4PIKSF\dani,0x00003BF8,Section,,,READ_CONTROL|DELETE|WRITE_DAC|WRITE_OWNER|QUERY|MAP_WRITE|MAP_READ
ReetFPS.exe,15040,DESKTOP-M4PIKSF\dani,0x00003BFC,Thread,,PointBlank.exe(20388): 13292,READ_CONTROL|DELETE|SYNCHRONIZE|WRITE_DAC|WRITE_OWNER|THREAD_ALL_ACCESS
ReetFPS.exe,15040,DESKTOP-M4PIKSF\dani,0x00003C04,Thread,,PointBlank.exe(20388): 20592,READ_CONTROL|DELETE|SYNCHRONIZE|WRITE_DAC|WRITE_OWNER|THREAD_ALL_ACCESS
ReetFPS.exe,15040,DESKTOP-M4PIKSF\dani,0x00003C08,Thread,,PointBlank.exe(20388): 15412,READ_CONTROL|DELETE|SYNCHRONIZE|WRITE_DAC|WRITE_OWNER|THREAD_ALL_ACCESS
ReetFPS.exe,15040,DESKTOP-M4PIKSF\dani,0x00003C0C,Thread,,PointBlank.exe(20388): 17556,READ_CONTROL|DELETE|SYNCHRONIZE|WRITE_DAC|WRITE_OWNER|THREAD_ALL_ACCESS
ReetFPS.exe,15040,DESKTOP-M4PIKSF\dani,0x00003C10,Thread,,PointBlank.exe(20388): 1396,READ_CONTROL|DELETE|SYNCHRONIZE|WRITE_DAC|WRITE_OWNER|THREAD_ALL_ACCESS
ReetFPS.exe,15040,DESKTOP-M4PIKSF\dani,0x00003C14,Thread,,PointBlank.exe(20388): 14588,READ_CONTROL|DELETE|SYNCHRONIZE|WRITE_DAC|WRITE_OWNER|THREAD_ALL_ACCESS
ReetFPS.exe,15040,DESKTOP-M4PIKSF\dani,0x00003C18,Thread,,PointBlank.exe(20388): 20872,READ_CONTROL|DELETE|SYNCHRONIZE|WRITE_DAC|WRITE_OWNER|THREAD_ALL_ACCESS
ReetFPS.exe,15040,DESKTOP-M4PIKSF\dani,0x00003C1C,Thread,,PointBlank.exe(20388): 20968,READ_CONTROL|DELETE|SYNCHRONIZE|WRITE_DAC|WRITE_OWNER|THREAD_ALL_ACCESS
ReetFPS.exe,15040,DESKTOP-M4PIKSF\dani,0x00003C20,Thread,,PointBlank.exe(20388): 18340,READ_CONTROL|DELETE|SYNCHRONIZE|WRITE_DAC|WRITE_OWNER|THREAD_ALL_ACCESS
ReetFPS.exe,15040,DESKTOP-M4PIKSF\dani,0x00003C24,Thread,,PointBlank.exe(20388): 14472,READ_CONTROL|DELETE|SYNCHRONIZE|WRITE_DAC|WRITE_OWNER|THREAD_ALL_ACCESS
ReetFPS.exe,15040,DESKTOP-M4PIKSF\dani,0x00003C28,Thread,,PointBlank.exe(20388): 20296,READ_CONTROL|DELETE|SYNCHRONIZE|WRITE_DAC|WRITE_OWNER|THREAD_ALL_ACCESS
ReetFPS.exe,15040,DESKTOP-M4PIKSF\dani,0x00003C2C,Thread,,PointBlank.exe(20388): 9004,READ_CONTROL|DELETE|SYNCHRONIZE|WRITE_DAC|WRITE_OWNER|THREAD_ALL_ACCESS
ReetFPS.exe,15040,DESKTOP-M4PIKSF\dani,0x00003C30,Thread,,PointBlank.exe(20388): 19468,READ_CONTROL|DELETE|SYNCHRONIZE|WRITE_DAC|WRITE_OWNER|THREAD_ALL_ACCESS
ReetFPS.exe,15040,DESKTOP-M4PIKSF\dani,0x00003C34,Thread,,PointBlank.exe(20388): 21316,READ_CONTROL|DELETE|SYNCHRONIZE|WRITE_DAC|WRITE_OWNER|THREAD_ALL_ACCESS
ReetFPS.exe,15040,DESKTOP-M4PIKSF\dani,0x00003C38,Thread,,PointBlank.exe(20388): 4760,READ_CONTROL|DELETE|SYNCHRONIZE|WRITE_DAC|WRITE_OWNER|THREAD_ALL_ACCESS
ReetFPS.exe,15040,DESKTOP-M4PIKSF\dani,0x00003C3C,Thread,,PointBlank.exe(20388): 20612,READ_CONTROL|DELETE|SYNCHRONIZE|WRITE_DAC|WRITE_OWNER|THREAD_ALL_ACCESS
ReetFPS.exe,15040,DESKTOP-M4PIKSF\dani,0x00003C40,Thread,,PointBlank.exe(20388): 7524,READ_CONTROL|DELETE|SYNCHRONIZE|WRITE_DAC|WRITE_OWNER|THREAD_ALL_ACCESS
ReetFPS.exe,15040,DESKTOP-M4PIKSF\dani,0x00003C44,Thread,,PointBlank.exe(20388): 10160,READ_CONTROL|DELETE|SYNCHRONIZE|WRITE_DAC|WRITE_OWNER|THREAD_ALL_ACCESS
ReetFPS.exe,15040,DESKTOP-M4PIKSF\dani,0x00003C48,Thread,,PointBlank.exe(20388): 20972,READ_CONTROL|DELETE|SYNCHRONIZE|WRITE_DAC|WRITE_OWNER|THREAD_ALL_ACCESS
ReetFPS.exe,15040,DESKTOP-M4PIKSF\dani,0x00003C4C,Thread,,PointBlank.exe(20388): 11660,READ_CONTROL|DELETE|SYNCHRONIZE|WRITE_DAC|WRITE_OWNER|THREAD_ALL_ACCESS
ReetFPS.exe,15040,DESKTOP-M4PIKSF\dani,0x00003C50,Thread,,PointBlank.exe(20388): 12340,READ_CONTROL|DELETE|SYNCHRONIZE|WRITE_DAC|WRITE_OWNER|THREAD_ALL_ACCESS
ReetFPS.exe,15040,DESKTOP-M4PIKSF\dani,0x00003C54,Thread,,PointBlank.exe(20388): 20864,READ_CONTROL|DELETE|SYNCHRONIZE|WRITE_DAC|WRITE_OWNER|THREAD_ALL_ACCESS
ReetFPS.exe,15040,DESKTOP-M4PIKSF\dani,0x00003C58,Thread,,PointBlank.exe(20388): 20744,READ_CONTROL|DELETE|SYNCHRONIZE|WRITE_DAC|WRITE_OWNER|THREAD_ALL_ACCESS
ReetFPS.exe,15040,DESKTOP-M4PIKSF\dani,0x00003C5C,Thread,,PointBlank.exe(20388): 13792,READ_CONTROL|DELETE|SYNCHRONIZE|WRITE_DAC|WRITE_OWNER|THREAD_ALL_ACCESS
ReetFPS.exe,15040,DESKTOP-M4PIKSF\dani,0x00003C60,Thread,,PointBlank.exe(20388): 5216,READ_CONTROL|DELETE|SYNCHRONIZE|WRITE_DAC|WRITE_OWNER|THREAD_ALL_ACCESS
ReetFPS.exe,15040,DESKTOP-M4PIKSF\dani,0x00003C64,Thread,,PointBlank.exe(20388): 16764,READ_CONTROL|DELETE|SYNCHRONIZE|WRITE_DAC|WRITE_OWNER|THREAD_ALL_ACCESS
ReetFPS.exe,15040,DESKTOP-M4PIKSF\dani,0x00003C68,Thread,,PointBlank.exe(20388): 15388,READ_CONTROL|DELETE|SYNCHRONIZE|WRITE_DAC|WRITE_OWNER|THREAD_ALL_ACCESS
ReetFPS.exe,15040,DESKTOP-M4PIKSF\dani,0x00003C6C,Thread,,PointBlank.exe(20388): 11128,READ_CONTROL|DELETE|SYNCHRONIZE|WRITE_DAC|WRITE_OWNER|THREAD_ALL_ACCESS
ReetFPS.exe,15040,DESKTOP-M4PIKSF\dani,0x00003C70,Thread,,PointBlank.exe(20388): 14772,READ_CONTROL|DELETE|SYNCHRONIZE|WRITE_DAC|WRITE_OWNER|THREAD_ALL_ACCESS
ReetFPS.exe,15040,DESKTOP-M4PIKSF\dani,0x00003C74,Thread,,PointBlank.exe(20388): 19192,READ_CONTROL|DELETE|SYNCHRONIZE|WRITE_DAC|WRITE_OWNER|THREAD_ALL_ACCESS
ReetFPS.exe,15040,DESKTOP-M4PIKSF\dani,0x00003C78,Thread,,PointBlank.exe(20388): 21092,READ_CONTROL|DELETE|SYNCHRONIZE|WRITE_DAC|WRITE_OWNER|THREAD_ALL_ACCESS
ReetFPS.exe,15040,DESKTOP-M4PIKSF\dani,0x00003C7C,Thread,,PointBlank.exe(20388): 20908,READ_CONTROL|DELETE|SYNCHRONIZE|WRITE_DAC|WRITE_OWNER|THREAD_ALL_ACCESS
ReetFPS.exe,15040,DESKTOP-M4PIKSF\dani,0x00003C80,Thread,,PointBlank.exe(20388): 6052,READ_CONTROL|DELETE|SYNCHRONIZE|WRITE_DAC|WRITE_OWNER|THREAD_ALL_ACCESS
ReetFPS.exe,15040,DESKTOP-M4PIKSF\dani,0x00003C84,Thread,,PointBlank.exe(20388): 8112,READ_CONTROL|DELETE|SYNCHRONIZE|WRITE_DAC|WRITE_OWNER|THREAD_ALL_ACCESS
ReetFPS.exe,15040,DESKTOP-M4PIKSF\dani,0x00003C88,Thread,,PointBlank.exe(20388): 19404,READ_CONTROL|DELETE|SYNCHRONIZE|WRITE_DAC|WRITE_OWNER|THREAD_ALL_ACCESS
ReetFPS.exe,15040,DESKTOP-M4PIKSF\dani,0x00003C8C,Thread,,PointBlank.exe(20388): 21084,READ_CONTROL|DELETE|SYNCHRONIZE|WRITE_DAC|WRITE_OWNER|THREAD_ALL_ACCESS
ReetFPS.exe,15040,DESKTOP-M4PIKSF\dani,0x00003C90,Thread,,PointBlank.exe(20388): 14360,READ_CONTROL|DELETE|SYNCHRONIZE|WRITE_DAC|WRITE_OWNER|THREAD_ALL_ACCESS
ReetFPS.exe,15040,DESKTOP-M4PIKSF\dani,0x00003C94,Thread,,PointBlank.exe(20388): 21476,READ_CONTROL|DELETE|SYNCHRONIZE|WRITE_DAC|WRITE_OWNER|THREAD_ALL_ACCESS
ReetFPS.exe,15040,DESKTOP-M4PIKSF\dani,0x00003C98,Thread,,PointBlank.exe(20388): 21024,READ_CONTROL|DELETE|SYNCHRONIZE|WRITE_DAC|WRITE_OWNER|THREAD_ALL_ACCESS
ReetFPS.exe,15040,DESKTOP-M4PIKSF\dani,0x00003C9C,Thread,,PointBlank.exe(20388): 21268,READ_CONTROL|DELETE|SYNCHRONIZE|WRITE_DAC|WRITE_OWNER|THREAD_ALL_ACCESS
ReetFPS.exe,15040,DESKTOP-M4PIKSF\dani,0x00003CA0,Thread,,PointBlank.exe(20388): 20272,READ_CONTROL|DELETE|SYNCHRONIZE|WRITE_DAC|WRITE_OWNER|THREAD_ALL_ACCESS
ReetFPS.exe,15040,DESKTOP-M4PIKSF\dani,0x00003CA4,Thread,,PointBlank.exe(20388): 19384,READ_CONTROL|DELETE|SYNCHRONIZE|WRITE_DAC|WRITE_OWNER|THREAD_ALL_ACCESS
ReetFPS.exe,15040,DESKTOP-M4PIKSF\dani,0x00003CA8,Thread,,PointBlank.exe(20388): 9912,READ_CONTROL|DELETE|SYNCHRONIZE|WRITE_DAC|WRITE_OWNER|THREAD_ALL_ACCESS
ReetFPS.exe,15040,DESKTOP-M4PIKSF\dani,0x00003CAC,Thread,,PointBlank.exe(20388): 5480,READ_CONTROL|DELETE|SYNCHRONIZE|WRITE_DAC|WRITE_OWNER|THREAD_ALL_ACCESS
ReetFPS.exe,15040,DESKTOP-M4PIKSF\dani,0x00003CB0,Thread,,PointBlank.exe(20388): 2344,READ_CONTROL|DELETE|SYNCHRONIZE|WRITE_DAC|WRITE_OWNER|THREAD_ALL_ACCESS
ReetFPS.exe,15040,DESKTOP-M4PIKSF\dani,0x00003CB4,Thread,,PointBlank.exe(20388): 8084,READ_CONTROL|DELETE|SYNCHRONIZE|WRITE_DAC|WRITE_OWNER|THREAD_ALL_ACCESS
ReetFPS.exe,15040,DESKTOP-M4PIKSF\dani,0x00003CB8,Thread,,PointBlank.exe(20388): 13676,READ_CONTROL|DELETE|SYNCHRONIZE|WRITE_DAC|WRITE_OWNER|THREAD_ALL_ACCESS
ReetFPS.exe,15040,DESKTOP-M4PIKSF\dani,0x00003CBC,Thread,,PointBlank.exe(20388): 19140,READ_CONTROL|DELETE|SYNCHRONIZE|WRITE_DAC|WRITE_OWNER|THREAD_ALL_ACCESS
ReetFPS.exe,15040,DESKTOP-M4PIKSF\dani,0x00003CC0,Thread,,PointBlank.exe(20388): 20528,READ_CONTROL|DELETE|SYNCHRONIZE|WRITE_DAC|WRITE_OWNER|THREAD_ALL_ACCESS
ReetFPS.exe,15040,DESKTOP-M4PIKSF\dani,0x00003CC4,Thread,,PointBlank.exe(20388): 20660,READ_CONTROL|DELETE|SYNCHRONIZE|WRITE_DAC|WRITE_OWNER|THREAD_ALL_ACCESS
ReetFPS.exe,15040,DESKTOP-M4PIKSF\dani,0x00003CC8,Thread,,PointBlank.exe(20388): 21264,READ_CONTROL|DELETE|SYNCHRONIZE|WRITE_DAC|WRITE_OWNER|THREAD_ALL_ACCESS
ReetFPS.exe,15040,DESKTOP-M4PIKSF\dani,0x00003CCC,Thread,,PointBlank.exe(20388): 19232,READ_CONTROL|DELETE|SYNCHRONIZE|WRITE_DAC|WRITE_OWNER|THREAD_ALL_ACCESS
ReetFPS.exe,15040,DESKTOP-M4PIKSF\dani,0x00003CD0,Thread,,PointBlank.exe(20388): 7156,READ_CONTROL|DELETE|SYNCHRONIZE|WRITE_DAC|WRITE_OWNER|THREAD_ALL_ACCESS
ReetFPS.exe,15040,DESKTOP-M4PIKSF\dani,0x00003CD4,Thread,,PointBlank.exe(20388): 19296,READ_CONTROL|DELETE|SYNCHRONIZE|WRITE_DAC|WRITE_OWNER|THREAD_ALL_ACCESS
ReetFPS.exe,15040,DESKTOP-M4PIKSF\dani,0x00003CD8,Thread,,PointBlank.exe(20388): 10372,READ_CONTROL|DELETE|SYNCHRONIZE|WRITE_DAC|WRITE_OWNER|THREAD_ALL_ACCESS
ReetFPS.exe,15040,DESKTOP-M4PIKSF\dani,0x00003CDC,Thread,,PointBlank.exe(20388): 19176,READ_CONTROL|DELETE|SYNCHRONIZE|WRITE_DAC|WRITE_OWNER|THREAD_ALL_ACCESS
ReetFPS.exe,15040,DESKTOP-M4PIKSF\dani,0x00003CE0,Thread,,PointBlank.exe(20388): 20456,READ_CONTROL|DELETE|SYNCHRONIZE|WRITE_DAC|WRITE_OWNER|THREAD_ALL_ACCESS
ReetFPS.exe,15040,DESKTOP-M4PIKSF\dani,0x00003CE4,Thread,,PointBlank.exe(20388): 21372,READ_CONTROL|DELETE|SYNCHRONIZE|WRITE_DAC|WRITE_OWNER|THREAD_ALL_ACCESS
ReetFPS.exe,15040,DESKTOP-M4PIKSF\dani,0x00003CE8,Thread,,PointBlank.exe(20388): 19264,READ_CONTROL|DELETE|SYNCHRONIZE|WRITE_DAC|WRITE_OWNER|THREAD_ALL_ACCESS
ReetFPS.exe,15040,DESKTOP-M4PIKSF\dani,0x00003CEC,Thread,,PointBlank.exe(20388): 18900,READ_CONTROL|DELETE|SYNCHRONIZE|WRITE_DAC|WRITE_OWNER|THREAD_ALL_ACCESS
ReetFPS.exe,15040,DESKTOP-M4PIKSF\dani,0x00003CF0,Thread,,PointBlank.exe(20388): 19492,READ_CONTROL|DELETE|SYNCHRONIZE|WRITE_DAC|WRITE_OWNER|THREAD_ALL_ACCESS
ReetFPS.exe,15040,DESKTOP-M4PIKSF\dani,0x00003CF4,Thread,,PointBlank.exe(20388): 10488,READ_CONTROL|DELETE|SYNCHRONIZE|WRITE_DAC|WRITE_OWNER|THREAD_ALL_ACCESS
ReetFPS.exe,15040,DESKTOP-M4PIKSF\dani,0x00003CF8,Thread,,PointBlank.exe(20388): 2936,READ_CONTROL|DELETE|SYNCHRONIZE|WRITE_DAC|WRITE_OWNER|THREAD_ALL_ACCESS
ReetFPS.exe,15040,DESKTOP-M4PIKSF\dani,0x00003CFC,Thread,,PointBlank.exe(20388): 1720,READ_CONTROL|DELETE|SYNCHRONIZE|WRITE_DAC|WRITE_OWNER|THREAD_ALL_ACCESS
ReetFPS.exe,15040,DESKTOP-M4PIKSF\dani,0x00003D00,Thread,,PointBlank.exe(20388): 12688,READ_CONTROL|DELETE|SYNCHRONIZE|WRITE_DAC|WRITE_OWNER|THREAD_ALL_ACCESS
ReetFPS.exe,15040,DESKTOP-M4PIKSF\dani,0x00003D04,Thread,,PointBlank.exe(20388): 9492,READ_CONTROL|DELETE|SYNCHRONIZE|WRITE_DAC|WRITE_OWNER|THREAD_ALL_ACCESS
ReetFPS.exe,15040,DESKTOP-M4PIKSF\dani,0x00003D08,Thread,,PointBlank.exe(20388): 18948,READ_CONTROL|DELETE|SYNCHRONIZE|WRITE_DAC|WRITE_OWNER|THREAD_ALL_ACCESS
ReetFPS.exe,15040,DESKTOP-M4PIKSF\dani,0x00003D0C,Thread,,PointBlank.exe(20388): 12644,READ_CONTROL|DELETE|SYNCHRONIZE|WRITE_DAC|WRITE_OWNER|THREAD_ALL_ACCESS
ReetFPS.exe,15040,DESKTOP-M4PIKSF\dani,0x00003D10,Thread,,PointBlank.exe(20388): 7484,READ_CONTROL|DELETE|SYNCHRONIZE|WRITE_DAC|WRITE_OWNER|THREAD_ALL_ACCESS
ReetFPS.exe,15040,DESKTOP-M4PIKSF\dani,0x00003D14,Thread,,PointBlank.exe(20388): 21340,READ_CONTROL|DELETE|SYNCHRONIZE|WRITE_DAC|WRITE_OWNER|THREAD_ALL_ACCESS
ReetFPS.exe,15040,DESKTOP-M4PIKSF\dani,0x00003D18,Thread,,PointBlank.exe(20388): 19408,READ_CONTROL|DELETE|SYNCHRONIZE|WRITE_DAC|WRITE_OWNER|THREAD_ALL_ACCESS
ReetFPS.exe,15040,DESKTOP-M4PIKSF\dani,0x00003D1C,Thread,,PointBlank.exe(20388): 8948,READ_CONTROL|DELETE|SYNCHRONIZE|WRITE_DAC|WRITE_OWNER|THREAD_ALL_ACCESS
ReetFPS.exe,15040,DESKTOP-M4PIKSF\dani,0x00003D20,Thread,,PointBlank.exe(20388): 20672,READ_CONTROL|DELETE|SYNCHRONIZE|WRITE_DAC|WRITE_OWNER|THREAD_ALL_ACCESS
ReetFPS.exe,15040,DESKTOP-M4PIKSF\dani,0x00003D24,Thread,,PointBlank.exe(20388): 3816,READ_CONTROL|DELETE|SYNCHRONIZE|WRITE_DAC|WRITE_OWNER|THREAD_ALL_ACCESS
ReetFPS.exe,15040,DESKTOP-M4PIKSF\dani,0x00003D28,Thread,,PointBlank.exe(20388): 6952,READ_CONTROL|DELETE|SYNCHRONIZE|WRITE_DAC|WRITE_OWNER|THREAD_ALL_ACCESS
ReetFPS.exe,15040,DESKTOP-M4PIKSF\dani,0x00003D2C,Thread,,PointBlank.exe(20388): 20664,READ_CONTROL|DELETE|SYNCHRONIZE|WRITE_DAC|WRITE_OWNER|THREAD_ALL_ACCESS
ReetFPS.exe,15040,DESKTOP-M4PIKSF\dani,0x00003D30,Thread,,PointBlank.exe(20388): 17908,READ_CONTROL|DELETE|SYNCHRONIZE|WRITE_DAC|WRITE_OWNER|THREAD_ALL_ACCESS
ReetFPS.exe,15040,DESKTOP-M4PIKSF\dani,0x00003D34,Thread,,PointBlank.exe(20388): 12392,READ_CONTROL|DELETE|SYNCHRONIZE|WRITE_DAC|WRITE_OWNER|THREAD_ALL_ACCESS
ReetFPS.exe,15040,DESKTOP-M4PIKSF\dani,0x00003D38,Thread,,PointBlank.exe(20388): 7644,READ_CONTROL|DELETE|SYNCHRONIZE|WRITE_DAC|WRITE_OWNER|THREAD_ALL_ACCESS
ReetFPS.exe,15040,DESKTOP-M4PIKSF\dani,0x00003D3C,Thread,,PointBlank.exe(20388): 9064,READ_CONTROL|DELETE|SYNCHRONIZE|WRITE_DAC|WRITE_OWNER|THREAD_ALL_ACCESS
ReetFPS.exe,15040,DESKTOP-M4PIKSF\dani,0x00003D40,Thread,,PointBlank.exe(20388): 4976,READ_CONTROL|DELETE|SYNCHRONIZE|WRITE_DAC|WRITE_OWNER|THREAD_ALL_ACCESS
ReetFPS.exe,15040,DESKTOP-M4PIKSF\dani,0x00003D44,Thread,,PointBlank.exe(20388): 4396,READ_CONTROL|DELETE|SYNCHRONIZE|WRITE_DAC|WRITE_OWNER|THREAD_ALL_ACCESS
ReetFPS.exe,15040,DESKTOP-M4PIKSF\dani,0x00003D48,Thread,,PointBlank.exe(20388): 18284,READ_CONTROL|DELETE|SYNCHRONIZE|WRITE_DAC|WRITE_OWNER|THREAD_ALL_ACCESS
ReetFPS.exe,15040,DESKTOP-M4PIKSF\dani,0x00003D4C,Thread,,PointBlank.exe(20388): 12864,READ_CONTROL|DELETE|SYNCHRONIZE|WRITE_DAC|WRITE_OWNER|THREAD_ALL_ACCESS
ReetFPS.exe,15040,DESKTOP-M4PIKSF\dani,0x00003D50,Thread,,PointBlank.exe(20388): 18668,READ_CONTROL|DELETE|SYNCHRONIZE|WRITE_DAC|WRITE_OWNER|THREAD_ALL_ACCESS
ReetFPS.exe,15040,DESKTOP-M4PIKSF\dani,0x00003D54,Thread,,PointBlank.exe(20388): 10356,READ_CONTROL|DELETE|SYNCHRONIZE|WRITE_DAC|WRITE_OWNER|THREAD_ALL_ACCESS
ReetFPS.exe,15040,DESKTOP-M4PIKSF\dani,0x00003D58,Thread,,PointBlank.exe(20388): 2892,READ_CONTROL|DELETE|SYNCHRONIZE|WRITE_DAC|WRITE_OWNER|THREAD_ALL_ACCESS
ReetFPS.exe,15040,DESKTOP-M4PIKSF\dani,0x00003D5C,Thread,,PointBlank.exe(20388): 11844,READ_CONTROL|DELETE|SYNCHRONIZE|WRITE_DAC|WRITE_OWNER|THREAD_ALL_ACCESS
ReetFPS.exe,15040,DESKTOP-M4PIKSF\dani,0x00003D60,Thread,,PointBlank.exe(20388): 20680,READ_CONTROL|DELETE|SYNCHRONIZE|WRITE_DAC|WRITE_OWNER|THREAD_ALL_ACCESS
ReetFPS.exe,15040,DESKTOP-M4PIKSF\dani,0x00003D64,Thread,,PointBlank.exe(20388): 20892,READ_CONTROL|DELETE|SYNCHRONIZE|WRITE_DAC|WRITE_OWNER|THREAD_ALL_ACCESS
ReetFPS.exe,15040,DESKTOP-M4PIKSF\dani,0x00003D68,Thread,,PointBlank.exe(20388): 19316,READ_CONTROL|DELETE|SYNCHRONIZE|WRITE_DAC|WRITE_OWNER|THREAD_ALL_ACCESS
ReetFPS.exe,15040,DESKTOP-M4PIKSF\dani,0x00003D6C,Thread,,PointBlank.exe(20388): 19164,READ_CONTROL|DELETE|SYNCHRONIZE|WRITE_DAC|WRITE_OWNER|THREAD_ALL_ACCESS
ReetFPS.exe,15040,DESKTOP-M4PIKSF\dani,0x00003D70,Thread,,PointBlank.exe(20388): 19088,READ_CONTROL|DELETE|SYNCHRONIZE|WRITE_DAC|WRITE_OWNER|THREAD_ALL_ACCESS
ReetFPS.exe,15040,DESKTOP-M4PIKSF\dani,0x00003D74,Thread,,PointBlank.exe(20388): 17820,READ_CONTROL|DELETE|SYNCHRONIZE|WRITE_DAC|WRITE_OWNER|THREAD_ALL_ACCESS
ReetFPS.exe,15040,DESKTOP-M4PIKSF\dani,0x00003D78,Thread,,PointBlank.exe(20388): 12180,READ_CONTROL|DELETE|SYNCHRONIZE|WRITE_DAC|WRITE_OWNER|THREAD_ALL_ACCESS
ReetFPS.exe,15040,DESKTOP-M4PIKSF\dani,0x00003D7C,Thread,,PointBlank.exe(20388): 20556,READ_CONTROL|DELETE|SYNCHRONIZE|WRITE_DAC|WRITE_OWNER|THREAD_ALL_ACCESS
ReetFPS.exe,15040,DESKTOP-M4PIKSF\dani,0x00003D80,Thread,,PointBlank.exe(20388): 12916,READ_CONTROL|DELETE|SYNCHRONIZE|WRITE_DAC|WRITE_OWNER|THREAD_ALL_ACCESS
ReetFPS.exe,15040,DESKTOP-M4PIKSF\dani,0x00003D84,Thread,,PointBlank.exe(20388): 20616,READ_CONTROL|DELETE|SYNCHRONIZE|WRITE_DAC|WRITE_OWNER|THREAD_ALL_ACCESS
ReetFPS.exe,15040,DESKTOP-M4PIKSF\dani,0x00003D88,Thread,,PointBlank.exe(20388): 12252,READ_CONTROL|DELETE|SYNCHRONIZE|WRITE_DAC|WRITE_OWNER|THREAD_ALL_ACCESS
ReetFPS.exe,15040,DESKTOP-M4PIKSF\dani,0x00003D8C,Thread,,PointBlank.exe(20388): 19084,READ_CONTROL|DELETE|SYNCHRONIZE|WRITE_DAC|WRITE_OWNER|THREAD_ALL_ACCESS
ReetFPS.exe,15040,DESKTOP-M4PIKSF\dani,0x00003D90,Thread,,PointBlank.exe(20388): 18800,READ_CONTROL|DELETE|SYNCHRONIZE|WRITE_DAC|WRITE_OWNER|THREAD_ALL_ACCESS
ReetFPS.exe,15040,DESKTOP-M4PIKSF\dani,0x00003D94,Thread,,PointBlank.exe(20388): 18200,READ_CONTROL|DELETE|SYNCHRONIZE|WRITE_DAC|WRITE_OWNER|THREAD_ALL_ACCESS
ReetFPS.exe,15040,DESKTOP-M4PIKSF\dani,0x00003D98,Thread,,PointBlank.exe(20388): 12936,READ_CONTROL|DELETE|SYNCHRONIZE|WRITE_DAC|WRITE_OWNER|THREAD_ALL_ACCESS
ReetFPS.exe,15040,DESKTOP-M4PIKSF\dani,0x00003D9C,Thread,,PointBlank.exe(20388): 12428,READ_CONTROL|DELETE|SYNCHRONIZE|WRITE_DAC|WRITE_OWNER|THREAD_ALL_ACCESS
ReetFPS.exe,15040,DESKTOP-M4PIKSF\dani,0x00003DA0,Thread,,PointBlank.exe(20388): 6188,READ_CONTROL|DELETE|SYNCHRONIZE|WRITE_DAC|WRITE_OWNER|THREAD_ALL_ACCESS
ReetFPS.exe,15040,DESKTOP-M4PIKSF\dani,0x00003DA4,Thread,,PointBlank.exe(20388): 21036,READ_CONTROL|DELETE|SYNCHRONIZE|WRITE_DAC|WRITE_OWNER|THREAD_ALL_ACCESS
ReetFPS.exe,15040,DESKTOP-M4PIKSF\dani,0x00003DA8,Thread,,PointBlank.exe(20388): 21440,READ_CONTROL|DELETE|SYNCHRONIZE|WRITE_DAC|WRITE_OWNER|THREAD_ALL_ACCESS
ReetFPS.exe,15040,DESKTOP-M4PIKSF\dani,0x00003DAC,Thread,,PointBlank.exe(20388): 20704,READ_CONTROL|DELETE|SYNCHRONIZE|WRITE_DAC|WRITE_OWNER|THREAD_ALL_ACCESS
ReetFPS.exe,15040,DESKTOP-M4PIKSF\dani,0x00003DB0,Thread,,PointBlank.exe(20388): 19488,READ_CONTROL|DELETE|SYNCHRONIZE|WRITE_DAC|WRITE_OWNER|THREAD_ALL_ACCESS
ReetFPS.exe,15040,DESKTOP-M4PIKSF\dani,0x00003DB4,Thread,,PointBlank.exe(20388): 17476,READ_CONTROL|DELETE|SYNCHRONIZE|WRITE_DAC|WRITE_OWNER|THREAD_ALL_ACCESS
ReetFPS.exe,15040,DESKTOP-M4PIKSF\dani,0x00003DB8,Thread,,PointBlank.exe(20388): 13448,READ_CONTROL|DELETE|SYNCHRONIZE|WRITE_DAC|WRITE_OWNER|THREAD_ALL_ACCESS
ReetFPS.exe,15040,DESKTOP-M4PIKSF\dani,0x00003DBC,Thread,,PointBlank.exe(20388): 17680,READ_CONTROL|DELETE|SYNCHRONIZE|WRITE_DAC|WRITE_OWNER|THREAD_ALL_ACCESS
ReetFPS.exe,15040,DESKTOP-M4PIKSF\dani,0x00003DC0,Thread,,PointBlank.exe(20388): 19424,READ_CONTROL|DELETE|SYNCHRONIZE|WRITE_DAC|WRITE_OWNER|THREAD_ALL_ACCESS
ReetFPS.exe,15040,DESKTOP-M4PIKSF\dani,0x00003DC4,Thread,,PointBlank.exe(20388): 21020,READ_CONTROL|DELETE|SYNCHRONIZE|WRITE_DAC|WRITE_OWNER|THREAD_ALL_ACCESS
ReetFPS.exe,15040,DESKTOP-M4PIKSF\dani,0x00003DC8,Thread,,PointBlank.exe(20388): 19128,READ_CONTROL|DELETE|SYNCHRONIZE|WRITE_DAC|WRITE_OWNER|THREAD_ALL_ACCESS
ReetFPS.exe,15040,DESKTOP-M4PIKSF\dani,0x00003DCC,Thread,,PointBlank.exe(20388): 17524,READ_CONTROL|DELETE|SYNCHRONIZE|WRITE_DAC|WRITE_OWNER|THREAD_ALL_ACCESS
ReetFPS.exe,15040,DESKTOP-M4PIKSF\dani,0x00003DD0,Thread,,PointBlank.exe(20388): 19328,READ_CONTROL|DELETE|SYNCHRONIZE|WRITE_DAC|WRITE_OWNER|THREAD_ALL_ACCESS
ReetFPS.exe,15040,DESKTOP-M4PIKSF\dani,0x00003DD4,Thread,,PointBlank.exe(20388): 9272,READ_CONTROL|DELETE|SYNCHRONIZE|WRITE_DAC|WRITE_OWNER|THREAD_ALL_ACCESS
ReetFPS.exe,15040,DESKTOP-M4PIKSF\dani,0x00003DD8,Thread,,PointBlank.exe(20388): 19312,READ_CONTROL|DELETE|SYNCHRONIZE|WRITE_DAC|WRITE_OWNER|THREAD_ALL_ACCESS
ReetFPS.exe,15040,DESKTOP-M4PIKSF\dani,0x00003DDC,Thread,,PointBlank.exe(20388): 21064,READ_CONTROL|DELETE|SYNCHRONIZE|WRITE_DAC|WRITE_OWNER|THREAD_ALL_ACCESS
ReetFPS.exe,15040,DESKTOP-M4PIKSF\dani,0x00003DE0,Thread,,PointBlank.exe(20388): 17036,READ_CONTROL|DELETE|SYNCHRONIZE|WRITE_DAC|WRITE_OWNER|THREAD_ALL_ACCESS
ReetFPS.exe,15040,DESKTOP-M4PIKSF\dani,0x00003DE4,Thread,,PointBlank.exe(20388): 6784,READ_CONTROL|DELETE|SYNCHRONIZE|WRITE_DAC|WRITE_OWNER|THREAD_ALL_ACCESS
ReetFPS.exe,15040,DESKTOP-M4PIKSF\dani,0x00003DE8,Thread,,PointBlank.exe(20388): 1696,READ_CONTROL|DELETE|SYNCHRONIZE|WRITE_DAC|WRITE_OWNER|THREAD_ALL_ACCESS
ReetFPS.exe,15040,DESKTOP-M4PIKSF\dani,0x00003DEC,Thread,,PointBlank.exe(20388): 2104,READ_CONTROL|DELETE|SYNCHRONIZE|WRITE_DAC|WRITE_OWNER|THREAD_ALL_ACCESS
ReetFPS.exe,15040,DESKTOP-M4PIKSF\dani,0x00003DF0,Thread,,PointBlank.exe(20388): 19292,READ_CONTROL|DELETE|SYNCHRONIZE|WRITE_DAC|WRITE_OWNER|THREAD_ALL_ACCESS
ReetFPS.exe,15040,DESKTOP-M4PIKSF\dani,0x00003DF4,Thread,,PointBlank.exe(20388): 21168,READ_CONTROL|DELETE|SYNCHRONIZE|WRITE_DAC|WRITE_OWNER|THREAD_ALL_ACCESS
ReetFPS.exe,15040,DESKTOP-M4PIKSF\dani,0x00003DF8,Thread,,PointBlank.exe(20388): 21336,READ_CONTROL|DELETE|SYNCHRONIZE|WRITE_DAC|WRITE_OWNER|THREAD_ALL_ACCESS
ReetFPS.exe,15040,DESKTOP-M4PIKSF\dani,0x00003DFC,Thread,,PointBlank.exe(20388): 17504,READ_CONTROL|DELETE|SYNCHRONIZE|WRITE_DAC|WRITE_OWNER|THREAD_ALL_ACCESS
ReetFPS.exe,15040,DESKTOP-M4PIKSF\dani,0x00003E00,Thread,,PointBlank.exe(20388): 19564,READ_CONTROL|DELETE|SYNCHRONIZE|WRITE_DAC|WRITE_OWNER|THREAD_ALL_ACCESS
ReetFPS.exe,15040,DESKTOP-M4PIKSF\dani,0x00003E04,Thread,,PointBlank.exe(20388): 20596,READ_CONTROL|DELETE|SYNCHRONIZE|WRITE_DAC|WRITE_OWNER|THREAD_ALL_ACCESS
ReetFPS.exe,15040,DESKTOP-M4PIKSF\dani,0x00003E08,Thread,,PointBlank.exe(20388): 14988,READ_CONTROL|DELETE|SYNCHRONIZE|WRITE_DAC|WRITE_OWNER|THREAD_ALL_ACCESS
ReetFPS.exe,15040,DESKTOP-M4PIKSF\dani,0x00003E0C,Thread,,PointBlank.exe(20388): 17672,READ_CONTROL|DELETE|SYNCHRONIZE|WRITE_DAC|WRITE_OWNER|THREAD_ALL_ACCESS
ReetFPS.exe,15040,DESKTOP-M4PIKSF\dani,0x00003E10,Thread,,PointBlank.exe(20388): 21508,READ_CONTROL|DELETE|SYNCHRONIZE|WRITE_DAC|WRITE_OWNER|THREAD_ALL_ACCESS
ReetFPS.exe,15040,DESKTOP-M4PIKSF\dani,0x00003E14,Thread,,PointBlank.exe(20388): 13024,READ_CONTROL|DELETE|SYNCHRONIZE|WRITE_DAC|WRITE_OWNER|THREAD_ALL_ACCESS
ReetFPS.exe,15040,DESKTOP-M4PIKSF\dani,0x00003E18,Thread,,PointBlank.exe(20388): 9972,READ_CONTROL|DELETE|SYNCHRONIZE|WRITE_DAC|WRITE_OWNER|THREAD_ALL_ACCESS
ReetFPS.exe,15040,DESKTOP-M4PIKSF\dani,0x00003E1C,Thread,,PointBlank.exe(20388): 5280,READ_CONTROL|DELETE|SYNCHRONIZE|WRITE_DAC|WRITE_OWNER|THREAD_ALL_ACCESS
ReetFPS.exe,15040,DESKTOP-M4PIKSF\dani,0x00003E20,Thread,,PointBlank.exe(20388): 8140,READ_CONTROL|DELETE|SYNCHRONIZE|WRITE_DAC|WRITE_OWNER|THREAD_ALL_ACCESS
ReetFPS.exe,15040,DESKTOP-M4PIKSF\dani,0x00003E24,Thread,,PointBlank.exe(20388): 21556,READ_CONTROL|DELETE|SYNCHRONIZE|WRITE_DAC|WRITE_OWNER|THREAD_ALL_ACCESS
ReetFPS.exe,15040,DESKTOP-M4PIKSF\dani,0x00003E28,Thread,,PointBlank.exe(20388): 21516,READ_CONTROL|DELETE|SYNCHRONIZE|WRITE_DAC|WRITE_OWNER|THREAD_ALL_ACCESS
ReetFPS.exe,15040,DESKTOP-M4PIKSF\dani,0x00003E2C,Thread,,PointBlank.exe(20388): 21512,READ_CONTROL|DELETE|SYNCHRONIZE|WRITE_DAC|WRITE_OWNER|THREAD_ALL_ACCESS
ReetFPS.exe,15040,DESKTOP-M4PIKSF\dani,0x00003E30,Thread,,PointBlank.exe(20388): 21548,READ_CONTROL|DELETE|SYNCHRONIZE|WRITE_DAC|WRITE_OWNER|THREAD_ALL_ACCESS
ReetFPS.exe,15040,DESKTOP-M4PIKSF\dani,0x00003E34,Thread,,PointBlank.exe(20388): 21684,READ_CONTROL|DELETE|SYNCHRONIZE|WRITE_DAC|WRITE_OWNER|THREAD_ALL_ACCESS
ReetFPS.exe,15040,DESKTOP-M4PIKSF\dani,0x00003E38,Thread,,PointBlank.exe(20388): 21528,READ_CONTROL|DELETE|SYNCHRONIZE|WRITE_DAC|WRITE_OWNER|THREAD_ALL_ACCESS
ReetFPS.exe,15040,DESKTOP-M4PIKSF\dani,0x00003E3C,Thread,,PointBlank.exe(20388): 21532,READ_CONTROL|DELETE|SYNCHRONIZE|WRITE_DAC|WRITE_OWNER|THREAD_ALL_ACCESS
ReetFPS.exe,15040,DESKTOP-M4PIKSF\dani,0x00003E40,Thread,,PointBlank.exe(20388): 21560,READ_CONTROL|DELETE|SYNCHRONIZE|WRITE_DAC|WRITE_OWNER|THREAD_ALL_ACCESS
ReetFPS.exe,15040,DESKTOP-M4PIKSF\dani,0x00003E44,Thread,,PointBlank.exe(20388): 21672,READ_CONTROL|DELETE|SYNCHRONIZE|WRITE_DAC|WRITE_OWNER|THREAD_ALL_ACCESS
ReetFPS.exe,15040,DESKTOP-M4PIKSF\dani,0x00003E48,Thread,,PointBlank.exe(20388): 21540,READ_CONTROL|DELETE|SYNCHRONIZE|WRITE_DAC|WRITE_OWNER|THREAD_ALL_ACCESS
ReetFPS.exe,15040,DESKTOP-M4PIKSF\dani,0x00003E4C,Thread,,PointBlank.exe(20388): 21536,READ_CONTROL|DELETE|SYNCHRONIZE|WRITE_DAC|WRITE_OWNER|THREAD_ALL_ACCESS
ReetFPS.exe,15040,DESKTOP-M4PIKSF\dani,0x00003E50,Thread,,PointBlank.exe(20388): 21668,READ_CONTROL|DELETE|SYNCHRONIZE|WRITE_DAC|WRITE_OWNER|THREAD_ALL_ACCESS
ReetFPS.exe,15040,DESKTOP-M4PIKSF\dani,0x00003E54,Thread,,PointBlank.exe(20388): 21720,READ_CONTROL|DELETE|SYNCHRONIZE|WRITE_DAC|WRITE_OWNER|THREAD_ALL_ACCESS
ReetFPS.exe,15040,DESKTOP-M4PIKSF\dani,0x00003E58,Thread,,PointBlank.exe(20388): 21600,READ_CONTROL|DELETE|SYNCHRONIZE|WRITE_DAC|WRITE_OWNER|THREAD_ALL_ACCESS
ReetFPS.exe,15040,DESKTOP-M4PIKSF\dani,0x00003E5C,Thread,,PointBlank.exe(20388): 21664,READ_CONTROL|DELETE|SYNCHRONIZE|WRITE_DAC|WRITE_OWNER|THREAD_ALL_ACCESS
ReetFPS.exe,15040,DESKTOP-M4PIKSF\dani,0x00003E60,Thread,,PointBlank.exe(20388): 21676,READ_CONTROL|DELETE|SYNCHRONIZE|WRITE_DAC|WRITE_OWNER|THREAD_ALL_ACCESS
ReetFPS.exe,15040,DESKTOP-M4PIKSF\dani,0x00003E64,Thread,,PointBlank.exe(20388): 21688,READ_CONTROL|DELETE|SYNCHRONIZE|WRITE_DAC|WRITE_OWNER|THREAD_ALL_ACCESS
ReetFPS.exe,15040,DESKTOP-M4PIKSF\dani,0x00003E68,Thread,,PointBlank.exe(20388): 21692,READ_CONTROL|DELETE|SYNCHRONIZE|WRITE_DAC|WRITE_OWNER|THREAD_ALL_ACCESS
ReetFPS.exe,15040,DESKTOP-M4PIKSF\dani,0x00003E6C,Thread,,PointBlank.exe(20388): 21696,READ_CONTROL|DELETE|SYNCHRONIZE|WRITE_DAC|WRITE_OWNER|THREAD_ALL_ACCESS
ReetFPS.exe,15040,DESKTOP-M4PIKSF\dani,0x00003E70,Thread,,PointBlank.exe(20388): 21716,READ_CONTROL|DELETE|SYNCHRONIZE|WRITE_DAC|WRITE_OWNER|THREAD_ALL_ACCESS
ReetFPS.exe,15040,DESKTOP-M4PIKSF\dani,0x00003E74,Thread,,PointBlank.exe(20388): 21700,READ_CONTROL|DELETE|SYNCHRONIZE|WRITE_DAC|WRITE_OWNER|THREAD_ALL_ACCESS
ReetFPS.exe,15040,DESKTOP-M4PIKSF\dani,0x00003E78,Thread,,PointBlank.exe(20388): 21704,READ_CONTROL|DELETE|SYNCHRONIZE|WRITE_DAC|WRITE_OWNER|THREAD_ALL_ACCESS
ReetFPS.exe,15040,DESKTOP-M4PIKSF\dani,0x00003E7C,Thread,,PointBlank.exe(22372): 21656,READ_CONTROL|DELETE|SYNCHRONIZE|WRITE_DAC|WRITE_OWNER|THREAD_ALL_ACCESS
ReetFPS.exe,15040,DESKTOP-M4PIKSF\dani,0x00003E80,Thread,,PointBlank.exe(20388): 21708,READ_CONTROL|DELETE|SYNCHRONIZE|WRITE_DAC|WRITE_OWNER|THREAD_ALL_ACCESS
ReetFPS.exe,15040,DESKTOP-M4PIKSF\dani,0x00003E84,Section,,,READ_CONTROL|DELETE|WRITE_DAC|WRITE_OWNER|QUERY|MAP_WRITE|MAP_READ
ReetFPS.exe,15040,DESKTOP-M4PIKSF\dani,0x00003E88,Thread,,PointBlank.exe(22372): 7512,READ_CONTROL|DELETE|SYNCHRONIZE|WRITE_DAC|WRITE_OWNER|THREAD_ALL_ACCESS
ReetFPS.exe,15040,DESKTOP-M4PIKSF\dani,0x00003E8C,Thread,,PointBlank.exe(22372): 21576,READ_CONTROL|DELETE|SYNCHRONIZE|WRITE_DAC|WRITE_OWNER|THREAD_ALL_ACCESS
ReetFPS.exe,15040,DESKTOP-M4PIKSF\dani,0x00003E90,Thread,,PointBlank.exe(22372): 21628,READ_CONTROL|DELETE|SYNCHRONIZE|WRITE_DAC|WRITE_OWNER|THREAD_ALL_ACCESS
ReetFPS.exe,15040,DESKTOP-M4PIKSF\dani,0x00003E94,Section,,,READ_CONTROL|DELETE|WRITE_DAC|WRITE_OWNER|QUERY|MAP_WRITE|MAP_READ
ReetFPS.exe,15040,DESKTOP-M4PIKSF\dani,0x00003E98,Thread,,PointBlank.exe(22372): 19540,READ_CONTROL|DELETE|SYNCHRONIZE|WRITE_DAC|WRITE_OWNER|THREAD_ALL_ACCESS
ReetFPS.exe,15040,DESKTOP-M4PIKSF\dani,0x00003E9C,Thread,,PointBlank.exe(22372): 21572,READ_CONTROL|DELETE|SYNCHRONIZE|WRITE_DAC|WRITE_OWNER|THREAD_ALL_ACCESS
ReetFPS.exe,15040,DESKTOP-M4PIKSF\dani,0x00003EA0,Thread,,PointBlank.exe(22372): 21632,READ_CONTROL|DELETE|SYNCHRONIZE|WRITE_DAC|WRITE_OWNER|THREAD_ALL_ACCESS
ReetFPS.exe,15040,DESKTOP-M4PIKSF\dani,0x00003EA4,Thread,,PointBlank.exe(22372): 21584,READ_CONTROL|DELETE|SYNCHRONIZE|WRITE_DAC|WRITE_OWNER|THREAD_ALL_ACCESS
ReetFPS.exe,15040,DESKTOP-M4PIKSF\dani,0x00003EA8,Thread,,PointBlank.exe(22372): 21588,READ_CONTROL|DELETE|SYNCHRONIZE|WRITE_DAC|WRITE_OWNER|THREAD_ALL_ACCESS
ReetFPS.exe,15040,DESKTOP-M4PIKSF\dani,0x00003EAC,Section,,,READ_CONTROL|DELETE|WRITE_DAC|WRITE_OWNER|QUERY|MAP_WRITE|MAP_READ
ReetFPS.exe,15040,DESKTOP-M4PIKSF\dani,0x00003EB0,Section,,,READ_CONTROL|DELETE|WRITE_DAC|WRITE_OWNER|QUERY|MAP_WRITE|MAP_READ
ReetFPS.exe,15040,DESKTOP-M4PIKSF\dani,0x00003EB4,Thread,,PointBlank.exe(22372): 21624,READ_CONTROL|DELETE|SYNCHRONIZE|WRITE_DAC|WRITE_OWNER|THREAD_ALL_ACCESS
ReetFPS.exe,15040,DESKTOP-M4PIKSF\dani,0x00003EB8,Thread,,PointBlank.exe(22372): 21660,READ_CONTROL|DELETE|SYNCHRONIZE|WRITE_DAC|WRITE_OWNER|THREAD_ALL_ACCESS
ReetFPS.exe,15040,DESKTOP-M4PIKSF\dani,0x00003EBC,Thread,,PointBlank.exe(22372): 21616,READ_CONTROL|DELETE|SYNCHRONIZE|WRITE_DAC|WRITE_OWNER|THREAD_ALL_ACCESS
ReetFPS.exe,15040,DESKTOP-M4PIKSF\dani,0x00003EC0,Section,,,READ_CONTROL|DELETE|WRITE_DAC|WRITE_OWNER|QUERY|MAP_WRITE|MAP_READ
ReetFPS.exe,15040,DESKTOP-M4PIKSF\dani,0x00003EC4,Thread,,PointBlank.exe(22372): 16792,READ_CONTROL|DELETE|SYNCHRONIZE|WRITE_DAC|WRITE_OWNER|THREAD_ALL_ACCESS
ReetFPS.exe,15040,DESKTOP-M4PIKSF\dani,0x00003EC8,Thread,,PointBlank.exe(22372): 21608,READ_CONTROL|DELETE|SYNCHRONIZE|WRITE_DAC|WRITE_OWNER|THREAD_ALL_ACCESS
ReetFPS.exe,15040,DESKTOP-M4PIKSF\dani,0x00003ECC,Thread,,PointBlank.exe(22372): 520,READ_CONTROL|DELETE|SYNCHRONIZE|WRITE_DAC|WRITE_OWNER|THREAD_ALL_ACCESS
ReetFPS.exe,15040,DESKTOP-M4PIKSF\dani,0x00003ED0,Thread,,PointBlank.exe(22372): 5196,READ_CONTROL|DELETE|SYNCHRONIZE|WRITE_DAC|WRITE_OWNER|THREAD_ALL_ACCESS
ReetFPS.exe,15040,DESKTOP-M4PIKSF\dani,0x00003ED4,Thread,,PointBlank.exe(22372): 21580,READ_CONTROL|DELETE|SYNCHRONIZE|WRITE_DAC|WRITE_OWNER|THREAD_ALL_ACCESS
ReetFPS.exe,15040,DESKTOP-M4PIKSF\dani,0x00003ED8,Thread,,PointBlank.exe(22372): 21612,READ_CONTROL|DELETE|SYNCHRONIZE|WRITE_DAC|WRITE_OWNER|THREAD_ALL_ACCESS
ReetFPS.exe,15040,DESKTOP-M4PIKSF\dani,0x00003EDC,Thread,,PointBlank.exe(22372): 21620,READ_CONTROL|DELETE|SYNCHRONIZE|WRITE_DAC|WRITE_OWNER|THREAD_ALL_ACCESS
ReetFPS.exe,15040,DESKTOP-M4PIKSF\dani,0x00003EE0,Thread,,PointBlank.exe(22372): 21220,READ_CONTROL|DELETE|SYNCHRONIZE|WRITE_DAC|WRITE_OWNER|THREAD_ALL_ACCESS
ReetFPS.exe,15040,DESKTOP-M4PIKSF\dani,0x00003EE4,Thread,,PointBlank.exe(22372): 17644,READ_CONTROL|DELETE|SYNCHRONIZE|WRITE_DAC|WRITE_OWNER|THREAD_ALL_ACCESS
ReetFPS.exe,15040,DESKTOP-M4PIKSF\dani,0x00003EE8,Thread,,PointBlank.exe(22372): 21644,READ_CONTROL|DELETE|SYNCHRONIZE|WRITE_DAC|WRITE_OWNER|THREAD_ALL_ACCESS
ReetFPS.exe,15040,DESKTOP-M4PIKSF\dani,0x00003EEC,Thread,,PointBlank.exe(22372): 21568,READ_CONTROL|DELETE|SYNCHRONIZE|WRITE_DAC|WRITE_OWNER|THREAD_ALL_ACCESS
ReetFPS.exe,15040,DESKTOP-M4PIKSF\dani,0x00003EF0,Thread,,PointBlank.exe(22372): 20516,READ_CONTROL|DELETE|SYNCHRONIZE|WRITE_DAC|WRITE_OWNER|THREAD_ALL_ACCESS
ReetFPS.exe,15040,DESKTOP-M4PIKSF\dani,0x00003EF4,Thread,,PointBlank.exe(22372): 21636,READ_CONTROL|DELETE|SYNCHRONIZE|WRITE_DAC|WRITE_OWNER|THREAD_ALL_ACCESS
ReetFPS.exe,15040,DESKTOP-M4PIKSF\dani,0x00003EF8,Thread,,PointBlank.exe(22372): 21652,READ_CONTROL|DELETE|SYNCHRONIZE|WRITE_DAC|WRITE_OWNER|THREAD_ALL_ACCESS
ReetFPS.exe,15040,DESKTOP-M4PIKSF\dani,0x00003EFC,Thread,,PointBlank.exe(22372): 21648,READ_CONTROL|DELETE|SYNCHRONIZE|WRITE_DAC|WRITE_OWNER|THREAD_ALL_ACCESS
ReetFPS.exe,15040,DESKTOP-M4PIKSF\dani,0x00003F00,Thread,,PointBlank.exe(22372): 3424,READ_CONTROL|DELETE|SYNCHRONIZE|WRITE_DAC|WRITE_OWNER|THREAD_ALL_ACCESS
ReetFPS.exe,15040,DESKTOP-M4PIKSF\dani,0x00003F04,Thread,,PointBlank.exe(22372): 21596,READ_CONTROL|DELETE|SYNCHRONIZE|WRITE_DAC|WRITE_OWNER|THREAD_ALL_ACCESS
ReetFPS.exe,15040,DESKTOP-M4PIKSF\dani,0x00003F08,Thread,,PointBlank.exe(22372): 2888,READ_CONTROL|DELETE|SYNCHRONIZE|WRITE_DAC|WRITE_OWNER|THREAD_ALL_ACCESS
ReetFPS.exe,15040,DESKTOP-M4PIKSF\dani,0x00003F0C,Thread,,PointBlank.exe(22372): 9880,READ_CONTROL|DELETE|SYNCHRONIZE|WRITE_DAC|WRITE_OWNER|THREAD_ALL_ACCESS
ReetFPS.exe,15040,DESKTOP-M4PIKSF\dani,0x00003F10,Thread,,PointBlank.exe(22372): 21100,READ_CONTROL|DELETE|SYNCHRONIZE|WRITE_DAC|WRITE_OWNER|THREAD_ALL_ACCESS
ReetFPS.exe,15040,DESKTOP-M4PIKSF\dani,0x00003F14,Thread,,PointBlank.exe(22372): 20980,READ_CONTROL|DELETE|SYNCHRONIZE|WRITE_DAC|WRITE_OWNER|THREAD_ALL_ACCESS
ReetFPS.exe,15040,DESKTOP-M4PIKSF\dani,0x00003F18,Thread,,PointBlank.exe(22372): 18880,READ_CONTROL|DELETE|SYNCHRONIZE|WRITE_DAC|WRITE_OWNER|THREAD_ALL_ACCESS
ReetFPS.exe,15040,DESKTOP-M4PIKSF\dani,0x00003F1C,Thread,,PointBlank.exe(22372): 17336,READ_CONTROL|DELETE|SYNCHRONIZE|WRITE_DAC|WRITE_OWNER|THREAD_ALL_ACCESS
ReetFPS.exe,15040,DESKTOP-M4PIKSF\dani,0x00003F20,Thread,,PointBlank.exe(22372): 18188,READ_CONTROL|DELETE|SYNCHRONIZE|WRITE_DAC|WRITE_OWNER|THREAD_ALL_ACCESS
ReetFPS.exe,15040,DESKTOP-M4PIKSF\dani,0x00003F24,Thread,,PointBlank.exe(22372): 14648,READ_CONTROL|DELETE|SYNCHRONIZE|WRITE_DAC|WRITE_OWNER|THREAD_ALL_ACCESS
ReetFPS.exe,15040,DESKTOP-M4PIKSF\dani,0x00003F28,Thread,,PointBlank.exe(22372): 14664,READ_CONTROL|DELETE|SYNCHRONIZE|WRITE_DAC|WRITE_OWNER|THREAD_ALL_ACCESS
ReetFPS.exe,15040,DESKTOP-M4PIKSF\dani,0x00003F2C,Thread,,PointBlank.exe(22372): 14396,READ_CONTROL|DELETE|SYNCHRONIZE|WRITE_DAC|WRITE_OWNER|THREAD_ALL_ACCESS
ReetFPS.exe,15040,DESKTOP-M4PIKSF\dani,0x00003F30,Thread,,PointBlank.exe(22372): 11560,READ_CONTROL|DELETE|SYNCHRONIZE|WRITE_DAC|WRITE_OWNER|THREAD_ALL_ACCESS
ReetFPS.exe,15040,DESKTOP-M4PIKSF\dani,0x00003F34,Thread,,PointBlank.exe(22372): 20148,READ_CONTROL|DELETE|SYNCHRONIZE|WRITE_DAC|WRITE_OWNER|THREAD_ALL_ACCESS
ReetFPS.exe,15040,DESKTOP-M4PIKSF\dani,0x00003F38,Thread,,PointBlank.exe(22372): 20200,READ_CONTROL|DELETE|SYNCHRONIZE|WRITE_DAC|WRITE_OWNER|THREAD_ALL_ACCESS
ReetFPS.exe,15040,DESKTOP-M4PIKSF\dani,0x00003F3C,Thread,,PointBlank.exe(22372): 16136,READ_CONTROL|DELETE|SYNCHRONIZE|WRITE_DAC|WRITE_OWNER|THREAD_ALL_ACCESS
ReetFPS.exe,15040,DESKTOP-M4PIKSF\dani,0x00003F40,Thread,,PointBlank.exe(22372): 18000,READ_CONTROL|DELETE|SYNCHRONIZE|WRITE_DAC|WRITE_OWNER|THREAD_ALL_ACCESS
ReetFPS.exe,15040,DESKTOP-M4PIKSF\dani,0x00003F44,Thread,,PointBlank.exe(22372): 17140,READ_CONTROL|DELETE|SYNCHRONIZE|WRITE_DAC|WRITE_OWNER|THREAD_ALL_ACCESS
ReetFPS.exe,15040,DESKTOP-M4PIKSF\dani,0x00003F48,Thread,,PointBlank.exe(22372): 19160,READ_CONTROL|DELETE|SYNCHRONIZE|WRITE_DAC|WRITE_OWNER|THREAD_ALL_ACCESS
ReetFPS.exe,15040,DESKTOP-M4PIKSF\dani,0x00003F4C,Thread,,PointBlank.exe(22372): 20492,READ_CONTROL|DELETE|SYNCHRONIZE|WRITE_DAC|WRITE_OWNER|THREAD_ALL_ACCESS
ReetFPS.exe,15040,DESKTOP-M4PIKSF\dani,0x00003F50,Thread,,PointBlank.exe(22372): 16708,READ_CONTROL|DELETE|SYNCHRONIZE|WRITE_DAC|WRITE_OWNER|THREAD_ALL_ACCESS
ReetFPS.exe,15040,DESKTOP-M4PIKSF\dani,0x00003F54,Thread,,PointBlank.exe(22372): 17048,READ_CONTROL|DELETE|SYNCHRONIZE|WRITE_DAC|WRITE_OWNER|THREAD_ALL_ACCESS
ReetFPS.exe,15040,DESKTOP-M4PIKSF\dani,0x00003F58,Thread,,PointBlank.exe(22372): 17304,READ_CONTROL|DELETE|SYNCHRONIZE|WRITE_DAC|WRITE_OWNER|THREAD_ALL_ACCESS
ReetFPS.exe,15040,DESKTOP-M4PIKSF\dani,0x00003F5C,Thread,,PointBlank.exe(22372): 19224,READ_CONTROL|DELETE|SYNCHRONIZE|WRITE_DAC|WRITE_OWNER|THREAD_ALL_ACCESS
ReetFPS.exe,15040,DESKTOP-M4PIKSF\dani,0x00003F60,Thread,,PointBlank.exe(22372): 1460,READ_CONTROL|DELETE|SYNCHRONIZE|WRITE_DAC|WRITE_OWNER|THREAD_ALL_ACCESS
ReetFPS.exe,15040,DESKTOP-M4PIKSF\dani,0x00003F64,Thread,,PointBlank.exe(22372): 16880,READ_CONTROL|DELETE|SYNCHRONIZE|WRITE_DAC|WRITE_OWNER|THREAD_ALL_ACCESS
ReetFPS.exe,15040,DESKTOP-M4PIKSF\dani,0x00003F68,Thread,,PointBlank.exe(22372): 19132,READ_CONTROL|DELETE|SYNCHRONIZE|WRITE_DAC|WRITE_OWNER|THREAD_ALL_ACCESS
ReetFPS.exe,15040,DESKTOP-M4PIKSF\dani,0x00003F6C,Thread,,PointBlank.exe(22372): 9100,READ_CONTROL|DELETE|SYNCHRONIZE|WRITE_DAC|WRITE_OWNER|THREAD_ALL_ACCESS
ReetFPS.exe,15040,DESKTOP-M4PIKSF\dani,0x00003F70,Thread,,PointBlank.exe(22372): 18148,READ_CONTROL|DELETE|SYNCHRONIZE|WRITE_DAC|WRITE_OWNER|THREAD_ALL_ACCESS
ReetFPS.exe,15040,DESKTOP-M4PIKSF\dani,0x00003F74,Thread,,PointBlank.exe(22372): 19136,READ_CONTROL|DELETE|SYNCHRONIZE|WRITE_DAC|WRITE_OWNER|THREAD_ALL_ACCESS
ReetFPS.exe,15040,DESKTOP-M4PIKSF\dani,0x00003F78,Thread,,PointBlank.exe(22372): 17584,READ_CONTROL|DELETE|SYNCHRONIZE|WRITE_DAC|WRITE_OWNER|THREAD_ALL_ACCESS
ReetFPS.exe,15040,DESKTOP-M4PIKSF\dani,0x00003F7C,Thread,,PointBlank.exe(22372): 21272,READ_CONTROL|DELETE|SYNCHRONIZE|WRITE_DAC|WRITE_OWNER|THREAD_ALL_ACCESS
ReetFPS.exe,15040,DESKTOP-M4PIKSF\dani,0x00003F80,Thread,,PointBlank.exe(22372): 19152,READ_CONTROL|DELETE|SYNCHRONIZE|WRITE_DAC|WRITE_OWNER|THREAD_ALL_ACCESS
ReetFPS.exe,15040,DESKTOP-M4PIKSF\dani,0x00003F84,Thread,,PointBlank.exe(22372): 14140,READ_CONTROL|DELETE|SYNCHRONIZE|WRITE_DAC|WRITE_OWNER|THREAD_ALL_ACCESS
ReetFPS.exe,15040,DESKTOP-M4PIKSF\dani,0x00003F88,Thread,,PointBlank.exe(22372): 20428,READ_CONTROL|DELETE|SYNCHRONIZE|WRITE_DAC|WRITE_OWNER|THREAD_ALL_ACCESS
ReetFPS.exe,15040,DESKTOP-M4PIKSF\dani,0x00003F8C,Thread,,PointBlank.exe(22372): 6620,READ_CONTROL|DELETE|SYNCHRONIZE|WRITE_DAC|WRITE_OWNER|THREAD_ALL_ACCESS
ReetFPS.exe,15040,DESKTOP-M4PIKSF\dani,0x00003F90,Thread,,PointBlank.exe(22372): 17968,READ_CONTROL|DELETE|SYNCHRONIZE|WRITE_DAC|WRITE_OWNER|THREAD_ALL_ACCESS
ReetFPS.exe,15040,DESKTOP-M4PIKSF\dani,0x00003F94,Thread,,PointBlank.exe(22372): 19528,READ_CONTROL|DELETE|SYNCHRONIZE|WRITE_DAC|WRITE_OWNER|THREAD_ALL_ACCESS
ReetFPS.exe,15040,DESKTOP-M4PIKSF\dani,0x00003F98,Thread,,PointBlank.exe(22372): 17984,READ_CONTROL|DELETE|SYNCHRONIZE|WRITE_DAC|WRITE_OWNER|THREAD_ALL_ACCESS
ReetFPS.exe,15040,DESKTOP-M4PIKSF\dani,0x00003F9C,Thread,,PointBlank.exe(22372): 9808,READ_CONTROL|DELETE|SYNCHRONIZE|WRITE_DAC|WRITE_OWNER|THREAD_ALL_ACCESS
ReetFPS.exe,15040,DESKTOP-M4PIKSF\dani,0x00003FA0,Thread,,PointBlank.exe(22372): 21820,READ_CONTROL|DELETE|SYNCHRONIZE|WRITE_DAC|WRITE_OWNER|THREAD_ALL_ACCESS
ReetFPS.exe,15040,DESKTOP-M4PIKSF\dani,0x00003FA4,Thread,,PointBlank.exe(22372): 11556,READ_CONTROL|DELETE|SYNCHRONIZE|WRITE_DAC|WRITE_OWNER|THREAD_ALL_ACCESS
ReetFPS.exe,15040,DESKTOP-M4PIKSF\dani,0x00003FA8,Thread,,PointBlank.exe(22372): 17900,READ_CONTROL|DELETE|SYNCHRONIZE|WRITE_DAC|WRITE_OWNER|THREAD_ALL_ACCESS
ReetFPS.exe,15040,DESKTOP-M4PIKSF\dani,0x00003FAC,Thread,,PointBlank.exe(22372): 13788,READ_CONTROL|DELETE|SYNCHRONIZE|WRITE_DAC|WRITE_OWNER|THREAD_ALL_ACCESS
ReetFPS.exe,15040,DESKTOP-M4PIKSF\dani,0x00003FB0,Thread,,PointBlank.exe(22372): 9652,READ_CONTROL|DELETE|SYNCHRONIZE|WRITE_DAC|WRITE_OWNER|THREAD_ALL_ACCESS
ReetFPS.exe,15040,DESKTOP-M4PIKSF\dani,0x00003FB4,Thread,,PointBlank.exe(22372): 2084,READ_CONTROL|DELETE|SYNCHRONIZE|WRITE_DAC|WRITE_OWNER|THREAD_ALL_ACCESS
ReetFPS.exe,15040,DESKTOP-M4PIKSF\dani,0x00003FB8,Thread,,PointBlank.exe(22372): 20688,READ_CONTROL|DELETE|SYNCHRONIZE|WRITE_DAC|WRITE_OWNER|THREAD_ALL_ACCESS
ReetFPS.exe,15040,DESKTOP-M4PIKSF\dani,0x00003FBC,Thread,,PointBlank.exe(22372): 21844,READ_CONTROL|DELETE|SYNCHRONIZE|WRITE_DAC|WRITE_OWNER|THREAD_ALL_ACCESS
ReetFPS.exe,15040,DESKTOP-M4PIKSF\dani,0x00003FC0,Thread,,PointBlank.exe(22372): 21848,READ_CONTROL|DELETE|SYNCHRONIZE|WRITE_DAC|WRITE_OWNER|THREAD_ALL_ACCESS
ReetFPS.exe,15040,DESKTOP-M4PIKSF\dani,0x00003FC4,Thread,,PointBlank.exe(22372): 20784,READ_CONTROL|DELETE|SYNCHRONIZE|WRITE_DAC|WRITE_OWNER|THREAD_ALL_ACCESS
ReetFPS.exe,15040,DESKTOP-M4PIKSF\dani,0x00003FC8,Thread,,PointBlank.exe(22372): 20816,READ_CONTROL|DELETE|SYNCHRONIZE|WRITE_DAC|WRITE_OWNER|THREAD_ALL_ACCESS
ReetFPS.exe,15040,DESKTOP-M4PIKSF\dani,0x00003FCC,Thread,,PointBlank.exe(22372): 20896,READ_CONTROL|DELETE|SYNCHRONIZE|WRITE_DAC|WRITE_OWNER|THREAD_ALL_ACCESS
ReetFPS.exe,15040,DESKTOP-M4PIKSF\dani,0x00003FD0,Thread,,PointBlank.exe(22372): 6772,READ_CONTROL|DELETE|SYNCHRONIZE|WRITE_DAC|WRITE_OWNER|THREAD_ALL_ACCESS
ReetFPS.exe,15040,DESKTOP-M4PIKSF\dani,0x00003FD4,Thread,,PointBlank.exe(22372): 2656,READ_CONTROL|DELETE|SYNCHRONIZE|WRITE_DAC|WRITE_OWNER|THREAD_ALL_ACCESS
ReetFPS.exe,15040,DESKTOP-M4PIKSF\dani,0x00003FD8,Thread,,PointBlank.exe(22372): 20960,READ_CONTROL|DELETE|SYNCHRONIZE|WRITE_DAC|WRITE_OWNER|THREAD_ALL_ACCESS
ReetFPS.exe,15040,DESKTOP-M4PIKSF\dani,0x00003FDC,Thread,,PointBlank.exe(22372): 17792,READ_CONTROL|DELETE|SYNCHRONIZE|WRITE_DAC|WRITE_OWNER|THREAD_ALL_ACCESS
ReetFPS.exe,15040,DESKTOP-M4PIKSF\dani,0x00003FE0,Thread,,PointBlank.exe(22372): 13356,READ_CONTROL|DELETE|SYNCHRONIZE|WRITE_DAC|WRITE_OWNER|THREAD_ALL_ACCESS
ReetFPS.exe,15040,DESKTOP-M4PIKSF\dani,0x00003FE4,Thread,,PointBlank.exe(22372): 15536,READ_CONTROL|DELETE|SYNCHRONIZE|WRITE_DAC|WRITE_OWNER|THREAD_ALL_ACCESS
ReetFPS.exe,15040,DESKTOP-M4PIKSF\dani,0x00003FE8,Thread,,PointBlank.exe(22372): 18856,READ_CONTROL|DELETE|SYNCHRONIZE|WRITE_DAC|WRITE_OWNER|THREAD_ALL_ACCESS
ReetFPS.exe,15040,DESKTOP-M4PIKSF\dani,0x00003FEC,Thread,,PointBlank.exe(22372): 15708,READ_CONTROL|DELETE|SYNCHRONIZE|WRITE_DAC|WRITE_OWNER|THREAD_ALL_ACCESS
ReetFPS.exe,15040,DESKTOP-M4PIKSF\dani,0x00003FF0,Thread,,PointBlank.exe(22372): 16692,READ_CONTROL|DELETE|SYNCHRONIZE|WRITE_DAC|WRITE_OWNER|THREAD_ALL_ACCESS
ReetFPS.exe,15040,DESKTOP-M4PIKSF\dani,0x00003FF4,Thread,,PointBlank.exe(22372): 2856,READ_CONTROL|DELETE|SYNCHRONIZE|WRITE_DAC|WRITE_OWNER|THREAD_ALL_ACCESS
ReetFPS.exe,15040,DESKTOP-M4PIKSF\dani,0x00003FF8,Thread,,PointBlank.exe(22372): 18280,READ_CONTROL|DELETE|SYNCHRONIZE|WRITE_DAC|WRITE_OWNER|THREAD_ALL_ACCESS
ReetFPS.exe,15040,DESKTOP-M4PIKSF\dani,0x00003FFC,Thread,,PointBlank.exe(22372): 21052,READ_CONTROL|DELETE|SYNCHRONIZE|WRITE_DAC|WRITE_OWNER|THREAD_ALL_ACCESS
ReetFPS.exe,15040,DESKTOP-M4PIKSF\dani,0x00004004,Thread,,PointBlank.exe(22372): 17808,READ_CONTROL|DELETE|SYNCHRONIZE|WRITE_DAC|WRITE_OWNER|THREAD_ALL_ACCESS
ReetFPS.exe,15040,DESKTOP-M4PIKSF\dani,0x00004008,Thread,,PointBlank.exe(22372): 12576,READ_CONTROL|DELETE|SYNCHRONIZE|WRITE_DAC|WRITE_OWNER|THREAD_ALL_ACCESS
ReetFPS.exe,15040,DESKTOP-M4PIKSF\dani,0x0000400C,Thread,,PointBlank.exe(22372): 14880,READ_CONTROL|DELETE|SYNCHRONIZE|WRITE_DAC|WRITE_OWNER|THREAD_ALL_ACCESS
ReetFPS.exe,15040,DESKTOP-M4PIKSF\dani,0x00004010,Thread,,PointBlank.exe(22372): 13860,READ_CONTROL|DELETE|SYNCHRONIZE|WRITE_DAC|WRITE_OWNER|THREAD_ALL_ACCESS
ReetFPS.exe,15040,DESKTOP-M4PIKSF\dani,0x00004014,Thread,,PointBlank.exe(22372): 14644,READ_CONTROL|DELETE|SYNCHRONIZE|WRITE_DAC|WRITE_OWNER|THREAD_ALL_ACCESS
ReetFPS.exe,15040,DESKTOP-M4PIKSF\dani,0x00004018,Thread,,PointBlank.exe(22372): 17700,READ_CONTROL|DELETE|SYNCHRONIZE|WRITE_DAC|WRITE_OWNER|THREAD_ALL_ACCESS
ReetFPS.exe,15040,DESKTOP-M4PIKSF\dani,0x0000401C,Thread,,PointBlank.exe(22372): 3324,READ_CONTROL|DELETE|SYNCHRONIZE|WRITE_DAC|WRITE_OWNER|THREAD_ALL_ACCESS
ReetFPS.exe,15040,DESKTOP-M4PIKSF\dani,0x00004020,Thread,,PointBlank.exe(22372): 18196,READ_CONTROL|DELETE|SYNCHRONIZE|WRITE_DAC|WRITE_OWNER|THREAD_ALL_ACCESS
ReetFPS.exe,15040,DESKTOP-M4PIKSF\dani,0x00004024,Thread,,PointBlank.exe(22372): 18224,READ_CONTROL|DELETE|SYNCHRONIZE|WRITE_DAC|WRITE_OWNER|THREAD_ALL_ACCESS
ReetFPS.exe,15040,DESKTOP-M4PIKSF\dani,0x00004028,Thread,,PointBlank.exe(22372): 19336,READ_CONTROL|DELETE|SYNCHRONIZE|WRITE_DAC|WRITE_OWNER|THREAD_ALL_ACCESS
ReetFPS.exe,15040,DESKTOP-M4PIKSF\dani,0x0000402C,Thread,,PointBlank.exe(22372): 6360,READ_CONTROL|DELETE|SYNCHRONIZE|WRITE_DAC|WRITE_OWNER|THREAD_ALL_ACCESS
ReetFPS.exe,15040,DESKTOP-M4PIKSF\dani,0x00004030,Thread,,PointBlank.exe(22372): 15176,READ_CONTROL|DELETE|SYNCHRONIZE|WRITE_DAC|WRITE_OWNER|THREAD_ALL_ACCESS
ReetFPS.exe,15040,DESKTOP-M4PIKSF\dani,0x00004034,Thread,,PointBlank.exe(22372): 15008,READ_CONTROL|DELETE|SYNCHRONIZE|WRITE_DAC|WRITE_OWNER|THREAD_ALL_ACCESS
ReetFPS.exe,15040,DESKTOP-M4PIKSF\dani,0x00004038,Thread,,PointBlank.exe(22372): 14680,READ_CONTROL|DELETE|SYNCHRONIZE|WRITE_DAC|WRITE_OWNER|THREAD_ALL_ACCESS
ReetFPS.exe,15040,DESKTOP-M4PIKSF\dani,0x0000403C,Thread,,PointBlank.exe(22372): 8800,READ_CONTROL|DELETE|SYNCHRONIZE|WRITE_DAC|WRITE_OWNER|THREAD_ALL_ACCESS
ReetFPS.exe,15040,DESKTOP-M4PIKSF\dani,0x00004040,Thread,,PointBlank.exe(22372): 19340,READ_CONTROL|DELETE|SYNCHRONIZE|WRITE_DAC|WRITE_OWNER|THREAD_ALL_ACCESS
ReetFPS.exe,15040,DESKTOP-M4PIKSF\dani,0x00004044,Thread,,PointBlank.exe(22372): 17936,READ_CONTROL|DELETE|SYNCHRONIZE|WRITE_DAC|WRITE_OWNER|THREAD_ALL_ACCESS
ReetFPS.exe,15040,DESKTOP-M4PIKSF\dani,0x00004048,Thread,,PointBlank.exe(22372): 15108,READ_CONTROL|DELETE|SYNCHRONIZE|WRITE_DAC|WRITE_OWNER|THREAD_ALL_ACCESS
ReetFPS.exe,15040,DESKTOP-M4PIKSF\dani,0x0000404C,Thread,,PointBlank.exe(22372): 9884,READ_CONTROL|DELETE|SYNCHRONIZE|WRITE_DAC|WRITE_OWNER|THREAD_ALL_ACCESS
ReetFPS.exe,15040,DESKTOP-M4PIKSF\dani,0x00004050,Thread,,PointBlank.exe(22372): 18956,READ_CONTROL|DELETE|SYNCHRONIZE|WRITE_DAC|WRITE_OWNER|THREAD_ALL_ACCESS
ReetFPS.exe,15040,DESKTOP-M4PIKSF\dani,0x00004054,Thread,,PointBlank.exe(22372): 14832,READ_CONTROL|DELETE|SYNCHRONIZE|WRITE_DAC|WRITE_OWNER|THREAD_ALL_ACCESS
ReetFPS.exe,15040,DESKTOP-M4PIKSF\dani,0x00004058,Thread,,PointBlank.exe(22372): 19068,READ_CONTROL|DELETE|SYNCHRONIZE|WRITE_DAC|WRITE_OWNER|THREAD_ALL_ACCESS
ReetFPS.exe,15040,DESKTOP-M4PIKSF\dani,0x0000405C,Thread,,PointBlank.exe(22372): 19300,READ_CONTROL|DELETE|SYNCHRONIZE|WRITE_DAC|WRITE_OWNER|THREAD_ALL_ACCESS
ReetFPS.exe,15040,DESKTOP-M4PIKSF\dani,0x00004060,Section,,,READ_CONTROL|DELETE|WRITE_DAC|WRITE_OWNER|QUERY|MAP_WRITE|MAP_READ
ReetFPS.exe,15040,DESKTOP-M4PIKSF\dani,0x00004064,Thread,,PointBlank.exe(22372): 12812,READ_CONTROL|DELETE|SYNCHRONIZE|WRITE_DAC|WRITE_OWNER|THREAD_ALL_ACCESS
ReetFPS.exe,15040,DESKTOP-M4PIKSF\dani,0x00004068,Thread,,PointBlank.exe(22372): 19196,READ_CONTROL|DELETE|SYNCHRONIZE|WRITE_DAC|WRITE_OWNER|THREAD_ALL_ACCESS
ReetFPS.exe,15040,DESKTOP-M4PIKSF\dani,0x0000406C,Section,,,READ_CONTROL|DELETE|WRITE_DAC|WRITE_OWNER|QUERY|MAP_WRITE|MAP_READ
ReetFPS.exe,15040,DESKTOP-M4PIKSF\dani,0x00004070,Thread,,PointBlank.exe(22372): 5260,READ_CONTROL|DELETE|SYNCHRONIZE|WRITE_DAC|WRITE_OWNER|THREAD_ALL_ACCESS
ReetFPS.exe,15040,DESKTOP-M4PIKSF\dani,0x00004074,Thread,,PointBlank.exe(22372): 19212,READ_CONTROL|DELETE|SYNCHRONIZE|WRITE_DAC|WRITE_OWNER|THREAD_ALL_ACCESS
ReetFPS.exe,15040,DESKTOP-M4PIKSF\dani,0x00004078,Thread,,PointBlank.exe(22372): 19060,READ_CONTROL|DELETE|SYNCHRONIZE|WRITE_DAC|WRITE_OWNER|THREAD_ALL_ACCESS
ReetFPS.exe,15040,DESKTOP-M4PIKSF\dani,0x0000407C,Thread,,PointBlank.exe(22372): 18916,READ_CONTROL|DELETE|SYNCHRONIZE|WRITE_DAC|WRITE_OWNER|THREAD_ALL_ACCESS
ReetFPS.exe,15040,DESKTOP-M4PIKSF\dani,0x00004080,Thread,,PointBlank.exe(22372): 19428,READ_CONTROL|DELETE|SYNCHRONIZE|WRITE_DAC|WRITE_OWNER|THREAD_ALL_ACCESS
ReetFPS.exe,15040,DESKTOP-M4PIKSF\dani,0x00004084,Thread,,PointBlank.exe(22372): 19156,READ_CONTROL|DELETE|SYNCHRONIZE|WRITE_DAC|WRITE_OWNER|THREAD_ALL_ACCESS
ReetFPS.exe,15040,DESKTOP-M4PIKSF\dani,0x00004088,Thread,,PointBlank.exe(22372): 19208,READ_CONTROL|DELETE|SYNCHRONIZE|WRITE_DAC|WRITE_OWNER|THREAD_ALL_ACCESS
ReetFPS.exe,15040,DESKTOP-M4PIKSF\dani,0x0000408C,Thread,,PointBlank.exe(22372): 18940,READ_CONTROL|DELETE|SYNCHRONIZE|WRITE_DAC|WRITE_OWNER|THREAD_ALL_ACCESS
ReetFPS.exe,15040,DESKTOP-M4PIKSF\dani,0x00004090,Thread,,PointBlank.exe(22372): 22312,READ_CONTROL|DELETE|SYNCHRONIZE|WRITE_DAC|WRITE_OWNER|THREAD_ALL_ACCESS
ReetFPS.exe,15040,DESKTOP-M4PIKSF\dani,0x00004094,Thread,,PointBlank.exe(22372): 18984,READ_CONTROL|DELETE|SYNCHRONIZE|WRITE_DAC|WRITE_OWNER|THREAD_ALL_ACCESS
ReetFPS.exe,15040,DESKTOP-M4PIKSF\dani,0x00004098,Thread,,PointBlank.exe(22372): 14728,READ_CONTROL|DELETE|SYNCHRONIZE|WRITE_DAC|WRITE_OWNER|THREAD_ALL_ACCESS
ReetFPS.exe,15040,DESKTOP-M4PIKSF\dani,0x0000409C,Thread,,PointBlank.exe(22372): 14564,READ_CONTROL|DELETE|SYNCHRONIZE|WRITE_DAC|WRITE_OWNER|THREAD_ALL_ACCESS
ReetFPS.exe,15040,DESKTOP-M4PIKSF\dani,0x000040A0,Thread,,PointBlank.exe(22372): 12504,READ_CONTROL|DELETE|SYNCHRONIZE|WRITE_DAC|WRITE_OWNER|THREAD_ALL_ACCESS
ReetFPS.exe,15040,DESKTOP-M4PIKSF\dani,0x000040A4,Thread,,PointBlank.exe(22372): 14836,READ_CONTROL|DELETE|SYNCHRONIZE|WRITE_DAC|WRITE_OWNER|THREAD_ALL_ACCESS
ReetFPS.exe,15040,DESKTOP-M4PIKSF\dani,0x000040A8,Thread,,PointBlank.exe(22372): 8700,READ_CONTROL|DELETE|SYNCHRONIZE|WRITE_DAC|WRITE_OWNER|THREAD_ALL_ACCESS
ReetFPS.exe,15040,DESKTOP-M4PIKSF\dani,0x000040AC,Thread,,PointBlank.exe(22372): 15324,READ_CONTROL|DELETE|SYNCHRONIZE|WRITE_DAC|WRITE_OWNER|THREAD_ALL_ACCESS
ReetFPS.exe,15040,DESKTOP-M4PIKSF\dani,0x000040B0,Thread,,PointBlank.exe(22372): 20760,READ_CONTROL|DELETE|SYNCHRONIZE|WRITE_DAC|WRITE_OWNER|THREAD_ALL_ACCESS
ReetFPS.exe,15040,DESKTOP-M4PIKSF\dani,0x000040B4,Thread,,PointBlank.exe(22372): 16736,READ_CONTROL|DELETE|SYNCHRONIZE|WRITE_DAC|WRITE_OWNER|THREAD_ALL_ACCESS
ReetFPS.exe,15040,DESKTOP-M4PIKSF\dani,0x000040B8,Thread,,PointBlank.exe(22372): 21136,READ_CONTROL|DELETE|SYNCHRONIZE|WRITE_DAC|WRITE_OWNER|THREAD_ALL_ACCESS
ReetFPS.exe,15040,DESKTOP-M4PIKSF\dani,0x000040BC,Thread,,PointBlank.exe(22372): 21856,READ_CONTROL|DELETE|SYNCHRONIZE|WRITE_DAC|WRITE_OWNER|THREAD_ALL_ACCESS
ReetFPS.exe,15040,DESKTOP-M4PIKSF\dani,0x000040C0,Thread,,PointBlank.exe(22372): 22076,READ_CONTROL|DELETE|SYNCHRONIZE|WRITE_DAC|WRITE_OWNER|THREAD_ALL_ACCESS
ReetFPS.exe,15040,DESKTOP-M4PIKSF\dani,0x000040C4,Thread,,PointBlank.exe(22372): 17920,READ_CONTROL|DELETE|SYNCHRONIZE|WRITE_DAC|WRITE_OWNER|THREAD_ALL_ACCESS
ReetFPS.exe,15040,DESKTOP-M4PIKSF\dani,0x000040C8,Thread,,PointBlank.exe(22372): 21364,READ_CONTROL|DELETE|SYNCHRONIZE|WRITE_DAC|WRITE_OWNER|THREAD_ALL_ACCESS
ReetFPS.exe,15040,DESKTOP-M4PIKSF\dani,0x000040CC,Thread,,PointBlank.exe(22372): 19284,READ_CONTROL|DELETE|SYNCHRONIZE|WRITE_DAC|WRITE_OWNER|THREAD_ALL_ACCESS
ReetFPS.exe,15040,DESKTOP-M4PIKSF\dani,0x000040D0,Thread,,PointBlank.exe(22372): 20448,READ_CONTROL|DELETE|SYNCHRONIZE|WRITE_DAC|WRITE_OWNER|THREAD_ALL_ACCESS
ReetFPS.exe,15040,DESKTOP-M4PIKSF\dani,0x000040D4,Thread,,PointBlank.exe(22372): 16304,READ_CONTROL|DELETE|SYNCHRONIZE|WRITE_DAC|WRITE_OWNER|THREAD_ALL_ACCESS
ReetFPS.exe,15040,DESKTOP-M4PIKSF\dani,0x000040D8,Thread,,PointBlank.exe(22372): 21048,READ_CONTROL|DELETE|SYNCHRONIZE|WRITE_DAC|WRITE_OWNER|THREAD_ALL_ACCESS
ReetFPS.exe,15040,DESKTOP-M4PIKSF\dani,0x000040DC,Thread,,PointBlank.exe(22372): 20724,READ_CONTROL|DELETE|SYNCHRONIZE|WRITE_DAC|WRITE_OWNER|THREAD_ALL_ACCESS
ReetFPS.exe,15040,DESKTOP-M4PIKSF\dani,0x000040E0,Thread,,PointBlank.exe(22372): 22624,READ_CONTROL|DELETE|SYNCHRONIZE|WRITE_DAC|WRITE_OWNER|THREAD_ALL_ACCESS
ReetFPS.exe,15040,DESKTOP-M4PIKSF\dani,0x000040E4,Thread,,PointBlank.exe(22372): 20780,READ_CONTROL|DELETE|SYNCHRONIZE|WRITE_DAC|WRITE_OWNER|THREAD_ALL_ACCESS
ReetFPS.exe,15040,DESKTOP-M4PIKSF\dani,0x000040E8,Thread,,PointBlank.exe(22372): 17852,READ_CONTROL|DELETE|SYNCHRONIZE|WRITE_DAC|WRITE_OWNER|THREAD_ALL_ACCESS
ReetFPS.exe,15040,DESKTOP-M4PIKSF\dani,0x000040EC,Thread,,PointBlank.exe(22372): 22080,READ_CONTROL|DELETE|SYNCHRONIZE|WRITE_DAC|WRITE_OWNER|THREAD_ALL_ACCESS
ReetFPS.exe,15040,DESKTOP-M4PIKSF\dani,0x000040F0,Thread,,PointBlank.exe(22372): 14512,READ_CONTROL|DELETE|SYNCHRONIZE|WRITE_DAC|WRITE_OWNER|THREAD_ALL_ACCESS
ReetFPS.exe,15040,DESKTOP-M4PIKSF\dani,0x000040F4,Thread,,PointBlank.exe(22372): 22088,READ_CONTROL|DELETE|SYNCHRONIZE|WRITE_DAC|WRITE_OWNER|THREAD_ALL_ACCESS
ReetFPS.exe,15040,DESKTOP-M4PIKSF\dani,0x000040F8,Thread,,PointBlank.exe(22372): 21412,READ_CONTROL|DELETE|SYNCHRONIZE|WRITE_DAC|WRITE_OWNER|THREAD_ALL_ACCESS
ReetFPS.exe,15040,DESKTOP-M4PIKSF\dani,0x000040FC,Thread,,PointBlank.exe(22372): 17948,READ_CONTROL|DELETE|SYNCHRONIZE|WRITE_DAC|WRITE_OWNER|THREAD_ALL_ACCESS
ReetFPS.exe,15040,DESKTOP-M4PIKSF\dani,0x00004100,Thread,,PointBlank.exe(22372): 22320,READ_CONTROL|DELETE|SYNCHRONIZE|WRITE_DAC|WRITE_OWNER|THREAD_ALL_ACCESS
ReetFPS.exe,15040,DESKTOP-M4PIKSF\dani,0x00004104,Thread,,PointBlank.exe(22372): 21204,READ_CONTROL|DELETE|SYNCHRONIZE|WRITE_DAC|WRITE_OWNER|THREAD_ALL_ACCESS
ReetFPS.exe,15040,DESKTOP-M4PIKSF\dani,0x00004108,Thread,,PointBlank.exe(22372): 7584,READ_CONTROL|DELETE|SYNCHRONIZE|WRITE_DAC|WRITE_OWNER|THREAD_ALL_ACCESS
ReetFPS.exe,15040,DESKTOP-M4PIKSF\dani,0x0000410C,Thread,,PointBlank.exe(22372): 20520,READ_CONTROL|DELETE|SYNCHRONIZE|WRITE_DAC|WRITE_OWNER|THREAD_ALL_ACCESS
ReetFPS.exe,15040,DESKTOP-M4PIKSF\dani,0x00004110,Thread,,PointBlank.exe(22372): 3264,READ_CONTROL|DELETE|SYNCHRONIZE|WRITE_DAC|WRITE_OWNER|THREAD_ALL_ACCESS
ReetFPS.exe,15040,DESKTOP-M4PIKSF\dani,0x00004114,Thread,,PointBlank.exe(22372): 7200,READ_CONTROL|DELETE|SYNCHRONIZE|WRITE_DAC|WRITE_OWNER|THREAD_ALL_ACCESS
ReetFPS.exe,15040,DESKTOP-M4PIKSF\dani,0x00004118,Thread,,PointBlank.exe(22372): 2696,READ_CONTROL|DELETE|SYNCHRONIZE|WRITE_DAC|WRITE_OWNER|THREAD_ALL_ACCESS
ReetFPS.exe,15040,DESKTOP-M4PIKSF\dani,0x0000411C,Thread,,PointBlank.exe(22372): 17528,READ_CONTROL|DELETE|SYNCHRONIZE|WRITE_DAC|WRITE_OWNER|THREAD_ALL_ACCESS
ReetFPS.exe,15040,DESKTOP-M4PIKSF\dani,0x00004120,Thread,,PointBlank.exe(22372): 22096,READ_CONTROL|DELETE|SYNCHRONIZE|WRITE_DAC|WRITE_OWNER|THREAD_ALL_ACCESS
ReetFPS.exe,15040,DESKTOP-M4PIKSF\dani,0x00004124,Thread,,PointBlank.exe(22372): 22128,READ_CONTROL|DELETE|SYNCHRONIZE|WRITE_DAC|WRITE_OWNER|THREAD_ALL_ACCESS
ReetFPS.exe,15040,DESKTOP-M4PIKSF\dani,0x00004128,Thread,,PointBlank.exe(22372): 22216,READ_CONTROL|DELETE|SYNCHRONIZE|WRITE_DAC|WRITE_OWNER|THREAD_ALL_ACCESS
ReetFPS.exe,15040,DESKTOP-M4PIKSF\dani,0x0000412C,Thread,,PointBlank.exe(22372): 18904,READ_CONTROL|DELETE|SYNCHRONIZE|WRITE_DAC|WRITE_OWNER|THREAD_ALL_ACCESS
ReetFPS.exe,15040,DESKTOP-M4PIKSF\dani,0x00004130,Thread,,PointBlank.exe(22372): 22316,READ_CONTROL|DELETE|SYNCHRONIZE|WRITE_DAC|WRITE_OWNER|THREAD_ALL_ACCESS
ReetFPS.exe,15040,DESKTOP-M4PIKSF\dani,0x00004134,Thread,,PointBlank.exe(22372): 22324,READ_CONTROL|DELETE|SYNCHRONIZE|WRITE_DAC|WRITE_OWNER|THREAD_ALL_ACCESS
ReetFPS.exe,15040,DESKTOP-M4PIKSF\dani,0x00004138,Thread,,PointBlank.exe(22372): 22328,READ_CONTROL|DELETE|SYNCHRONIZE|WRITE_DAC|WRITE_OWNER|THREAD_ALL_ACCESS
ReetFPS.exe,15040,DESKTOP-M4PIKSF\dani,0x0000413C,Thread,,PointBlank.exe(22372): 4556,READ_CONTROL|DELETE|SYNCHRONIZE|WRITE_DAC|WRITE_OWNER|THREAD_ALL_ACCESS
ReetFPS.exe,15040,DESKTOP-M4PIKSF\dani,0x00004140,Thread,,PointBlank.exe(22372): 21096,READ_CONTROL|DELETE|SYNCHRONIZE|WRITE_DAC|WRITE_OWNER|THREAD_ALL_ACCESS
ReetFPS.exe,15040,DESKTOP-M4PIKSF\dani,0x00004144,Thread,,PointBlank.exe(22372): 3040,READ_CONTROL|DELETE|SYNCHRONIZE|WRITE_DAC|WRITE_OWNER|THREAD_ALL_ACCESS
ReetFPS.exe,15040,DESKTOP-M4PIKSF\dani,0x00004148,Thread,,PointBlank.exe(22372): 21640,READ_CONTROL|DELETE|SYNCHRONIZE|WRITE_DAC|WRITE_OWNER|THREAD_ALL_ACCESS
ReetFPS.exe,15040,DESKTOP-M4PIKSF\dani,0x0000414C,Thread,,PointBlank.exe(22372): 18324,READ_CONTROL|DELETE|SYNCHRONIZE|WRITE_DAC|WRITE_OWNER|THREAD_ALL_ACCESS
ReetFPS.exe,15040,DESKTOP-M4PIKSF\dani,0x00004150,Thread,,PointBlank.exe(22372): 22104,READ_CONTROL|DELETE|SYNCHRONIZE|WRITE_DAC|WRITE_OWNER|THREAD_ALL_ACCESS
ReetFPS.exe,15040,DESKTOP-M4PIKSF\dani,0x00004154,Thread,,PointBlank.exe(22372): 3320,READ_CONTROL|DELETE|SYNCHRONIZE|WRITE_DAC|WRITE_OWNER|THREAD_ALL_ACCESS
ReetFPS.exe,15040,DESKTOP-M4PIKSF\dani,0x00004158,Thread,,PointBlank.exe(22372): 9408,READ_CONTROL|DELETE|SYNCHRONIZE|WRITE_DAC|WRITE_OWNER|THREAD_ALL_ACCESS
ReetFPS.exe,15040,DESKTOP-M4PIKSF\dani,0x0000415C,Section,,,READ_CONTROL|DELETE|WRITE_DAC|WRITE_OWNER|QUERY|MAP_WRITE|MAP_READ
ReetFPS.exe,15040,DESKTOP-M4PIKSF\dani,0x00004160,Thread,,PointBlank.exe(22372): 22548,READ_CONTROL|DELETE|SYNCHRONIZE|WRITE_DAC|WRITE_OWNER|THREAD_ALL_ACCESS
ReetFPS.exe,15040,DESKTOP-M4PIKSF\dani,0x00004164,Thread,,PointBlank.exe(22372): 22540,READ_CONTROL|DELETE|SYNCHRONIZE|WRITE_DAC|WRITE_OWNER|THREAD_ALL_ACCESS
ReetFPS.exe,15040,DESKTOP-M4PIKSF\dani,0x00004168,Thread,,PointBlank.exe(22372): 22652,READ_CONTROL|DELETE|SYNCHRONIZE|WRITE_DAC|WRITE_OWNER|THREAD_ALL_ACCESS
ReetFPS.exe,15040,DESKTOP-M4PIKSF\dani,0x0000416C,Thread,,PointBlank.exe(22372): 22532,READ_CONTROL|DELETE|SYNCHRONIZE|WRITE_DAC|WRITE_OWNER|THREAD_ALL_ACCESS
ReetFPS.exe,15040,DESKTOP-M4PIKSF\dani,0x00004170,Thread,,PointBlank.exe(22372): 22664,READ_CONTROL|DELETE|SYNCHRONIZE|WRITE_DAC|WRITE_OWNER|THREAD_ALL_ACCESS
ReetFPS.exe,15040,DESKTOP-M4PIKSF\dani,0x00004174,Thread,,PointBlank.exe(22372): 22552,READ_CONTROL|DELETE|SYNCHRONIZE|WRITE_DAC|WRITE_OWNER|THREAD_ALL_ACCESS
ReetFPS.exe,15040,DESKTOP-M4PIKSF\dani,0x00004178,Thread,,PointBlank.exe(22372): 22568,READ_CONTROL|DELETE|SYNCHRONIZE|WRITE_DAC|WRITE_OWNER|THREAD_ALL_ACCESS
ReetFPS.exe,15040,DESKTOP-M4PIKSF\dani,0x0000417C,Thread,,PointBlank.exe(22372): 22556,READ_CONTROL|DELETE|SYNCHRONIZE|WRITE_DAC|WRITE_OWNER|THREAD_ALL_ACCESS
ReetFPS.exe,15040,DESKTOP-M4PIKSF\dani,0x00004180,Thread,,PointBlank.exe(22372): 22580,READ_CONTROL|DELETE|SYNCHRONIZE|WRITE_DAC|WRITE_OWNER|THREAD_ALL_ACCESS
ReetFPS.exe,15040,DESKTOP-M4PIKSF\dani,0x00004184,Thread,,PointBlank.exe(22372): 22560,READ_CONTROL|DELETE|SYNCHRONIZE|WRITE_DAC|WRITE_OWNER|THREAD_ALL_ACCESS
ReetFPS.exe,15040,DESKTOP-M4PIKSF\dani,0x00004188,Thread,,PointBlank.exe(22372): 22576,READ_CONTROL|DELETE|SYNCHRONIZE|WRITE_DAC|WRITE_OWNER|THREAD_ALL_ACCESS
ReetFPS.exe,15040,DESKTOP-M4PIKSF\dani,0x0000418C,Thread,,PointBlank.exe(22372): 22584,READ_CONTROL|DELETE|SYNCHRONIZE|WRITE_DAC|WRITE_OWNER|THREAD_ALL_ACCESS
ReetFPS.exe,15040,DESKTOP-M4PIKSF\dani,0x00004190,Thread,,PointBlank.exe(22372): 22588,READ_CONTROL|DELETE|SYNCHRONIZE|WRITE_DAC|WRITE_OWNER|THREAD_ALL_ACCESS
ReetFPS.exe,15040,DESKTOP-M4PIKSF\dani,0x00004194,Thread,,PointBlank.exe(22372): 22668,READ_CONTROL|DELETE|SYNCHRONIZE|WRITE_DAC|WRITE_OWNER|THREAD_ALL_ACCESS
ReetFPS.exe,15040,DESKTOP-M4PIKSF\dani,0x00004198,Thread,,PointBlank.exe(22372): 22592,READ_CONTROL|DELETE|SYNCHRONIZE|WRITE_DAC|WRITE_OWNER|THREAD_ALL_ACCESS
ReetFPS.exe,15040,DESKTOP-M4PIKSF\dani,0x0000419C,Thread,,PointBlank.exe(22372): 22596,READ_CONTROL|DELETE|SYNCHRONIZE|WRITE_DAC|WRITE_OWNER|THREAD_ALL_ACCESS
ReetFPS.exe,15040,DESKTOP-M4PIKSF\dani,0x000041A0,Thread,,PointBlank.exe(22372): 22712,READ_CONTROL|DELETE|SYNCHRONIZE|WRITE_DAC|WRITE_OWNER|THREAD_ALL_ACCESS
ReetFPS.exe,15040,DESKTOP-M4PIKSF\dani,0x000041A4,Thread,,PointBlank.exe(22372): 22600,READ_CONTROL|DELETE|SYNCHRONIZE|WRITE_DAC|WRITE_OWNER|THREAD_ALL_ACCESS
ReetFPS.exe,15040,DESKTOP-M4PIKSF\dani,0x000041A8,Thread,,PointBlank.exe(22372): 22604,READ_CONTROL|DELETE|SYNCHRONIZE|WRITE_DAC|WRITE_OWNER|THREAD_ALL_ACCESS
ReetFPS.exe,15040,DESKTOP-M4PIKSF\dani,0x000041AC,Thread,,PointBlank.exe(22372): 22672,READ_CONTROL|DELETE|SYNCHRONIZE|WRITE_DAC|WRITE_OWNER|THREAD_ALL_ACCESS
ReetFPS.exe,15040,DESKTOP-M4PIKSF\dani,0x000041B0,Thread,,PointBlank.exe(22372): 22608,READ_CONTROL|DELETE|SYNCHRONIZE|WRITE_DAC|WRITE_OWNER|THREAD_ALL_ACCESS
ReetFPS.exe,15040,DESKTOP-M4PIKSF\dani,0x000041B4,Thread,,PointBlank.exe(22372): 22612,READ_CONTROL|DELETE|SYNCHRONIZE|WRITE_DAC|WRITE_OWNER|THREAD_ALL_ACCESS
ReetFPS.exe,15040,DESKTOP-M4PIKSF\dani,0x000041B8,Thread,,PointBlank.exe(22372): 22616,READ_CONTROL|DELETE|SYNCHRONIZE|WRITE_DAC|WRITE_OWNER|THREAD_ALL_ACCESS
ReetFPS.exe,15040,DESKTOP-M4PIKSF\dani,0x000041BC,Thread,,PointBlank.exe(22372): 22748,READ_CONTROL|DELETE|SYNCHRONIZE|WRITE_DAC|WRITE_OWNER|THREAD_ALL_ACCESS
ReetFPS.exe,15040,DESKTOP-M4PIKSF\dani,0x000041C0,Thread,,PointBlank.exe(22372): 22772,READ_CONTROL|DELETE|SYNCHRONIZE|WRITE_DAC|WRITE_OWNER|THREAD_ALL_ACCESS
ReetFPS.exe,15040,DESKTOP-M4PIKSF\dani,0x000041C4,Thread,,PointBlank.exe(22372): 22676,READ_CONTROL|DELETE|SYNCHRONIZE|WRITE_DAC|WRITE_OWNER|THREAD_ALL_ACCESS
ReetFPS.exe,15040,DESKTOP-M4PIKSF\dani,0x000041C8,Thread,,PointBlank.exe(22372): 22628,READ_CONTROL|DELETE|SYNCHRONIZE|WRITE_DAC|WRITE_OWNER|THREAD_ALL_ACCESS
ReetFPS.exe,15040,DESKTOP-M4PIKSF\dani,0x000041CC,Thread,,PointBlank.exe(22372): 22656,READ_CONTROL|DELETE|SYNCHRONIZE|WRITE_DAC|WRITE_OWNER|THREAD_ALL_ACCESS
ReetFPS.exe,15040,DESKTOP-M4PIKSF\dani,0x000041D0,Thread,,PointBlank.exe(22372): 22632,READ_CONTROL|DELETE|SYNCHRONIZE|WRITE_DAC|WRITE_OWNER|THREAD_ALL_ACCESS
ReetFPS.exe,15040,DESKTOP-M4PIKSF\dani,0x000041D4,Thread,,PointBlank.exe(22372): 22636,READ_CONTROL|DELETE|SYNCHRONIZE|WRITE_DAC|WRITE_OWNER|THREAD_ALL_ACCESS
ReetFPS.exe,15040,DESKTOP-M4PIKSF\dani,0x000041D8,Thread,,PointBlank.exe(22372): 22640,READ_CONTROL|DELETE|SYNCHRONIZE|WRITE_DAC|WRITE_OWNER|THREAD_ALL_ACCESS
ReetFPS.exe,15040,DESKTOP-M4PIKSF\dani,0x000041DC,Thread,,PointBlank.exe(22372): 22684,READ_CONTROL|DELETE|SYNCHRONIZE|WRITE_DAC|WRITE_OWNER|THREAD_ALL_ACCESS
ReetFPS.exe,15040,DESKTOP-M4PIKSF\dani,0x000041E0,Thread,,PointBlank.exe(22372): 22648,READ_CONTROL|DELETE|SYNCHRONIZE|WRITE_DAC|WRITE_OWNER|THREAD_ALL_ACCESS
ReetFPS.exe,15040,DESKTOP-M4PIKSF\dani,0x000041E4,Section,,,READ_CONTROL|DELETE|WRITE_DAC|WRITE_OWNER|QUERY|MAP_WRITE|MAP_READ
ReetFPS.exe,15040,DESKTOP-M4PIKSF\dani,0x000041E8,Thread,,PointBlank.exe(22372): 22764,READ_CONTROL|DELETE|SYNCHRONIZE|WRITE_DAC|WRITE_OWNER|THREAD_ALL_ACCESS
ReetFPS.exe,15040,DESKTOP-M4PIKSF\dani,0x000041EC,Thread,,PointBlank.exe(22372): 22756,READ_CONTROL|DELETE|SYNCHRONIZE|WRITE_DAC|WRITE_OWNER|THREAD_ALL_ACCESS
ReetFPS.exe,15040,DESKTOP-M4PIKSF\dani,0x000041F0,Section,,,READ_CONTROL|DELETE|WRITE_DAC|WRITE_OWNER|QUERY|MAP_WRITE|MAP_READ
ReetFPS.exe,15040,DESKTOP-M4PIKSF\dani,0x000041F4,Section,,,READ_CONTROL|DELETE|WRITE_DAC|WRITE_OWNER|QUERY|MAP_WRITE|MAP_READ
ReetFPS.exe,15040,DESKTOP-M4PIKSF\dani,0x000041F8,Thread,,PointBlank.exe(22372): 22700,READ_CONTROL|DELETE|SYNCHRONIZE|WRITE_DAC|WRITE_OWNER|THREAD_ALL_ACCESS
ReetFPS.exe,15040,DESKTOP-M4PIKSF\dani,0x000041FC,Thread,,PointBlank.exe(22372): 22704,READ_CONTROL|DELETE|SYNCHRONIZE|WRITE_DAC|WRITE_OWNER|THREAD_ALL_ACCESS
ReetFPS.exe,15040,DESKTOP-M4PIKSF\dani,0x00004200,Section,,,READ_CONTROL|DELETE|WRITE_DAC|WRITE_OWNER|QUERY|MAP_WRITE|MAP_READ
ReetFPS.exe,15040,DESKTOP-M4PIKSF\dani,0x00004204,Section,,,READ_CONTROL|DELETE|WRITE_DAC|WRITE_OWNER|QUERY|MAP_WRITE|MAP_READ
ReetFPS.exe,15040,DESKTOP-M4PIKSF\dani,0x00004208,Thread,,PointBlank.exe(22372): 22752,READ_CONTROL|DELETE|SYNCHRONIZE|WRITE_DAC|WRITE_OWNER|THREAD_ALL_ACCESS
ReetFPS.exe,15040,DESKTOP-M4PIKSF\dani,0x0000420C,Section,,,READ_CONTROL|DELETE|WRITE_DAC|WRITE_OWNER|QUERY|MAP_WRITE|MAP_READ
ReetFPS.exe,15040,DESKTOP-M4PIKSF\dani,0x00004210,Thread,,PointBlank.exe(22372): 22776,READ_CONTROL|DELETE|SYNCHRONIZE|WRITE_DAC|WRITE_OWNER|THREAD_ALL_ACCESS
ReetFPS.exe,15040,DESKTOP-M4PIKSF\dani,0x00004214,Thread,,PointBlank.exe(22372): 22720,READ_CONTROL|DELETE|SYNCHRONIZE|WRITE_DAC|WRITE_OWNER|THREAD_ALL_ACCESS
ReetFPS.exe,15040,DESKTOP-M4PIKSF\dani,0x00004218,Thread,,PointBlank.exe(22372): 22732,READ_CONTROL|DELETE|SYNCHRONIZE|WRITE_DAC|WRITE_OWNER|THREAD_ALL_ACCESS
ReetFPS.exe,15040,DESKTOP-M4PIKSF\dani,0x0000421C,Thread,,PointBlank.exe(22372): 22724,READ_CONTROL|DELETE|SYNCHRONIZE|WRITE_DAC|WRITE_OWNER|THREAD_ALL_ACCESS
ReetFPS.exe,15040,DESKTOP-M4PIKSF\dani,0x00004220,Thread,,PointBlank.exe(22372): 22728,READ_CONTROL|DELETE|SYNCHRONIZE|WRITE_DAC|WRITE_OWNER|THREAD_ALL_ACCESS
ReetFPS.exe,15040,DESKTOP-M4PIKSF\dani,0x00004224,Thread,,PointBlank.exe(22372): 22740,READ_CONTROL|DELETE|SYNCHRONIZE|WRITE_DAC|WRITE_OWNER|THREAD_ALL_ACCESS
ReetFPS.exe,15040,DESKTOP-M4PIKSF\dani,0x00004228,Section,,,READ_CONTROL|DELETE|WRITE_DAC|WRITE_OWNER|QUERY|MAP_WRITE|MAP_READ
ReetFPS.exe,15040,DESKTOP-M4PIKSF\dani,0x0000422C,Thread,,PointBlank.exe(22372): 22744,READ_CONTROL|DELETE|SYNCHRONIZE|WRITE_DAC|WRITE_OWNER|THREAD_ALL_ACCESS
ReetFPS.exe,15040,DESKTOP-M4PIKSF\dani,0x00004230,Thread,,PointBlank.exe(22372): 22760,READ_CONTROL|DELETE|SYNCHRONIZE|WRITE_DAC|WRITE_OWNER|THREAD_ALL_ACCESS
ReetFPS.exe,15040,DESKTOP-M4PIKSF\dani,0x00004234,Section,,,READ_CONTROL|DELETE|WRITE_DAC|WRITE_OWNER|QUERY|MAP_WRITE|MAP_READ
ReetFPS.exe,15040,DESKTOP-M4PIKSF\dani,0x00004238,Section,,,READ_CONTROL|DELETE|WRITE_DAC|WRITE_OWNER|QUERY|MAP_WRITE|MAP_READ
ReetFPS.exe,15040,DESKTOP-M4PIKSF\dani,0x0000423C,Section,,,READ_CONTROL|DELETE|WRITE_DAC|WRITE_OWNER|QUERY|MAP_WRITE|MAP_READ
ReetFPS.exe,15040,DESKTOP-M4PIKSF\dani,0x00004240,Section,,,READ_CONTROL|DELETE|WRITE_DAC|WRITE_OWNER|QUERY|MAP_WRITE|MAP_READ
ReetFPS.exe,15040,DESKTOP-M4PIKSF\dani,0x00004244,Section,,,READ_CONTROL|DELETE|WRITE_DAC|WRITE_OWNER|QUERY|MAP_WRITE|MAP_READ
ReetFPS.exe,15040,DESKTOP-M4PIKSF\dani,0x00004248,Section,,,READ_CONTROL|DELETE|WRITE_DAC|WRITE_OWNER|QUERY|MAP_WRITE|MAP_READ
ReetFPS.exe,15040,DESKTOP-M4PIKSF\dani,0x0000424C,Section,,,READ_CONTROL|DELETE|WRITE_DAC|WRITE_OWNER|QUERY|MAP_WRITE|MAP_READ
ReetFPS.exe,15040,DESKTOP-M4PIKSF\dani,0x00004250,Section,,,READ_CONTROL|DELETE|WRITE_DAC|WRITE_OWNER|QUERY|MAP_WRITE|MAP_READ
ReetFPS.exe,15040,DESKTOP-M4PIKSF\dani,0x00004254,Section,,,READ_CONTROL|DELETE|WRITE_DAC|WRITE_OWNER|QUERY|MAP_WRITE|MAP_READ
ReetFPS.exe,15040,DESKTOP-M4PIKSF\dani,0x00004258,Section,,,READ_CONTROL|DELETE|WRITE_DAC|WRITE_OWNER|QUERY|MAP_WRITE|MAP_READ
ReetFPS.exe,15040,DESKTOP-M4PIKSF\dani,0x0000425C,Section,,,READ_CONTROL|DELETE|WRITE_DAC|WRITE_OWNER|QUERY|MAP_WRITE|MAP_READ
ReetFPS.exe,15040,DESKTOP-M4PIKSF\dani,0x00004260,Section,,,READ_CONTROL|DELETE|WRITE_DAC|WRITE_OWNER|QUERY|MAP_WRITE|MAP_READ
ReetFPS.exe,15040,DESKTOP-M4PIKSF\dani,0x00004264,Section,,,READ_CONTROL|DELETE|WRITE_DAC|WRITE_OWNER|QUERY|MAP_WRITE|MAP_READ
ReetFPS.exe,15040,DESKTOP-M4PIKSF\dani,0x00004268,Section,,,READ_CONTROL|DELETE|WRITE_DAC|WRITE_OWNER|QUERY|MAP_WRITE|MAP_READ
ReetFPS.exe,15040,DESKTOP-M4PIKSF\dani,0x0000426C,Section,,,READ_CONTROL|DELETE|WRITE_DAC|WRITE_OWNER|QUERY|MAP_WRITE|MAP_READ
ReetFPS.exe,15040,DESKTOP-M4PIKSF\dani,0x00004270,Section,,,READ_CONTROL|DELETE|WRITE_DAC|WRITE_OWNER|QUERY|MAP_WRITE|MAP_READ
ReetFPS.exe,15040,DESKTOP-M4PIKSF\dani,0x00004274,Section,,,READ_CONTROL|DELETE|WRITE_DAC|WRITE_OWNER|QUERY|MAP_WRITE|MAP_READ
ReetFPS.exe,15040,DESKTOP-M4PIKSF\dani,0x00004278,Section,,,READ_CONTROL|DELETE|WRITE_DAC|WRITE_OWNER|QUERY|MAP_WRITE|MAP_READ
ReetFPS.exe,15040,DESKTOP-M4PIKSF\dani,0x0000427C,Section,,,READ_CONTROL|DELETE|WRITE_DAC|WRITE_OWNER|QUERY|MAP_WRITE|MAP_READ
ReetFPS.exe,15040,DESKTOP-M4PIKSF\dani,0x00004280,Section,,,READ_CONTROL|DELETE|WRITE_DAC|WRITE_OWNER|QUERY|MAP_WRITE|MAP_READ
ReetFPS.exe,15040,DESKTOP-M4PIKSF\dani,0x00004284,Section,,,READ_CONTROL|DELETE|WRITE_DAC|WRITE_OWNER|QUERY|MAP_WRITE|MAP_READ
ReetFPS.exe,15040,DESKTOP-M4PIKSF\dani,0x00004288,Section,,,READ_CONTROL|DELETE|WRITE_DAC|WRITE_OWNER|QUERY|MAP_WRITE|MAP_READ
ReetFPS.exe,15040,DESKTOP-M4PIKSF\dani,0x0000428C,Section,,,READ_CONTROL|DELETE|WRITE_DAC|WRITE_OWNER|QUERY|MAP_WRITE|MAP_READ
ReetFPS.exe,15040,DESKTOP-M4PIKSF\dani,0x00004290,Section,,,READ_CONTROL|DELETE|WRITE_DAC|WRITE_OWNER|QUERY|MAP_WRITE|MAP_READ
ReetFPS.exe,15040,DESKTOP-M4PIKSF\dani,0x00004294,Section,,,READ_CONTROL|DELETE|WRITE_DAC|WRITE_OWNER|QUERY|MAP_WRITE|MAP_READ
ReetFPS.exe,15040,DESKTOP-M4PIKSF\dani,0x00004298,Section,,,READ_CONTROL|DELETE|WRITE_DAC|WRITE_OWNER|QUERY|MAP_WRITE|MAP_READ
ReetFPS.exe,15040,DESKTOP-M4PIKSF\dani,0x0000429C,Section,,,READ_CONTROL|DELETE|WRITE_DAC|WRITE_OWNER|QUERY|MAP_WRITE|MAP_READ
ReetFPS.exe,15040,DESKTOP-M4PIKSF\dani,0x000042A0,Section,,,READ_CONTROL|DELETE|WRITE_DAC|WRITE_OWNER|QUERY|MAP_WRITE|MAP_READ
ReetFPS.exe,15040,DESKTOP-M4PIKSF\dani,0x000042A4,Section,,,READ_CONTROL|DELETE|WRITE_DAC|WRITE_OWNER|QUERY|MAP_WRITE|MAP_READ
ReetFPS.exe,15040,DESKTOP-M4PIKSF\dani,0x000042A8,Section,,,READ_CONTROL|DELETE|WRITE_DAC|WRITE_OWNER|QUERY|MAP_WRITE|MAP_READ
ReetFPS.exe,15040,DESKTOP-M4PIKSF\dani,0x000042AC,Section,,,READ_CONTROL|DELETE|WRITE_DAC|WRITE_OWNER|QUERY|MAP_WRITE|MAP_READ
ReetFPS.exe,15040,DESKTOP-M4PIKSF\dani,0x000042B0,Section,,,READ_CONTROL|DELETE|WRITE_DAC|WRITE_OWNER|QUERY|MAP_WRITE|MAP_READ
ReetFPS.exe,15040,DESKTOP-M4PIKSF\dani,0x000042B4,Section,,,READ_CONTROL|DELETE|WRITE_DAC|WRITE_OWNER|QUERY|MAP_WRITE|MAP_READ
ReetFPS.exe,15040,DESKTOP-M4PIKSF\dani,0x000042B8,Section,,,READ_CONTROL|DELETE|WRITE_DAC|WRITE_OWNER|QUERY|MAP_WRITE|MAP_READ
ReetFPS.exe,15040,DESKTOP-M4PIKSF\dani,0x000042BC,Section,,,READ_CONTROL|DELETE|WRITE_DAC|WRITE_OWNER|QUERY|MAP_WRITE|MAP_READ
ReetFPS.exe,15040,DESKTOP-M4PIKSF\dani,0x000042C0,Section,,,READ_CONTROL|DELETE|WRITE_DAC|WRITE_OWNER|QUERY|MAP_WRITE|MAP_READ
ReetFPS.exe,15040,DESKTOP-M4PIKSF\dani,0x000042C4,Section,,,READ_CONTROL|DELETE|WRITE_DAC|WRITE_OWNER|QUERY|MAP_WRITE|MAP_READ
ReetFPS.exe,15040,DESKTOP-M4PIKSF\dani,0x000042C8,Section,,,READ_CONTROL|DELETE|WRITE_DAC|WRITE_OWNER|QUERY|MAP_WRITE|MAP_READ
ReetFPS.exe,15040,DESKTOP-M4PIKSF\dani,0x000042CC,Section,,,READ_CONTROL|DELETE|WRITE_DAC|WRITE_OWNER|QUERY|MAP_WRITE|MAP_READ
ReetFPS.exe,15040,DESKTOP-M4PIKSF\dani,0x000042D0,Section,,,READ_CONTROL|DELETE|WRITE_DAC|WRITE_OWNER|QUERY|MAP_WRITE|MAP_READ
ReetFPS.exe,15040,DESKTOP-M4PIKSF\dani,0x000042D4,Section,,,READ_CONTROL|DELETE|WRITE_DAC|WRITE_OWNER|QUERY|MAP_WRITE|MAP_READ
ReetFPS.exe,15040,DESKTOP-M4PIKSF\dani,0x000042D8,Section,,,READ_CONTROL|DELETE|WRITE_DAC|WRITE_OWNER|QUERY|MAP_WRITE|MAP_READ
ReetFPS.exe,15040,DESKTOP-M4PIKSF\dani,0x000042DC,Section,,,READ_CONTROL|DELETE|WRITE_DAC|WRITE_OWNER|QUERY|MAP_WRITE|MAP_READ
ReetFPS.exe,15040,DESKTOP-M4PIKSF\dani,0x000042E0,Section,,,READ_CONTROL|DELETE|WRITE_DAC|WRITE_OWNER|QUERY|MAP_WRITE|MAP_READ
ReetFPS.exe,15040,DESKTOP-M4PIKSF\dani,0x000042E4,Section,,,READ_CONTROL|DELETE|WRITE_DAC|WRITE_OWNER|QUERY|MAP_WRITE|MAP_READ
ReetFPS.exe,15040,DESKTOP-M4PIKSF\dani,0x000042E8,Section,,,READ_CONTROL|DELETE|WRITE_DAC|WRITE_OWNER|QUERY|MAP_WRITE|MAP_READ
ReetFPS.exe,15040,DESKTOP-M4PIKSF\dani,0x000042EC,Section,,,READ_CONTROL|DELETE|WRITE_DAC|WRITE_OWNER|QUERY|MAP_WRITE|MAP_READ
ReetFPS.exe,15040,DESKTOP-M4PIKSF\dani,0x000042F0,Section,,,READ_CONTROL|DELETE|WRITE_DAC|WRITE_OWNER|QUERY|MAP_WRITE|MAP_READ
ReetFPS.exe,15040,DESKTOP-M4PIKSF\dani,0x000042F4,Section,,,READ_CONTROL|DELETE|WRITE_DAC|WRITE_OWNER|QUERY|MAP_WRITE|MAP_READ
ReetFPS.exe,15040,DESKTOP-M4PIKSF\dani,0x000042F8,Section,,,READ_CONTROL|DELETE|WRITE_DAC|WRITE_OWNER|QUERY|MAP_WRITE|MAP_READ
ReetFPS.exe,15040,DESKTOP-M4PIKSF\dani,0x000042FC,Section,,,READ_CONTROL|DELETE|WRITE_DAC|WRITE_OWNER|QUERY|MAP_WRITE|MAP_READ
ReetFPS.exe,15040,DESKTOP-M4PIKSF\dani,0x00004300,Section,,,READ_CONTROL|DELETE|WRITE_DAC|WRITE_OWNER|QUERY|MAP_WRITE|MAP_READ
ReetFPS.exe,15040,DESKTOP-M4PIKSF\dani,0x00004304,Section,,,READ_CONTROL|DELETE|WRITE_DAC|WRITE_OWNER|QUERY|MAP_WRITE|MAP_READ
ReetFPS.exe,15040,DESKTOP-M4PIKSF\dani,0x00004308,Section,,,READ_CONTROL|DELETE|WRITE_DAC|WRITE_OWNER|QUERY|MAP_WRITE|MAP_READ
ReetFPS.exe,15040,DESKTOP-M4PIKSF\dani,0x0000430C,Section,,,READ_CONTROL|DELETE|WRITE_DAC|WRITE_OWNER|QUERY|MAP_WRITE|MAP_READ
ReetFPS.exe,15040,DESKTOP-M4PIKSF\dani,0x00004310,Section,,,READ_CONTROL|DELETE|WRITE_DAC|WRITE_OWNER|QUERY|MAP_WRITE|MAP_READ
ReetFPS.exe,15040,DESKTOP-M4PIKSF\dani,0x00004314,Section,,,READ_CONTROL|DELETE|WRITE_DAC|WRITE_OWNER|QUERY|MAP_WRITE|MAP_READ
ReetFPS.exe,15040,DESKTOP-M4PIKSF\dani,0x00004318,Section,,,READ_CONTROL|DELETE|WRITE_DAC|WRITE_OWNER|QUERY|MAP_WRITE|MAP_READ
ReetFPS.exe,15040,DESKTOP-M4PIKSF\dani,0x0000431C,Section,,,READ_CONTROL|DELETE|WRITE_DAC|WRITE_OWNER|QUERY|MAP_WRITE|MAP_READ
ReetFPS.exe,15040,DESKTOP-M4PIKSF\dani,0x00004320,Section,,,READ_CONTROL|DELETE|WRITE_DAC|WRITE_OWNER|QUERY|MAP_WRITE|MAP_READ
ReetFPS.exe,15040,DESKTOP-M4PIKSF\dani,0x00004324,Section,,,READ_CONTROL|DELETE|WRITE_DAC|WRITE_OWNER|QUERY|MAP_WRITE|MAP_READ
ReetFPS.exe,15040,DESKTOP-M4PIKSF\dani,0x00004328,Section,,,READ_CONTROL|DELETE|WRITE_DAC|WRITE_OWNER|QUERY|MAP_WRITE|MAP_READ
ReetFPS.exe,15040,DESKTOP-M4PIKSF\dani,0x0000432C,Section,,,READ_CONTROL|DELETE|WRITE_DAC|WRITE_OWNER|QUERY|MAP_WRITE|MAP_READ
ReetFPS.exe,15040,DESKTOP-M4PIKSF\dani,0x00004330,Section,,,READ_CONTROL|DELETE|WRITE_DAC|WRITE_OWNER|QUERY|MAP_WRITE|MAP_READ
ReetFPS.exe,15040,DESKTOP-M4PIKSF\dani,0x00004334,Section,,,READ_CONTROL|DELETE|WRITE_DAC|WRITE_OWNER|QUERY|MAP_WRITE|MAP_READ
ReetFPS.exe,15040,DESKTOP-M4PIKSF\dani,0x00004338,Section,,,READ_CONTROL|DELETE|WRITE_DAC|WRITE_OWNER|QUERY|MAP_WRITE|MAP_READ
ReetFPS.exe,15040,DESKTOP-M4PIKSF\dani,0x0000433C,Section,,,READ_CONTROL|DELETE|WRITE_DAC|WRITE_OWNER|QUERY|MAP_WRITE|MAP_READ
ReetFPS.exe,15040,DESKTOP-M4PIKSF\dani,0x00004340,Section,,,READ_CONTROL|DELETE|WRITE_DAC|WRITE_OWNER|QUERY|MAP_WRITE|MAP_READ
ReetFPS.exe,15040,DESKTOP-M4PIKSF\dani,0x00004344,Section,,,READ_CONTROL|DELETE|WRITE_DAC|WRITE_OWNER|QUERY|MAP_WRITE|MAP_READ
ReetFPS.exe,15040,DESKTOP-M4PIKSF\dani,0x00004348,Section,,,READ_CONTROL|DELETE|WRITE_DAC|WRITE_OWNER|QUERY|MAP_WRITE|MAP_READ
ReetFPS.exe,15040,DESKTOP-M4PIKSF\dani,0x0000434C,Section,,,READ_CONTROL|DELETE|WRITE_DAC|WRITE_OWNER|QUERY|MAP_WRITE|MAP_READ
ReetFPS.exe,15040,DESKTOP-M4PIKSF\dani,0x00004350,Section,,,READ_CONTROL|DELETE|WRITE_DAC|WRITE_OWNER|QUERY|MAP_WRITE|MAP_READ
ReetFPS.exe,15040,DESKTOP-M4PIKSF\dani,0x00004354,Section,,,READ_CONTROL|DELETE|WRITE_DAC|WRITE_OWNER|QUERY|MAP_WRITE|MAP_READ
ReetFPS.exe,15040,DESKTOP-M4PIKSF\dani,0x00004358,Section,,,READ_CONTROL|DELETE|WRITE_DAC|WRITE_OWNER|QUERY|MAP_WRITE|MAP_READ
ReetFPS.exe,15040,DESKTOP-M4PIKSF\dani,0x0000435C,Section,,,READ_CONTROL|DELETE|WRITE_DAC|WRITE_OWNER|QUERY|MAP_WRITE|MAP_READ
ReetFPS.exe,15040,DESKTOP-M4PIKSF\dani,0x00004360,Section,,,READ_CONTROL|DELETE|WRITE_DAC|WRITE_OWNER|QUERY|MAP_WRITE|MAP_READ
ReetFPS.exe,15040,DESKTOP-M4PIKSF\dani,0x00004364,Section,,,READ_CONTROL|DELETE|WRITE_DAC|WRITE_OWNER|QUERY|MAP_WRITE|MAP_READ
ReetFPS.exe,15040,DESKTOP-M4PIKSF\dani,0x00004368,Section,,,READ_CONTROL|DELETE|WRITE_DAC|WRITE_OWNER|QUERY|MAP_WRITE|MAP_READ
ReetFPS.exe,15040,DESKTOP-M4PIKSF\dani,0x0000436C,Section,,,READ_CONTROL|DELETE|WRITE_DAC|WRITE_OWNER|QUERY|MAP_WRITE|MAP_READ
ReetFPS.exe,15040,DESKTOP-M4PIKSF\dani,0x00004370,Section,,,READ_CONTROL|DELETE|WRITE_DAC|WRITE_OWNER|QUERY|MAP_WRITE|MAP_READ
ReetFPS.exe,15040,DESKTOP-M4PIKSF\dani,0x00004374,Section,,,READ_CONTROL|DELETE|WRITE_DAC|WRITE_OWNER|QUERY|MAP_WRITE|MAP_READ
ReetFPS.exe,15040,DESKTOP-M4PIKSF\dani,0x00004378,Section,,,READ_CONTROL|DELETE|WRITE_DAC|WRITE_OWNER|QUERY|MAP_WRITE|MAP_READ
ReetFPS.exe,15040,DESKTOP-M4PIKSF\dani,0x0000437C,Section,,,READ_CONTROL|DELETE|WRITE_DAC|WRITE_OWNER|QUERY|MAP_WRITE|MAP_READ
ReetFPS.exe,15040,DESKTOP-M4PIKSF\dani,0x00004380,Section,,,READ_CONTROL|DELETE|WRITE_DAC|WRITE_OWNER|QUERY|MAP_WRITE|MAP_READ
ReetFPS.exe,15040,DESKTOP-M4PIKSF\dani,0x00004384,Section,,,READ_CONTROL|DELETE|WRITE_DAC|WRITE_OWNER|QUERY|MAP_WRITE|MAP_READ
ReetFPS.exe,15040,DESKTOP-M4PIKSF\dani,0x00004388,Section,,,READ_CONTROL|DELETE|WRITE_DAC|WRITE_OWNER|QUERY|MAP_WRITE|MAP_READ
ReetFPS.exe,15040,DESKTOP-M4PIKSF\dani,0x0000438C,Section,,,READ_CONTROL|DELETE|WRITE_DAC|WRITE_OWNER|QUERY|MAP_WRITE|MAP_READ
ReetFPS.exe,15040,DESKTOP-M4PIKSF\dani,0x00004390,Section,,,READ_CONTROL|DELETE|WRITE_DAC|WRITE_OWNER|QUERY|MAP_WRITE|MAP_READ
ReetFPS.exe,15040,DESKTOP-M4PIKSF\dani,0x00004394,Section,,,READ_CONTROL|DELETE|WRITE_DAC|WRITE_OWNER|QUERY|MAP_WRITE|MAP_READ
ReetFPS.exe,15040,DESKTOP-M4PIKSF\dani,0x00004398,Section,,,READ_CONTROL|DELETE|WRITE_DAC|WRITE_OWNER|QUERY|MAP_WRITE|MAP_READ
ReetFPS.exe,15040,DESKTOP-M4PIKSF\dani,0x0000439C,Section,,,READ_CONTROL|DELETE|WRITE_DAC|WRITE_OWNER|QUERY|MAP_WRITE|MAP_READ
ReetFPS.exe,15040,DESKTOP-M4PIKSF\dani,0x000043A0,Section,,,READ_CONTROL|DELETE|WRITE_DAC|WRITE_OWNER|QUERY|MAP_WRITE|MAP_READ
ReetFPS.exe,15040,DESKTOP-M4PIKSF\dani,0x000043A4,Section,,,READ_CONTROL|DELETE|WRITE_DAC|WRITE_OWNER|QUERY|MAP_WRITE|MAP_READ
ReetFPS.exe,15040,DESKTOP-M4PIKSF\dani,0x000043A8,Section,,,READ_CONTROL|DELETE|WRITE_DAC|WRITE_OWNER|QUERY|MAP_WRITE|MAP_READ
ReetFPS.exe,15040,DESKTOP-M4PIKSF\dani,0x000043AC,Section,,,READ_CONTROL|DELETE|WRITE_DAC|WRITE_OWNER|QUERY|MAP_WRITE|MAP_READ
ReetFPS.exe,15040,DESKTOP-M4PIKSF\dani,0x000043B0,Section,,,READ_CONTROL|DELETE|WRITE_DAC|WRITE_OWNER|QUERY|MAP_WRITE|MAP_READ
ReetFPS.exe,15040,DESKTOP-M4PIKSF\dani,0x000043B4,Section,,,READ_CONTROL|DELETE|WRITE_DAC|WRITE_OWNER|QUERY|MAP_WRITE|MAP_READ
ReetFPS.exe,15040,DESKTOP-M4PIKSF\dani,0x000043B8,Section,,,READ_CONTROL|DELETE|WRITE_DAC|WRITE_OWNER|QUERY|MAP_WRITE|MAP_READ
ReetFPS.exe,15040,DESKTOP-M4PIKSF\dani,0x000043BC,Section,,,READ_CONTROL|DELETE|WRITE_DAC|WRITE_OWNER|QUERY|MAP_WRITE|MAP_READ
ReetFPS.exe,15040,DESKTOP-M4PIKSF\dani,0x000043C0,Section,,,READ_CONTROL|DELETE|WRITE_DAC|WRITE_OWNER|QUERY|MAP_WRITE|MAP_READ
ReetFPS.exe,15040,DESKTOP-M4PIKSF\dani,0x000043C4,Section,,,READ_CONTROL|DELETE|WRITE_DAC|WRITE_OWNER|QUERY|MAP_WRITE|MAP_READ
ReetFPS.exe,15040,DESKTOP-M4PIKSF\dani,0x000043C8,Section,,,READ_CONTROL|DELETE|WRITE_DAC|WRITE_OWNER|QUERY|MAP_WRITE|MAP_READ
ReetFPS.exe,15040,DESKTOP-M4PIKSF\dani,0x000043CC,Section,,,READ_CONTROL|DELETE|WRITE_DAC|WRITE_OWNER|QUERY|MAP_WRITE|MAP_READ
ReetFPS.exe,15040,DESKTOP-M4PIKSF\dani,0x000043D0,Section,,,READ_CONTROL|DELETE|WRITE_DAC|WRITE_OWNER|QUERY|MAP_WRITE|MAP_READ
ReetFPS.exe,15040,DESKTOP-M4PIKSF\dani,0x000043D4,Section,,,READ_CONTROL|DELETE|WRITE_DAC|WRITE_OWNER|QUERY|MAP_WRITE|MAP_READ
ReetFPS.exe,15040,DESKTOP-M4PIKSF\dani,0x000043D8,Section,,,READ_CONTROL|DELETE|WRITE_DAC|WRITE_OWNER|QUERY|MAP_WRITE|MAP_READ
ReetFPS.exe,15040,DESKTOP-M4PIKSF\dani,0x000043DC,Section,,,READ_CONTROL|DELETE|WRITE_DAC|WRITE_OWNER|QUERY|MAP_WRITE|MAP_READ
ReetFPS.exe,15040,DESKTOP-M4PIKSF\dani,0x000043E0,Section,,,READ_CONTROL|DELETE|WRITE_DAC|WRITE_OWNER|QUERY|MAP_WRITE|MAP_READ
ReetFPS.exe,15040,DESKTOP-M4PIKSF\dani,0x000043E4,Section,,,READ_CONTROL|DELETE|WRITE_DAC|WRITE_OWNER|QUERY|MAP_WRITE|MAP_READ
ReetFPS.exe,15040,DESKTOP-M4PIKSF\dani,0x000043E8,Section,,,READ_CONTROL|DELETE|WRITE_DAC|WRITE_OWNER|QUERY|MAP_WRITE|MAP_READ
ReetFPS.exe,15040,DESKTOP-M4PIKSF\dani,0x000043EC,Section,,,READ_CONTROL|DELETE|WRITE_DAC|WRITE_OWNER|QUERY|MAP_WRITE|MAP_READ
ReetFPS.exe,15040,DESKTOP-M4PIKSF\dani,0x000043F0,Section,,,READ_CONTROL|DELETE|WRITE_DAC|WRITE_OWNER|QUERY|MAP_WRITE|MAP_READ
ReetFPS.exe,15040,DESKTOP-M4PIKSF\dani,0x000043F4,Section,,,READ_CONTROL|DELETE|WRITE_DAC|WRITE_OWNER|QUERY|MAP_WRITE|MAP_READ
ReetFPS.exe,15040,DESKTOP-M4PIKSF\dani,0x000043F8,Section,,,READ_CONTROL|DELETE|WRITE_DAC|WRITE_OWNER|QUERY|MAP_WRITE|MAP_READ
ReetFPS.exe,15040,DESKTOP-M4PIKSF\dani,0x000043FC,Section,,,READ_CONTROL|DELETE|WRITE_DAC|WRITE_OWNER|QUERY|MAP_WRITE|MAP_READ
ReetFPS.exe,15040,DESKTOP-M4PIKSF\dani,0x00004404,Section,,,READ_CONTROL|DELETE|WRITE_DAC|WRITE_OWNER|QUERY|MAP_WRITE|MAP_READ
ReetFPS.exe,15040,DESKTOP-M4PIKSF\dani,0x00004408,Section,,,READ_CONTROL|DELETE|WRITE_DAC|WRITE_OWNER|QUERY|MAP_WRITE|MAP_READ
ReetFPS.exe,15040,DESKTOP-M4PIKSF\dani,0x0000440C,Section,,,READ_CONTROL|DELETE|WRITE_DAC|WRITE_OWNER|QUERY|MAP_WRITE|MAP_READ
ReetFPS.exe,15040,DESKTOP-M4PIKSF\dani,0x00004410,Section,,,READ_CONTROL|DELETE|WRITE_DAC|WRITE_OWNER|QUERY|MAP_WRITE|MAP_READ
ReetFPS.exe,15040,DESKTOP-M4PIKSF\dani,0x00004414,Section,,,READ_CONTROL|DELETE|WRITE_DAC|WRITE_OWNER|QUERY|MAP_WRITE|MAP_READ
ReetFPS.exe,15040,DESKTOP-M4PIKSF\dani,0x00004418,Section,,,READ_CONTROL|DELETE|WRITE_DAC|WRITE_OWNER|QUERY|MAP_WRITE|MAP_READ
ReetFPS.exe,15040,DESKTOP-M4PIKSF\dani,0x0000441C,Section,,,READ_CONTROL|DELETE|WRITE_DAC|WRITE_OWNER|QUERY|MAP_WRITE|MAP_READ
ReetFPS.exe,15040,DESKTOP-M4PIKSF\dani,0x00004420,Section,,,READ_CONTROL|DELETE|WRITE_DAC|WRITE_OWNER|QUERY|MAP_WRITE|MAP_READ
ReetFPS.exe,15040,DESKTOP-M4PIKSF\dani,0x00004424,Section,,,READ_CONTROL|DELETE|WRITE_DAC|WRITE_OWNER|QUERY|MAP_WRITE|MAP_READ
ReetFPS.exe,15040,DESKTOP-M4PIKSF\dani,0x00004428,Section,,,READ_CONTROL|DELETE|WRITE_DAC|WRITE_OWNER|QUERY|MAP_WRITE|MAP_READ
ReetFPS.exe,15040,DESKTOP-M4PIKSF\dani,0x0000442C,Section,,,READ_CONTROL|DELETE|WRITE_DAC|WRITE_OWNER|QUERY|MAP_WRITE|MAP_READ
ReetFPS.exe,15040,DESKTOP-M4PIKSF\dani,0x00004430,Section,,,READ_CONTROL|DELETE|WRITE_DAC|WRITE_OWNER|QUERY|MAP_WRITE|MAP_READ
ReetFPS.exe,15040,DESKTOP-M4PIKSF\dani,0x00004434,Section,,,READ_CONTROL|DELETE|WRITE_DAC|WRITE_OWNER|QUERY|MAP_WRITE|MAP_READ
ReetFPS.exe,15040,DESKTOP-M4PIKSF\dani,0x00004438,Section,,,READ_CONTROL|DELETE|WRITE_DAC|WRITE_OWNER|QUERY|MAP_WRITE|MAP_READ
ReetFPS.exe,15040,DESKTOP-M4PIKSF\dani,0x0000443C,Section,,,READ_CONTROL|DELETE|WRITE_DAC|WRITE_OWNER|QUERY|MAP_WRITE|MAP_READ
ReetFPS.exe,15040,DESKTOP-M4PIKSF\dani,0x00004440,Section,,,READ_CONTROL|DELETE|WRITE_DAC|WRITE_OWNER|QUERY|MAP_WRITE|MAP_READ
ReetFPS.exe,15040,DESKTOP-M4PIKSF\dani,0x00004444,Section,,,READ_CONTROL|DELETE|WRITE_DAC|WRITE_OWNER|QUERY|MAP_WRITE|MAP_READ
ReetFPS.exe,15040,DESKTOP-M4PIKSF\dani,0x00004448,Section,,,READ_CONTROL|DELETE|WRITE_DAC|WRITE_OWNER|QUERY|MAP_WRITE|MAP_READ
ReetFPS.exe,15040,DESKTOP-M4PIKSF\dani,0x0000444C,Section,,,READ_CONTROL|DELETE|WRITE_DAC|WRITE_OWNER|QUERY|MAP_WRITE|MAP_READ
ReetFPS.exe,15040,DESKTOP-M4PIKSF\dani,0x00004450,Section,,,READ_CONTROL|DELETE|WRITE_DAC|WRITE_OWNER|QUERY|MAP_WRITE|MAP_READ
ReetFPS.exe,15040,DESKTOP-M4PIKSF\dani,0x00004454,Section,,,READ_CONTROL|DELETE|WRITE_DAC|WRITE_OWNER|QUERY|MAP_WRITE|MAP_READ
ReetFPS.exe,15040,DESKTOP-M4PIKSF\dani,0x00004458,Section,,,READ_CONTROL|DELETE|WRITE_DAC|WRITE_OWNER|QUERY|MAP_WRITE|MAP_READ
ReetFPS.exe,15040,DESKTOP-M4PIKSF\dani,0x0000445C,Section,,,READ_CONTROL|DELETE|WRITE_DAC|WRITE_OWNER|QUERY|MAP_WRITE|MAP_READ
ReetFPS.exe,15040,DESKTOP-M4PIKSF\dani,0x00004460,Section,,,READ_CONTROL|DELETE|WRITE_DAC|WRITE_OWNER|QUERY|MAP_WRITE|MAP_READ
ReetFPS.exe,15040,DESKTOP-M4PIKSF\dani,0x00004464,Section,,,READ_CONTROL|DELETE|WRITE_DAC|WRITE_OWNER|QUERY|MAP_WRITE|MAP_READ
ReetFPS.exe,15040,DESKTOP-M4PIKSF\dani,0x00004468,Section,,,READ_CONTROL|DELETE|WRITE_DAC|WRITE_OWNER|QUERY|MAP_WRITE|MAP_READ
ReetFPS.exe,15040,DESKTOP-M4PIKSF\dani,0x0000446C,Section,,,READ_CONTROL|DELETE|WRITE_DAC|WRITE_OWNER|QUERY|MAP_WRITE|MAP_READ
ReetFPS.exe,15040,DESKTOP-M4PIKSF\dani,0x00004470,Section,,,READ_CONTROL|DELETE|WRITE_DAC|WRITE_OWNER|QUERY|MAP_WRITE|MAP_READ
ReetFPS.exe,15040,DESKTOP-M4PIKSF\dani,0x00004474,Section,,,READ_CONTROL|DELETE|WRITE_DAC|WRITE_OWNER|QUERY|MAP_WRITE|MAP_READ
ReetFPS.exe,15040,DESKTOP-M4PIKSF\dani,0x00004478,Section,,,READ_CONTROL|DELETE|WRITE_DAC|WRITE_OWNER|QUERY|MAP_WRITE|MAP_READ
ReetFPS.exe,15040,DESKTOP-M4PIKSF\dani,0x0000447C,Section,,,READ_CONTROL|DELETE|WRITE_DAC|WRITE_OWNER|QUERY|MAP_WRITE|MAP_READ
ReetFPS.exe,15040,DESKTOP-M4PIKSF\dani,0x00004480,Section,,,READ_CONTROL|DELETE|WRITE_DAC|WRITE_OWNER|QUERY|MAP_WRITE|MAP_READ
ReetFPS.exe,15040,DESKTOP-M4PIKSF\dani,0x00004484,Section,,,READ_CONTROL|DELETE|WRITE_DAC|WRITE_OWNER|QUERY|MAP_WRITE|MAP_READ
ReetFPS.exe,15040,DESKTOP-M4PIKSF\dani,0x00004488,Section,,,READ_CONTROL|DELETE|WRITE_DAC|WRITE_OWNER|QUERY|MAP_WRITE|MAP_READ
ReetFPS.exe,15040,DESKTOP-M4PIKSF\dani,0x0000448C,Section,,,READ_CONTROL|DELETE|WRITE_DAC|WRITE_OWNER|QUERY|MAP_WRITE|MAP_READ
ReetFPS.exe,15040,DESKTOP-M4PIKSF\dani,0x00004490,Section,,,READ_CONTROL|DELETE|WRITE_DAC|WRITE_OWNER|QUERY|MAP_WRITE|MAP_READ
ReetFPS.exe,15040,DESKTOP-M4PIKSF\dani,0x00004494,Section,,,READ_CONTROL|DELETE|WRITE_DAC|WRITE_OWNER|QUERY|MAP_WRITE|MAP_READ
ReetFPS.exe,15040,DESKTOP-M4PIKSF\dani,0x00004498,Section,,,READ_CONTROL|DELETE|WRITE_DAC|WRITE_OWNER|QUERY|MAP_WRITE|MAP_READ
ReetFPS.exe,15040,DESKTOP-M4PIKSF\dani,0x0000449C,Section,,,READ_CONTROL|DELETE|WRITE_DAC|WRITE_OWNER|QUERY|MAP_WRITE|MAP_READ
ReetFPS.exe,15040,DESKTOP-M4PIKSF\dani,0x000044A0,Section,,,READ_CONTROL|DELETE|WRITE_DAC|WRITE_OWNER|QUERY|MAP_WRITE|MAP_READ
ReetFPS.exe,15040,DESKTOP-M4PIKSF\dani,0x000044A4,Section,,,READ_CONTROL|DELETE|WRITE_DAC|WRITE_OWNER|QUERY|MAP_WRITE|MAP_READ
ReetFPS.exe,15040,DESKTOP-M4PIKSF\dani,0x000044A8,Section,,,READ_CONTROL|DELETE|WRITE_DAC|WRITE_OWNER|QUERY|MAP_WRITE|MAP_READ
ReetFPS.exe,15040,DESKTOP-M4PIKSF\dani,0x000044AC,Section,,,READ_CONTROL|DELETE|WRITE_DAC|WRITE_OWNER|QUERY|MAP_WRITE|MAP_READ
ReetFPS.exe,15040,DESKTOP-M4PIKSF\dani,0x000044B0,Section,,,READ_CONTROL|DELETE|WRITE_DAC|WRITE_OWNER|QUERY|MAP_WRITE|MAP_READ
ReetFPS.exe,15040,DESKTOP-M4PIKSF\dani,0x000044B4,Section,,,READ_CONTROL|DELETE|WRITE_DAC|WRITE_OWNER|QUERY|MAP_WRITE|MAP_READ
ReetFPS.exe,15040,DESKTOP-M4PIKSF\dani,0x000044B8,Section,,,READ_CONTROL|DELETE|WRITE_DAC|WRITE_OWNER|QUERY|MAP_WRITE|MAP_READ
ReetFPS.exe,15040,DESKTOP-M4PIKSF\dani,0x000044BC,Section,,,READ_CONTROL|DELETE|WRITE_DAC|WRITE_OWNER|QUERY|MAP_WRITE|MAP_READ
ReetFPS.exe,15040,DESKTOP-M4PIKSF\dani,0x000044C0,Section,,,READ_CONTROL|DELETE|WRITE_DAC|WRITE_OWNER|QUERY|MAP_WRITE|MAP_READ
ReetFPS.exe,15040,DESKTOP-M4PIKSF\dani,0x000044C4,Section,,,READ_CONTROL|DELETE|WRITE_DAC|WRITE_OWNER|QUERY|MAP_WRITE|MAP_READ
ReetFPS.exe,15040,DESKTOP-M4PIKSF\dani,0x000044C8,Section,,,READ_CONTROL|DELETE|WRITE_DAC|WRITE_OWNER|QUERY|MAP_WRITE|MAP_READ
ReetFPS.exe,15040,DESKTOP-M4PIKSF\dani,0x000044CC,Section,,,READ_CONTROL|DELETE|WRITE_DAC|WRITE_OWNER|QUERY|MAP_WRITE|MAP_READ
ReetFPS.exe,15040,DESKTOP-M4PIKSF\dani,0x000044D0,Section,,,READ_CONTROL|DELETE|WRITE_DAC|WRITE_OWNER|QUERY|MAP_WRITE|MAP_READ
ReetFPS.exe,15040,DESKTOP-M4PIKSF\dani,0x000044D4,Section,,,READ_CONTROL|DELETE|WRITE_DAC|WRITE_OWNER|QUERY|MAP_WRITE|MAP_READ
ReetFPS.exe,15040,DESKTOP-M4PIKSF\dani,0x000044D8,Section,,,READ_CONTROL|DELETE|WRITE_DAC|WRITE_OWNER|QUERY|MAP_WRITE|MAP_READ
ReetFPS.exe,15040,DESKTOP-M4PIKSF\dani,0x000044DC,Section,,,READ_CONTROL|DELETE|WRITE_DAC|WRITE_OWNER|QUERY|MAP_WRITE|MAP_READ
ReetFPS.exe,15040,DESKTOP-M4PIKSF\dani,0x000044E0,Section,,,READ_CONTROL|DELETE|WRITE_DAC|WRITE_OWNER|QUERY|MAP_WRITE|MAP_READ
ReetFPS.exe,15040,DESKTOP-M4PIKSF\dani,0x000044E4,Section,,,READ_CONTROL|DELETE|WRITE_DAC|WRITE_OWNER|QUERY|MAP_WRITE|MAP_READ
ReetFPS.exe,15040,DESKTOP-M4PIKSF\dani,0x000044E8,Section,,,READ_CONTROL|DELETE|WRITE_DAC|WRITE_OWNER|QUERY|MAP_WRITE|MAP_READ
ReetFPS.exe,15040,DESKTOP-M4PIKSF\dani,0x000044EC,Section,,,READ_CONTROL|DELETE|WRITE_DAC|WRITE_OWNER|QUERY|MAP_WRITE|MAP_READ
ReetFPS.exe,15040,DESKTOP-M4PIKSF\dani,0x000044F0,Section,,,READ_CONTROL|DELETE|WRITE_DAC|WRITE_OWNER|QUERY|MAP_WRITE|MAP_READ
ReetFPS.exe,15040,DESKTOP-M4PIKSF\dani,0x000044F4,Section,,,READ_CONTROL|DELETE|WRITE_DAC|WRITE_OWNER|QUERY|MAP_WRITE|MAP_READ
ReetFPS.exe,15040,DESKTOP-M4PIKSF\dani,0x000044F8,Section,,,READ_CONTROL|DELETE|WRITE_DAC|WRITE_OWNER|QUERY|MAP_WRITE|MAP_READ
ReetFPS.exe,15040,DESKTOP-M4PIKSF\dani,0x000044FC,Section,,,READ_CONTROL|DELETE|WRITE_DAC|WRITE_OWNER|QUERY|MAP_WRITE|MAP_READ
ReetFPS.exe,15040,DESKTOP-M4PIKSF\dani,0x00004500,Section,,,READ_CONTROL|DELETE|WRITE_DAC|WRITE_OWNER|QUERY|MAP_WRITE|MAP_READ
ReetFPS.exe,15040,DESKTOP-M4PIKSF\dani,0x00004504,Section,,,READ_CONTROL|DELETE|WRITE_DAC|WRITE_OWNER|QUERY|MAP_WRITE|MAP_READ
ReetFPS.exe,15040,DESKTOP-M4PIKSF\dani,0x00004508,Section,,,READ_CONTROL|DELETE|WRITE_DAC|WRITE_OWNER|QUERY|MAP_WRITE|MAP_READ
ReetFPS.exe,15040,DESKTOP-M4PIKSF\dani,0x0000450C,Section,,,READ_CONTROL|DELETE|WRITE_DAC|WRITE_OWNER|QUERY|MAP_WRITE|MAP_READ
ReetFPS.exe,15040,DESKTOP-M4PIKSF\dani,0x00004510,Section,,,READ_CONTROL|DELETE|WRITE_DAC|WRITE_OWNER|QUERY|MAP_WRITE|MAP_READ
ReetFPS.exe,15040,DESKTOP-M4PIKSF\dani,0x00004514,Section,,,READ_CONTROL|DELETE|WRITE_DAC|WRITE_OWNER|QUERY|MAP_WRITE|MAP_READ
ReetFPS.exe,15040,DESKTOP-M4PIKSF\dani,0x00004518,Section,,,READ_CONTROL|DELETE|WRITE_DAC|WRITE_OWNER|QUERY|MAP_WRITE|MAP_READ
ReetFPS.exe,15040,DESKTOP-M4PIKSF\dani,0x0000451C,Section,,,READ_CONTROL|DELETE|WRITE_DAC|WRITE_OWNER|QUERY|MAP_WRITE|MAP_READ
ReetFPS.exe,15040,DESKTOP-M4PIKSF\dani,0x00004520,Section,,,READ_CONTROL|DELETE|WRITE_DAC|WRITE_OWNER|QUERY|MAP_WRITE|MAP_READ
ReetFPS.exe,15040,DESKTOP-M4PIKSF\dani,0x00004524,Section,,,READ_CONTROL|DELETE|WRITE_DAC|WRITE_OWNER|QUERY|MAP_WRITE|MAP_READ
ReetFPS.exe,15040,DESKTOP-M4PIKSF\dani,0x00004528,Section,,,READ_CONTROL|DELETE|WRITE_DAC|WRITE_OWNER|QUERY|MAP_WRITE|MAP_READ
ReetFPS.exe,15040,DESKTOP-M4PIKSF\dani,0x0000452C,Section,,,READ_CONTROL|DELETE|WRITE_DAC|WRITE_OWNER|QUERY|MAP_WRITE|MAP_READ
ReetFPS.exe,15040,DESKTOP-M4PIKSF\dani,0x00004530,Section,,,READ_CONTROL|DELETE|WRITE_DAC|WRITE_OWNER|QUERY|MAP_WRITE|MAP_READ
ReetFPS.exe,15040,DESKTOP-M4PIKSF\dani,0x00004534,Section,,,READ_CONTROL|DELETE|WRITE_DAC|WRITE_OWNER|QUERY|MAP_WRITE|MAP_READ
ReetFPS.exe,15040,DESKTOP-M4PIKSF\dani,0x00004538,Section,,,READ_CONTROL|DELETE|WRITE_DAC|WRITE_OWNER|QUERY|MAP_WRITE|MAP_READ
ReetFPS.exe,15040,DESKTOP-M4PIKSF\dani,0x0000453C,Section,,,READ_CONTROL|DELETE|WRITE_DAC|WRITE_OWNER|QUERY|MAP_WRITE|MAP_READ
ReetFPS.exe,15040,DESKTOP-M4PIKSF\dani,0x00004540,Section,,,READ_CONTROL|DELETE|WRITE_DAC|WRITE_OWNER|QUERY|MAP_WRITE|MAP_READ
ReetFPS.exe,15040,DESKTOP-M4PIKSF\dani,0x00004544,Section,,,READ_CONTROL|DELETE|WRITE_DAC|WRITE_OWNER|QUERY|MAP_WRITE|MAP_READ
ReetFPS.exe,15040,DESKTOP-M4PIKSF\dani,0x00004548,Section,,,READ_CONTROL|DELETE|WRITE_DAC|WRITE_OWNER|QUERY|MAP_WRITE|MAP_READ
ReetFPS.exe,15040,DESKTOP-M4PIKSF\dani,0x0000454C,Section,,,READ_CONTROL|DELETE|WRITE_DAC|WRITE_OWNER|QUERY|MAP_WRITE|MAP_READ
ReetFPS.exe,15040,DESKTOP-M4PIKSF\dani,0x00004550,Section,,,READ_CONTROL|DELETE|WRITE_DAC|WRITE_OWNER|QUERY|MAP_WRITE|MAP_READ
ReetFPS.exe,15040,DESKTOP-M4PIKSF\dani,0x00004554,Section,,,READ_CONTROL|DELETE|WRITE_DAC|WRITE_OWNER|QUERY|MAP_WRITE|MAP_READ
ReetFPS.exe,15040,DESKTOP-M4PIKSF\dani,0x00004558,Section,,,READ_CONTROL|DELETE|WRITE_DAC|WRITE_OWNER|QUERY|MAP_WRITE|MAP_READ
ReetFPS.exe,15040,DESKTOP-M4PIKSF\dani,0x0000455C,Section,,,READ_CONTROL|DELETE|WRITE_DAC|WRITE_OWNER|QUERY|MAP_WRITE|MAP_READ
ReetFPS.exe,15040,DESKTOP-M4PIKSF\dani,0x00004560,Section,,,READ_CONTROL|DELETE|WRITE_DAC|WRITE_OWNER|QUERY|MAP_WRITE|MAP_READ
ReetFPS.exe,15040,DESKTOP-M4PIKSF\dani,0x00004564,Section,,,READ_CONTROL|DELETE|WRITE_DAC|WRITE_OWNER|QUERY|MAP_WRITE|MAP_READ
ReetFPS.exe,15040,DESKTOP-M4PIKSF\dani,0x00004568,Section,,,READ_CONTROL|DELETE|WRITE_DAC|WRITE_OWNER|QUERY|MAP_WRITE|MAP_READ
ReetFPS.exe,15040,DESKTOP-M4PIKSF\dani,0x0000456C,Section,,,READ_CONTROL|DELETE|WRITE_DAC|WRITE_OWNER|QUERY|MAP_WRITE|MAP_READ
ReetFPS.exe,15040,DESKTOP-M4PIKSF\dani,0x00004570,Section,,,READ_CONTROL|DELETE|WRITE_DAC|WRITE_OWNER|QUERY|MAP_WRITE|MAP_READ
ReetFPS.exe,15040,DESKTOP-M4PIKSF\dani,0x00004574,Section,,,READ_CONTROL|DELETE|WRITE_DAC|WRITE_OWNER|QUERY|MAP_WRITE|MAP_READ
ReetFPS.exe,15040,DESKTOP-M4PIKSF\dani,0x00004578,Section,,,READ_CONTROL|DELETE|WRITE_DAC|WRITE_OWNER|QUERY|MAP_WRITE|MAP_READ
ReetFPS.exe,15040,DESKTOP-M4PIKSF\dani,0x0000457C,Section,,,READ_CONTROL|DELETE|WRITE_DAC|WRITE_OWNER|QUERY|MAP_WRITE|MAP_READ
ReetFPS.exe,15040,DESKTOP-M4PIKSF\dani,0x00004580,Section,,,READ_CONTROL|DELETE|WRITE_DAC|WRITE_OWNER|QUERY|MAP_WRITE|MAP_READ
ReetFPS.exe,15040,DESKTOP-M4PIKSF\dani,0x00004584,Section,,,READ_CONTROL|DELETE|WRITE_DAC|WRITE_OWNER|QUERY|MAP_WRITE|MAP_READ
ReetFPS.exe,15040,DESKTOP-M4PIKSF\dani,0x00004588,Section,,,READ_CONTROL|DELETE|WRITE_DAC|WRITE_OWNER|QUERY|MAP_WRITE|MAP_READ
ReetFPS.exe,15040,DESKTOP-M4PIKSF\dani,0x0000458C,Section,,,READ_CONTROL|DELETE|WRITE_DAC|WRITE_OWNER|QUERY|MAP_WRITE|MAP_READ
ReetFPS.exe,15040,DESKTOP-M4PIKSF\dani,0x00004590,Section,,,READ_CONTROL|DELETE|WRITE_DAC|WRITE_OWNER|QUERY|MAP_WRITE|MAP_READ
ReetFPS.exe,15040,DESKTOP-M4PIKSF\dani,0x00004594,Section,,,READ_CONTROL|DELETE|WRITE_DAC|WRITE_OWNER|QUERY|MAP_WRITE|MAP_READ
ReetFPS.exe,15040,DESKTOP-M4PIKSF\dani,0x00004598,Section,,,READ_CONTROL|DELETE|WRITE_DAC|WRITE_OWNER|QUERY|MAP_WRITE|MAP_READ
ReetFPS.exe,15040,DESKTOP-M4PIKSF\dani,0x0000459C,Section,,,READ_CONTROL|DELETE|WRITE_DAC|WRITE_OWNER|QUERY|MAP_WRITE|MAP_READ
ReetFPS.exe,15040,DESKTOP-M4PIKSF\dani,0x000045A0,Section,,,READ_CONTROL|DELETE|WRITE_DAC|WRITE_OWNER|QUERY|MAP_WRITE|MAP_READ
ReetFPS.exe,15040,DESKTOP-M4PIKSF\dani,0x000045A4,Section,,,READ_CONTROL|DELETE|WRITE_DAC|WRITE_OWNER|QUERY|MAP_WRITE|MAP_READ
ReetFPS.exe,15040,DESKTOP-M4PIKSF\dani,0x000045A8,Section,,,READ_CONTROL|DELETE|WRITE_DAC|WRITE_OWNER|QUERY|MAP_WRITE|MAP_READ
ReetFPS.exe,15040,DESKTOP-M4PIKSF\dani,0x000045AC,Section,,,READ_CONTROL|DELETE|WRITE_DAC|WRITE_OWNER|QUERY|MAP_WRITE|MAP_READ
ReetFPS.exe,15040,DESKTOP-M4PIKSF\dani,0x000045B0,Section,,,READ_CONTROL|DELETE|WRITE_DAC|WRITE_OWNER|QUERY|MAP_WRITE|MAP_READ
ReetFPS.exe,15040,DESKTOP-M4PIKSF\dani,0x000045B4,Section,,,READ_CONTROL|DELETE|WRITE_DAC|WRITE_OWNER|QUERY|MAP_WRITE|MAP_READ
ReetFPS.exe,15040,DESKTOP-M4PIKSF\dani,0x000045B8,Section,,,READ_CONTROL|DELETE|WRITE_DAC|WRITE_OWNER|QUERY|MAP_WRITE|MAP_READ
ReetFPS.exe,15040,DESKTOP-M4PIKSF\dani,0x000045BC,Section,,,READ_CONTROL|DELETE|WRITE_DAC|WRITE_OWNER|QUERY|MAP_WRITE|MAP_READ
ReetFPS.exe,15040,DESKTOP-M4PIKSF\dani,0x000045C0,Section,,,READ_CONTROL|DELETE|WRITE_DAC|WRITE_OWNER|QUERY|MAP_WRITE|MAP_READ
ReetFPS.exe,15040,DESKTOP-M4PIKSF\dani,0x000045C4,Section,,,READ_CONTROL|DELETE|WRITE_DAC|WRITE_OWNER|QUERY|MAP_WRITE|MAP_READ
ReetFPS.exe,15040,DESKTOP-M4PIKSF\dani,0x000045C8,Section,,,READ_CONTROL|DELETE|WRITE_DAC|WRITE_OWNER|QUERY|MAP_WRITE|MAP_READ
ReetFPS.exe,15040,DESKTOP-M4PIKSF\dani,0x000045CC,Section,,,READ_CONTROL|DELETE|WRITE_DAC|WRITE_OWNER|QUERY|MAP_WRITE|MAP_READ
ReetFPS.exe,15040,DESKTOP-M4PIKSF\dani,0x000045D0,Section,,,READ_CONTROL|DELETE|WRITE_DAC|WRITE_OWNER|QUERY|MAP_WRITE|MAP_READ
ReetFPS.exe,15040,DESKTOP-M4PIKSF\dani,0x000045D4,Section,,,READ_CONTROL|DELETE|WRITE_DAC|WRITE_OWNER|QUERY|MAP_WRITE|MAP_READ
ReetFPS.exe,15040,DESKTOP-M4PIKSF\dani,0x000045D8,Section,,,READ_CONTROL|DELETE|WRITE_DAC|WRITE_OWNER|QUERY|MAP_WRITE|MAP_READ
ReetFPS.exe,15040,DESKTOP-M4PIKSF\dani,0x000045DC,Section,,,READ_CONTROL|DELETE|WRITE_DAC|WRITE_OWNER|QUERY|MAP_WRITE|MAP_READ
ReetFPS.exe,15040,DESKTOP-M4PIKSF\dani,0x000045E0,Section,,,READ_CONTROL|DELETE|WRITE_DAC|WRITE_OWNER|QUERY|MAP_WRITE|MAP_READ
ReetFPS.exe,15040,DESKTOP-M4PIKSF\dani,0x000045E4,Section,,,READ_CONTROL|DELETE|WRITE_DAC|WRITE_OWNER|QUERY|MAP_WRITE|MAP_READ
ReetFPS.exe,15040,DESKTOP-M4PIKSF\dani,0x000045E8,Section,,,READ_CONTROL|DELETE|WRITE_DAC|WRITE_OWNER|QUERY|MAP_WRITE|MAP_READ
ReetFPS.exe,15040,DESKTOP-M4PIKSF\dani,0x000045EC,Section,,,READ_CONTROL|DELETE|WRITE_DAC|WRITE_OWNER|QUERY|MAP_WRITE|MAP_READ
ReetFPS.exe,15040,DESKTOP-M4PIKSF\dani,0x000045F0,Section,,,READ_CONTROL|DELETE|WRITE_DAC|WRITE_OWNER|QUERY|MAP_WRITE|MAP_READ
ReetFPS.exe,15040,DESKTOP-M4PIKSF\dani,0x000045F4,Section,,,READ_CONTROL|DELETE|WRITE_DAC|WRITE_OWNER|QUERY|MAP_WRITE|MAP_READ
ReetFPS.exe,15040,DESKTOP-M4PIKSF\dani,0x000045F8,Section,,,READ_CONTROL|DELETE|WRITE_DAC|WRITE_OWNER|QUERY|MAP_WRITE|MAP_READ
ReetFPS.exe,15040,DESKTOP-M4PIKSF\dani,0x000045FC,Section,,,READ_CONTROL|DELETE|WRITE_DAC|WRITE_OWNER|QUERY|MAP_WRITE|MAP_READ
ReetFPS.exe,15040,DESKTOP-M4PIKSF\dani,0x00004600,Section,,,READ_CONTROL|DELETE|WRITE_DAC|WRITE_OWNER|QUERY|MAP_WRITE|MAP_READ
ReetFPS.exe,15040,DESKTOP-M4PIKSF\dani,0x00004604,Section,,,READ_CONTROL|DELETE|WRITE_DAC|WRITE_OWNER|QUERY|MAP_WRITE|MAP_READ
ReetFPS.exe,15040,DESKTOP-M4PIKSF\dani,0x00004608,Section,,,READ_CONTROL|DELETE|WRITE_DAC|WRITE_OWNER|QUERY|MAP_WRITE|MAP_READ
ReetFPS.exe,15040,DESKTOP-M4PIKSF\dani,0x0000460C,Section,,,READ_CONTROL|DELETE|WRITE_DAC|WRITE_OWNER|QUERY|MAP_WRITE|MAP_READ
ReetFPS.exe,15040,DESKTOP-M4PIKSF\dani,0x00004610,Section,,,READ_CONTROL|DELETE|WRITE_DAC|WRITE_OWNER|QUERY|MAP_WRITE|MAP_READ
ReetFPS.exe,15040,DESKTOP-M4PIKSF\dani,0x00004614,Section,,,READ_CONTROL|DELETE|WRITE_DAC|WRITE_OWNER|QUERY|MAP_WRITE|MAP_READ
ReetFPS.exe,15040,DESKTOP-M4PIKSF\dani,0x00004618,Section,,,READ_CONTROL|DELETE|WRITE_DAC|WRITE_OWNER|QUERY|MAP_WRITE|MAP_READ
ReetFPS.exe,15040,DESKTOP-M4PIKSF\dani,0x0000461C,Section,,,READ_CONTROL|DELETE|WRITE_DAC|WRITE_OWNER|QUERY|MAP_WRITE|MAP_READ
ReetFPS.exe,15040,DESKTOP-M4PIKSF\dani,0x00004620,Section,,,READ_CONTROL|DELETE|WRITE_DAC|WRITE_OWNER|QUERY|MAP_WRITE|MAP_READ
ReetFPS.exe,15040,DESKTOP-M4PIKSF\dani,0x00004624,Section,,,READ_CONTROL|DELETE|WRITE_DAC|WRITE_OWNER|QUERY|MAP_WRITE|MAP_READ
ReetFPS.exe,15040,DESKTOP-M4PIKSF\dani,0x00004628,Section,,,READ_CONTROL|DELETE|WRITE_DAC|WRITE_OWNER|QUERY|MAP_WRITE|MAP_READ
ReetFPS.exe,15040,DESKTOP-M4PIKSF\dani,0x0000462C,Section,,,READ_CONTROL|DELETE|WRITE_DAC|WRITE_OWNER|QUERY|MAP_WRITE|MAP_READ
ReetFPS.exe,15040,DESKTOP-M4PIKSF\dani,0x00004630,Section,,,READ_CONTROL|DELETE|WRITE_DAC|WRITE_OWNER|QUERY|MAP_WRITE|MAP_READ
ReetFPS.exe,15040,DESKTOP-M4PIKSF\dani,0x00004634,Section,,,READ_CONTROL|DELETE|WRITE_DAC|WRITE_OWNER|QUERY|MAP_WRITE|MAP_READ
ReetFPS.exe,15040,DESKTOP-M4PIKSF\dani,0x00004638,Section,,,READ_CONTROL|DELETE|WRITE_DAC|WRITE_OWNER|QUERY|MAP_WRITE|MAP_READ
ReetFPS.exe,15040,DESKTOP-M4PIKSF\dani,0x0000463C,Section,,,READ_CONTROL|DELETE|WRITE_DAC|WRITE_OWNER|QUERY|MAP_WRITE|MAP_READ
ReetFPS.exe,15040,DESKTOP-M4PIKSF\dani,0x00004640,Section,,,READ_CONTROL|DELETE|WRITE_DAC|WRITE_OWNER|QUERY|MAP_WRITE|MAP_READ
ReetFPS.exe,15040,DESKTOP-M4PIKSF\dani,0x00004644,Section,,,READ_CONTROL|DELETE|WRITE_DAC|WRITE_OWNER|QUERY|MAP_WRITE|MAP_READ
ReetFPS.exe,15040,DESKTOP-M4PIKSF\dani,0x00004648,Section,,,READ_CONTROL|DELETE|WRITE_DAC|WRITE_OWNER|QUERY|MAP_WRITE|MAP_READ
ReetFPS.exe,15040,DESKTOP-M4PIKSF\dani,0x0000464C,Section,,,READ_CONTROL|DELETE|WRITE_DAC|WRITE_OWNER|QUERY|MAP_WRITE|MAP_READ
ReetFPS.exe,15040,DESKTOP-M4PIKSF\dani,0x00004650,Section,,,READ_CONTROL|DELETE|WRITE_DAC|WRITE_OWNER|QUERY|MAP_WRITE|MAP_READ
ReetFPS.exe,15040,DESKTOP-M4PIKSF\dani,0x00004654,Section,,,READ_CONTROL|DELETE|WRITE_DAC|WRITE_OWNER|QUERY|MAP_WRITE|MAP_READ
ReetFPS.exe,15040,DESKTOP-M4PIKSF\dani,0x00004658,Section,,,READ_CONTROL|DELETE|WRITE_DAC|WRITE_OWNER|QUERY|MAP_WRITE|MAP_READ
ReetFPS.exe,15040,DESKTOP-M4PIKSF\dani,0x0000465C,Section,,,READ_CONTROL|DELETE|WRITE_DAC|WRITE_OWNER|QUERY|MAP_WRITE|MAP_READ
ReetFPS.exe,15040,DESKTOP-M4PIKSF\dani,0x00004660,Section,,,READ_CONTROL|DELETE|WRITE_DAC|WRITE_OWNER|QUERY|MAP_WRITE|MAP_READ
ReetFPS.exe,15040,DESKTOP-M4PIKSF\dani,0x00004664,Section,,,READ_CONTROL|DELETE|WRITE_DAC|WRITE_OWNER|QUERY|MAP_WRITE|MAP_READ
ReetFPS.exe,15040,DESKTOP-M4PIKSF\dani,0x00004668,Section,,,READ_CONTROL|DELETE|WRITE_DAC|WRITE_OWNER|QUERY|MAP_WRITE|MAP_READ
ReetFPS.exe,15040,DESKTOP-M4PIKSF\dani,0x0000466C,Section,,,READ_CONTROL|DELETE|WRITE_DAC|WRITE_OWNER|QUERY|MAP_WRITE|MAP_READ
ReetFPS.exe,15040,DESKTOP-M4PIKSF\dani,0x00004670,Section,,,READ_CONTROL|DELETE|WRITE_DAC|WRITE_OWNER|QUERY|MAP_WRITE|MAP_READ
ReetFPS.exe,15040,DESKTOP-M4PIKSF\dani,0x00004674,Section,,,READ_CONTROL|DELETE|WRITE_DAC|WRITE_OWNER|QUERY|MAP_WRITE|MAP_READ
ReetFPS.exe,15040,DESKTOP-M4PIKSF\dani,0x00004678,Section,,,READ_CONTROL|DELETE|WRITE_DAC|WRITE_OWNER|QUERY|MAP_WRITE|MAP_READ
ReetFPS.exe,15040,DESKTOP-M4PIKSF\dani,0x0000467C,Section,,,READ_CONTROL|DELETE|WRITE_DAC|WRITE_OWNER|QUERY|MAP_WRITE|MAP_READ
ReetFPS.exe,15040,DESKTOP-M4PIKSF\dani,0x00004680,Section,,,READ_CONTROL|DELETE|WRITE_DAC|WRITE_OWNER|QUERY|MAP_WRITE|MAP_READ
ReetFPS.exe,15040,DESKTOP-M4PIKSF\dani,0x00004684,Section,,,READ_CONTROL|DELETE|WRITE_DAC|WRITE_OWNER|QUERY|MAP_WRITE|MAP_READ
ReetFPS.exe,15040,DESKTOP-M4PIKSF\dani,0x00004688,Section,,,READ_CONTROL|DELETE|WRITE_DAC|WRITE_OWNER|QUERY|MAP_WRITE|MAP_READ
ReetFPS.exe,15040,DESKTOP-M4PIKSF\dani,0x0000468C,Section,,,READ_CONTROL|DELETE|WRITE_DAC|WRITE_OWNER|QUERY|MAP_WRITE|MAP_READ
ReetFPS.exe,15040,DESKTOP-M4PIKSF\dani,0x00004690,Section,,,READ_CONTROL|DELETE|WRITE_DAC|WRITE_OWNER|QUERY|MAP_WRITE|MAP_READ
ReetFPS.exe,15040,DESKTOP-M4PIKSF\dani,0x00004694,Section,,,READ_CONTROL|DELETE|WRITE_DAC|WRITE_OWNER|QUERY|MAP_WRITE|MAP_READ
ReetFPS.exe,15040,DESKTOP-M4PIKSF\dani,0x00004698,Section,,,READ_CONTROL|DELETE|WRITE_DAC|WRITE_OWNER|QUERY|MAP_WRITE|MAP_READ
ReetFPS.exe,15040,DESKTOP-M4PIKSF\dani,0x0000469C,Section,,,READ_CONTROL|DELETE|WRITE_DAC|WRITE_OWNER|QUERY|MAP_WRITE|MAP_READ
ReetFPS.exe,15040,DESKTOP-M4PIKSF\dani,0x000046A0,Section,,,READ_CONTROL|DELETE|WRITE_DAC|WRITE_OWNER|QUERY|MAP_WRITE|MAP_READ
ReetFPS.exe,15040,DESKTOP-M4PIKSF\dani,0x000046A4,Section,,,READ_CONTROL|DELETE|WRITE_DAC|WRITE_OWNER|QUERY|MAP_WRITE|MAP_READ
ReetFPS.exe,15040,DESKTOP-M4PIKSF\dani,0x000046A8,Section,,,READ_CONTROL|DELETE|WRITE_DAC|WRITE_OWNER|QUERY|MAP_WRITE|MAP_READ
ReetFPS.exe,15040,DESKTOP-M4PIKSF\dani,0x000046AC,Section,,,READ_CONTROL|DELETE|WRITE_DAC|WRITE_OWNER|QUERY|MAP_WRITE|MAP_READ
ReetFPS.exe,15040,DESKTOP-M4PIKSF\dani,0x000046B0,Section,,,READ_CONTROL|DELETE|WRITE_DAC|WRITE_OWNER|QUERY|MAP_WRITE|MAP_READ
ReetFPS.exe,15040,DESKTOP-M4PIKSF\dani,0x000046B4,Section,,,READ_CONTROL|DELETE|WRITE_DAC|WRITE_OWNER|QUERY|MAP_WRITE|MAP_READ
ReetFPS.exe,15040,DESKTOP-M4PIKSF\dani,0x000046B8,Section,,,READ_CONTROL|DELETE|WRITE_DAC|WRITE_OWNER|QUERY|MAP_WRITE|MAP_READ
ReetFPS.exe,15040,DESKTOP-M4PIKSF\dani,0x000046BC,Section,,,READ_CONTROL|DELETE|WRITE_DAC|WRITE_OWNER|QUERY|MAP_WRITE|MAP_READ
ReetFPS.exe,15040,DESKTOP-M4PIKSF\dani,0x000046C0,Section,,,READ_CONTROL|DELETE|WRITE_DAC|WRITE_OWNER|QUERY|MAP_WRITE|MAP_READ
ReetFPS.exe,15040,DESKTOP-M4PIKSF\dani,0x000046C4,Section,,,READ_CONTROL|DELETE|WRITE_DAC|WRITE_OWNER|QUERY|MAP_WRITE|MAP_READ
ReetFPS.exe,15040,DESKTOP-M4PIKSF\dani,0x000046C8,Section,,,READ_CONTROL|DELETE|WRITE_DAC|WRITE_OWNER|QUERY|MAP_WRITE|MAP_READ
ReetFPS.exe,15040,DESKTOP-M4PIKSF\dani,0x000046CC,Section,,,READ_CONTROL|DELETE|WRITE_DAC|WRITE_OWNER|QUERY|MAP_WRITE|MAP_READ
ReetFPS.exe,15040,DESKTOP-M4PIKSF\dani,0x000046D0,Section,,,READ_CONTROL|DELETE|WRITE_DAC|WRITE_OWNER|QUERY|MAP_WRITE|MAP_READ
ReetFPS.exe,15040,DESKTOP-M4PIKSF\dani,0x000046D4,Section,,,READ_CONTROL|DELETE|WRITE_DAC|WRITE_OWNER|QUERY|MAP_WRITE|MAP_READ
ReetFPS.exe,15040,DESKTOP-M4PIKSF\dani,0x000046D8,Section,,,READ_CONTROL|DELETE|WRITE_DAC|WRITE_OWNER|QUERY|MAP_WRITE|MAP_READ
ReetFPS.exe,15040,DESKTOP-M4PIKSF\dani,0x000046DC,Section,,,READ_CONTROL|DELETE|WRITE_DAC|WRITE_OWNER|QUERY|MAP_WRITE|MAP_READ
ReetFPS.exe,15040,DESKTOP-M4PIKSF\dani,0x000046E0,Section,,,READ_CONTROL|DELETE|WRITE_DAC|WRITE_OWNER|QUERY|MAP_WRITE|MAP_READ
ReetFPS.exe,15040,DESKTOP-M4PIKSF\dani,0x000046E4,Section,,,READ_CONTROL|DELETE|WRITE_DAC|WRITE_OWNER|QUERY|MAP_WRITE|MAP_READ
ReetFPS.exe,15040,DESKTOP-M4PIKSF\dani,0x000046E8,Section,,,READ_CONTROL|DELETE|WRITE_DAC|WRITE_OWNER|QUERY|MAP_WRITE|MAP_READ
ReetFPS.exe,15040,DESKTOP-M4PIKSF\dani,0x000046EC,Section,,,READ_CONTROL|DELETE|WRITE_DAC|WRITE_OWNER|QUERY|MAP_WRITE|MAP_READ
ReetFPS.exe,15040,DESKTOP-M4PIKSF\dani,0x000046F0,Section,,,READ_CONTROL|DELETE|WRITE_DAC|WRITE_OWNER|QUERY|MAP_WRITE|MAP_READ
ReetFPS.exe,15040,DESKTOP-M4PIKSF\dani,0x000046F4,Section,,,READ_CONTROL|DELETE|WRITE_DAC|WRITE_OWNER|QUERY|MAP_WRITE|MAP_READ
ReetFPS.exe,15040,DESKTOP-M4PIKSF\dani,0x000046F8,Section,,,READ_CONTROL|DELETE|WRITE_DAC|WRITE_OWNER|QUERY|MAP_WRITE|MAP_READ
ReetFPS.exe,15040,DESKTOP-M4PIKSF\dani,0x000046FC,Section,,,READ_CONTROL|DELETE|WRITE_DAC|WRITE_OWNER|QUERY|MAP_WRITE|MAP_READ
ReetFPS.exe,15040,DESKTOP-M4PIKSF\dani,0x00004700,Section,,,READ_CONTROL|DELETE|WRITE_DAC|WRITE_OWNER|QUERY|MAP_WRITE|MAP_READ
ReetFPS.exe,15040,DESKTOP-M4PIKSF\dani,0x00004704,Section,,,READ_CONTROL|DELETE|WRITE_DAC|WRITE_OWNER|QUERY|MAP_WRITE|MAP_READ
ReetFPS.exe,15040,DESKTOP-M4PIKSF\dani,0x00004708,Section,,,READ_CONTROL|DELETE|WRITE_DAC|WRITE_OWNER|QUERY|MAP_WRITE|MAP_READ
ReetFPS.exe,15040,DESKTOP-M4PIKSF\dani,0x0000470C,Section,,,READ_CONTROL|DELETE|WRITE_DAC|WRITE_OWNER|QUERY|MAP_WRITE|MAP_READ
ReetFPS.exe,15040,DESKTOP-M4PIKSF\dani,0x00004710,Section,,,READ_CONTROL|DELETE|WRITE_DAC|WRITE_OWNER|QUERY|MAP_WRITE|MAP_READ
ReetFPS.exe,15040,DESKTOP-M4PIKSF\dani,0x00004714,Section,,,READ_CONTROL|DELETE|WRITE_DAC|WRITE_OWNER|QUERY|MAP_WRITE|MAP_READ
ReetFPS.exe,15040,DESKTOP-M4PIKSF\dani,0x00004718,Section,,,READ_CONTROL|DELETE|WRITE_DAC|WRITE_OWNER|QUERY|MAP_WRITE|MAP_READ
ReetFPS.exe,15040,DESKTOP-M4PIKSF\dani,0x0000471C,Section,,,READ_CONTROL|DELETE|WRITE_DAC|WRITE_OWNER|QUERY|MAP_WRITE|MAP_READ
ReetFPS.exe,15040,DESKTOP-M4PIKSF\dani,0x00004720,Section,,,READ_CONTROL|DELETE|WRITE_DAC|WRITE_OWNER|QUERY|MAP_WRITE|MAP_READ
ReetFPS.exe,15040,DESKTOP-M4PIKSF\dani,0x00004724,Section,,,READ_CONTROL|DELETE|WRITE_DAC|WRITE_OWNER|QUERY|MAP_WRITE|MAP_READ
ReetFPS.exe,15040,DESKTOP-M4PIKSF\dani,0x00004728,Section,,,READ_CONTROL|DELETE|WRITE_DAC|WRITE_OWNER|QUERY|MAP_WRITE|MAP_READ
ReetFPS.exe,15040,DESKTOP-M4PIKSF\dani,0x0000472C,Section,,,READ_CONTROL|DELETE|WRITE_DAC|WRITE_OWNER|QUERY|MAP_WRITE|MAP_READ
ReetFPS.exe,15040,DESKTOP-M4PIKSF\dani,0x00004730,Section,,,READ_CONTROL|DELETE|WRITE_DAC|WRITE_OWNER|QUERY|MAP_WRITE|MAP_READ
ReetFPS.exe,15040,DESKTOP-M4PIKSF\dani,0x00004734,Section,,,READ_CONTROL|DELETE|WRITE_DAC|WRITE_OWNER|QUERY|MAP_WRITE|MAP_READ
ReetFPS.exe,15040,DESKTOP-M4PIKSF\dani,0x00004738,Section,,,READ_CONTROL|DELETE|WRITE_DAC|WRITE_OWNER|QUERY|MAP_WRITE|MAP_READ
ReetFPS.exe,15040,DESKTOP-M4PIKSF\dani,0x0000473C,Section,,,READ_CONTROL|DELETE|WRITE_DAC|WRITE_OWNER|QUERY|MAP_WRITE|MAP_READ
ReetFPS.exe,15040,DESKTOP-M4PIKSF\dani,0x00004740,Section,,,READ_CONTROL|DELETE|WRITE_DAC|WRITE_OWNER|QUERY|MAP_WRITE|MAP_READ
ReetFPS.exe,15040,DESKTOP-M4PIKSF\dani,0x00004744,Section,,,READ_CONTROL|DELETE|WRITE_DAC|WRITE_OWNER|QUERY|MAP_WRITE|MAP_READ
ReetFPS.exe,15040,DESKTOP-M4PIKSF\dani,0x00004748,Section,,,READ_CONTROL|DELETE|WRITE_DAC|WRITE_OWNER|QUERY|MAP_WRITE|MAP_READ
ReetFPS.exe,15040,DESKTOP-M4PIKSF\dani,0x0000474C,Section,,,READ_CONTROL|DELETE|WRITE_DAC|WRITE_OWNER|QUERY|MAP_WRITE|MAP_READ
ReetFPS.exe,15040,DESKTOP-M4PIKSF\dani,0x00004750,Section,,,READ_CONTROL|DELETE|WRITE_DAC|WRITE_OWNER|QUERY|MAP_WRITE|MAP_READ
ReetFPS.exe,15040,DESKTOP-M4PIKSF\dani,0x00004754,Section,,,READ_CONTROL|DELETE|WRITE_DAC|WRITE_OWNER|QUERY|MAP_WRITE|MAP_READ
ReetFPS.exe,15040,DESKTOP-M4PIKSF\dani,0x00004758,Section,,,READ_CONTROL|DELETE|WRITE_DAC|WRITE_OWNER|QUERY|MAP_WRITE|MAP_READ
ReetFPS.exe,15040,DESKTOP-M4PIKSF\dani,0x0000475C,Section,,,READ_CONTROL|DELETE|WRITE_DAC|WRITE_OWNER|QUERY|MAP_WRITE|MAP_READ
ReetFPS.exe,15040,DESKTOP-M4PIKSF\dani,0x00004760,Section,,,READ_CONTROL|DELETE|WRITE_DAC|WRITE_OWNER|QUERY|MAP_WRITE|MAP_READ
ReetFPS.exe,15040,DESKTOP-M4PIKSF\dani,0x00004764,Section,,,READ_CONTROL|DELETE|WRITE_DAC|WRITE_OWNER|QUERY|MAP_WRITE|MAP_READ
ReetFPS.exe,15040,DESKTOP-M4PIKSF\dani,0x00004768,Section,,,READ_CONTROL|DELETE|WRITE_DAC|WRITE_OWNER|QUERY|MAP_WRITE|MAP_READ
ReetFPS.exe,15040,DESKTOP-M4PIKSF\dani,0x0000476C,Section,,,READ_CONTROL|DELETE|WRITE_DAC|WRITE_OWNER|QUERY|MAP_WRITE|MAP_READ
ReetFPS.exe,15040,DESKTOP-M4PIKSF\dani,0x00004770,Section,,,READ_CONTROL|DELETE|WRITE_DAC|WRITE_OWNER|QUERY|MAP_WRITE|MAP_READ
ReetFPS.exe,15040,DESKTOP-M4PIKSF\dani,0x00004774,Section,,,READ_CONTROL|DELETE|WRITE_DAC|WRITE_OWNER|QUERY|MAP_WRITE|MAP_READ
ReetFPS.exe,15040,DESKTOP-M4PIKSF\dani,0x00004778,Section,,,READ_CONTROL|DELETE|WRITE_DAC|WRITE_OWNER|QUERY|MAP_WRITE|MAP_READ
ReetFPS.exe,15040,DESKTOP-M4PIKSF\dani,0x0000477C,Section,,,READ_CONTROL|DELETE|WRITE_DAC|WRITE_OWNER|QUERY|MAP_WRITE|MAP_READ
ReetFPS.exe,15040,DESKTOP-M4PIKSF\dani,0x00004780,Section,,,READ_CONTROL|DELETE|WRITE_DAC|WRITE_OWNER|QUERY|MAP_WRITE|MAP_READ
ReetFPS.exe,15040,DESKTOP-M4PIKSF\dani,0x00004784,Section,,,READ_CONTROL|DELETE|WRITE_DAC|WRITE_OWNER|QUERY|MAP_WRITE|MAP_READ
ReetFPS.exe,15040,DESKTOP-M4PIKSF\dani,0x00004788,Section,,,READ_CONTROL|DELETE|WRITE_DAC|WRITE_OWNER|QUERY|MAP_WRITE|MAP_READ
ReetFPS.exe,15040,DESKTOP-M4PIKSF\dani,0x0000478C,Section,,,READ_CONTROL|DELETE|WRITE_DAC|WRITE_OWNER|QUERY|MAP_WRITE|MAP_READ
ReetFPS.exe,15040,DESKTOP-M4PIKSF\dani,0x00004790,Section,,,READ_CONTROL|DELETE|WRITE_DAC|WRITE_OWNER|QUERY|MAP_WRITE|MAP_READ
ReetFPS.exe,15040,DESKTOP-M4PIKSF\dani,0x00004794,Section,,,READ_CONTROL|DELETE|WRITE_DAC|WRITE_OWNER|QUERY|MAP_WRITE|MAP_READ
ReetFPS.exe,15040,DESKTOP-M4PIKSF\dani,0x00004798,Section,,,READ_CONTROL|DELETE|WRITE_DAC|WRITE_OWNER|QUERY|MAP_WRITE|MAP_READ
ReetFPS.exe,15040,DESKTOP-M4PIKSF\dani,0x0000479C,Section,,,READ_CONTROL|DELETE|WRITE_DAC|WRITE_OWNER|QUERY|MAP_WRITE|MAP_READ
ReetFPS.exe,15040,DESKTOP-M4PIKSF\dani,0x000047A0,Section,,,READ_CONTROL|DELETE|WRITE_DAC|WRITE_OWNER|QUERY|MAP_WRITE|MAP_READ
ReetFPS.exe,15040,DESKTOP-M4PIKSF\dani,0x000047A4,Section,,,READ_CONTROL|DELETE|WRITE_DAC|WRITE_OWNER|QUERY|MAP_WRITE|MAP_READ
ReetFPS.exe,15040,DESKTOP-M4PIKSF\dani,0x000047A8,Section,,,READ_CONTROL|DELETE|WRITE_DAC|WRITE_OWNER|QUERY|MAP_WRITE|MAP_READ
ReetFPS.exe,15040,DESKTOP-M4PIKSF\dani,0x000047AC,Section,,,READ_CONTROL|DELETE|WRITE_DAC|WRITE_OWNER|QUERY|MAP_WRITE|MAP_READ
ReetFPS.exe,15040,DESKTOP-M4PIKSF\dani,0x000047B0,Section,,,READ_CONTROL|DELETE|WRITE_DAC|WRITE_OWNER|QUERY|MAP_WRITE|MAP_READ
ReetFPS.exe,15040,DESKTOP-M4PIKSF\dani,0x000047B4,Section,,,READ_CONTROL|DELETE|WRITE_DAC|WRITE_OWNER|QUERY|MAP_WRITE|MAP_READ
ReetFPS.exe,15040,DESKTOP-M4PIKSF\dani,0x000047B8,Section,,,READ_CONTROL|DELETE|WRITE_DAC|WRITE_OWNER|QUERY|MAP_WRITE|MAP_READ
ReetFPS.exe,15040,DESKTOP-M4PIKSF\dani,0x000047BC,Section,,,READ_CONTROL|DELETE|WRITE_DAC|WRITE_OWNER|QUERY|MAP_WRITE|MAP_READ
ReetFPS.exe,15040,DESKTOP-M4PIKSF\dani,0x000047C0,Section,,,READ_CONTROL|DELETE|WRITE_DAC|WRITE_OWNER|QUERY|MAP_WRITE|MAP_READ
ReetFPS.exe,15040,DESKTOP-M4PIKSF\dani,0x000047C4,Section,,,READ_CONTROL|DELETE|WRITE_DAC|WRITE_OWNER|QUERY|MAP_WRITE|MAP_READ
ReetFPS.exe,15040,DESKTOP-M4PIKSF\dani,0x000047C8,Section,,,READ_CONTROL|DELETE|WRITE_DAC|WRITE_OWNER|QUERY|MAP_WRITE|MAP_READ
ReetFPS.exe,15040,DESKTOP-M4PIKSF\dani,0x000047CC,Section,,,READ_CONTROL|DELETE|WRITE_DAC|WRITE_OWNER|QUERY|MAP_WRITE|MAP_READ
ReetFPS.exe,15040,DESKTOP-M4PIKSF\dani,0x000047D0,Section,,,READ_CONTROL|DELETE|WRITE_DAC|WRITE_OWNER|QUERY|MAP_WRITE|MAP_READ
ReetFPS.exe,15040,DESKTOP-M4PIKSF\dani,0x000047D4,Section,,,READ_CONTROL|DELETE|WRITE_DAC|WRITE_OWNER|QUERY|MAP_WRITE|MAP_READ
ReetFPS.exe,15040,DESKTOP-M4PIKSF\dani,0x000047D8,Section,,,READ_CONTROL|DELETE|WRITE_DAC|WRITE_OWNER|QUERY|MAP_WRITE|MAP_READ
ReetFPS.exe,15040,DESKTOP-M4PIKSF\dani,0x000047DC,Section,,,READ_CONTROL|DELETE|WRITE_DAC|WRITE_OWNER|QUERY|MAP_WRITE|MAP_READ
ReetFPS.exe,15040,DESKTOP-M4PIKSF\dani,0x000047E0,Section,,,READ_CONTROL|DELETE|WRITE_DAC|WRITE_OWNER|QUERY|MAP_WRITE|MAP_READ
ReetFPS.exe,15040,DESKTOP-M4PIKSF\dani,0x000047E4,Section,,,READ_CONTROL|DELETE|WRITE_DAC|WRITE_OWNER|QUERY|MAP_WRITE|MAP_READ
ReetFPS.exe,15040,DESKTOP-M4PIKSF\dani,0x000047E8,Section,,,READ_CONTROL|DELETE|WRITE_DAC|WRITE_OWNER|QUERY|MAP_WRITE|MAP_READ
ReetFPS.exe,15040,DESKTOP-M4PIKSF\dani,0x000047EC,Section,,,READ_CONTROL|DELETE|WRITE_DAC|WRITE_OWNER|QUERY|MAP_WRITE|MAP_READ
ReetFPS.exe,15040,DESKTOP-M4PIKSF\dani,0x000047F0,Section,,,READ_CONTROL|DELETE|WRITE_DAC|WRITE_OWNER|QUERY|MAP_WRITE|MAP_READ
ReetFPS.exe,15040,DESKTOP-M4PIKSF\dani,0x000047F4,Section,,,READ_CONTROL|DELETE|WRITE_DAC|WRITE_OWNER|QUERY|MAP_WRITE|MAP_READ
ReetFPS.exe,15040,DESKTOP-M4PIKSF\dani,0x000047F8,Section,,,READ_CONTROL|DELETE|WRITE_DAC|WRITE_OWNER|QUERY|MAP_WRITE|MAP_READ
ReetFPS.exe,15040,DESKTOP-M4PIKSF\dani,0x000047FC,Section,,,READ_CONTROL|DELETE|WRITE_DAC|WRITE_OWNER|QUERY|MAP_WRITE|MAP_READ
ReetFPS.exe,15040,DESKTOP-M4PIKSF\dani,0x00004804,Section,,,READ_CONTROL|DELETE|WRITE_DAC|WRITE_OWNER|QUERY|MAP_WRITE|MAP_READ
ReetFPS.exe,15040,DESKTOP-M4PIKSF\dani,0x00004808,Section,,,READ_CONTROL|DELETE|WRITE_DAC|WRITE_OWNER|QUERY|MAP_WRITE|MAP_READ
ReetFPS.exe,15040,DESKTOP-M4PIKSF\dani,0x0000480C,Section,,,READ_CONTROL|DELETE|WRITE_DAC|WRITE_OWNER|QUERY|MAP_WRITE|MAP_READ
ReetFPS.exe,15040,DESKTOP-M4PIKSF\dani,0x00004810,Section,,,READ_CONTROL|DELETE|WRITE_DAC|WRITE_OWNER|QUERY|MAP_WRITE|MAP_READ
ReetFPS.exe,15040,DESKTOP-M4PIKSF\dani,0x00004814,Section,,,READ_CONTROL|DELETE|WRITE_DAC|WRITE_OWNER|QUERY|MAP_WRITE|MAP_READ
ReetFPS.exe,15040,DESKTOP-M4PIKSF\dani,0x00004818,Section,,,READ_CONTROL|DELETE|WRITE_DAC|WRITE_OWNER|QUERY|MAP_WRITE|MAP_READ
ReetFPS.exe,15040,DESKTOP-M4PIKSF\dani,0x0000481C,Section,,,READ_CONTROL|DELETE|WRITE_DAC|WRITE_OWNER|QUERY|MAP_WRITE|MAP_READ
ReetFPS.exe,15040,DESKTOP-M4PIKSF\dani,0x00004820,Section,,,READ_CONTROL|DELETE|WRITE_DAC|WRITE_OWNER|QUERY|MAP_WRITE|MAP_READ
ReetFPS.exe,15040,DESKTOP-M4PIKSF\dani,0x00004824,Section,,,READ_CONTROL|DELETE|WRITE_DAC|WRITE_OWNER|QUERY|MAP_WRITE|MAP_READ
ReetFPS.exe,15040,DESKTOP-M4PIKSF\dani,0x00004828,Section,,,READ_CONTROL|DELETE|WRITE_DAC|WRITE_OWNER|QUERY|MAP_WRITE|MAP_READ
ReetFPS.exe,15040,DESKTOP-M4PIKSF\dani,0x0000482C,Section,,,READ_CONTROL|DELETE|WRITE_DAC|WRITE_OWNER|QUERY|MAP_WRITE|MAP_READ
ReetFPS.exe,15040,DESKTOP-M4PIKSF\dani,0x00004830,Section,,,READ_CONTROL|DELETE|WRITE_DAC|WRITE_OWNER|QUERY|MAP_WRITE|MAP_READ
ReetFPS.exe,15040,DESKTOP-M4PIKSF\dani,0x00004834,Section,,,READ_CONTROL|DELETE|WRITE_DAC|WRITE_OWNER|QUERY|MAP_WRITE|MAP_READ
ReetFPS.exe,15040,DESKTOP-M4PIKSF\dani,0x00004838,Section,,,READ_CONTROL|DELETE|WRITE_DAC|WRITE_OWNER|QUERY|MAP_WRITE|MAP_READ
ReetFPS.exe,15040,DESKTOP-M4PIKSF\dani,0x0000483C,Section,,,READ_CONTROL|DELETE|WRITE_DAC|WRITE_OWNER|QUERY|MAP_WRITE|MAP_READ
ReetFPS.exe,15040,DESKTOP-M4PIKSF\dani,0x00004840,Section,,,READ_CONTROL|DELETE|WRITE_DAC|WRITE_OWNER|QUERY|MAP_WRITE|MAP_READ
ReetFPS.exe,15040,DESKTOP-M4PIKSF\dani,0x00004844,Section,,,READ_CONTROL|DELETE|WRITE_DAC|WRITE_OWNER|QUERY|MAP_WRITE|MAP_READ
ReetFPS.exe,15040,DESKTOP-M4PIKSF\dani,0x00004848,Section,,,READ_CONTROL|DELETE|WRITE_DAC|WRITE_OWNER|QUERY|MAP_WRITE|MAP_READ
ReetFPS.exe,15040,DESKTOP-M4PIKSF\dani,0x0000484C,Section,,,READ_CONTROL|DELETE|WRITE_DAC|WRITE_OWNER|QUERY|MAP_WRITE|MAP_READ
ReetFPS.exe,15040,DESKTOP-M4PIKSF\dani,0x00004850,Section,,,READ_CONTROL|DELETE|WRITE_DAC|WRITE_OWNER|QUERY|MAP_WRITE|MAP_READ
ReetFPS.exe,15040,DESKTOP-M4PIKSF\dani,0x00004854,Section,,,READ_CONTROL|DELETE|WRITE_DAC|WRITE_OWNER|QUERY|MAP_WRITE|MAP_READ
ReetFPS.exe,15040,DESKTOP-M4PIKSF\dani,0x00004858,Section,,,READ_CONTROL|DELETE|WRITE_DAC|WRITE_OWNER|QUERY|MAP_WRITE|MAP_READ
ReetFPS.exe,15040,DESKTOP-M4PIKSF\dani,0x0000485C,Section,,,READ_CONTROL|DELETE|WRITE_DAC|WRITE_OWNER|QUERY|MAP_WRITE|MAP_READ
ReetFPS.exe,15040,DESKTOP-M4PIKSF\dani,0x00004860,Section,,,READ_CONTROL|DELETE|WRITE_DAC|WRITE_OWNER|QUERY|MAP_WRITE|MAP_READ
ReetFPS.exe,15040,DESKTOP-M4PIKSF\dani,0x00004864,Section,,,READ_CONTROL|DELETE|WRITE_DAC|WRITE_OWNER|QUERY|MAP_WRITE|MAP_READ
ReetFPS.exe,15040,DESKTOP-M4PIKSF\dani,0x00004868,Section,,,READ_CONTROL|DELETE|WRITE_DAC|WRITE_OWNER|QUERY|MAP_WRITE|MAP_READ
ReetFPS.exe,15040,DESKTOP-M4PIKSF\dani,0x0000486C,Section,,,READ_CONTROL|DELETE|WRITE_DAC|WRITE_OWNER|QUERY|MAP_WRITE|MAP_READ
ReetFPS.exe,15040,DESKTOP-M4PIKSF\dani,0x00004870,Section,,,READ_CONTROL|DELETE|WRITE_DAC|WRITE_OWNER|QUERY|MAP_WRITE|MAP_READ
ReetFPS.exe,15040,DESKTOP-M4PIKSF\dani,0x00004874,Section,,,READ_CONTROL|DELETE|WRITE_DAC|WRITE_OWNER|QUERY|MAP_WRITE|MAP_READ
ReetFPS.exe,15040,DESKTOP-M4PIKSF\dani,0x00004878,Section,,,READ_CONTROL|DELETE|WRITE_DAC|WRITE_OWNER|QUERY|MAP_WRITE|MAP_READ
ReetFPS.exe,15040,DESKTOP-M4PIKSF\dani,0x0000487C,Section,,,READ_CONTROL|DELETE|WRITE_DAC|WRITE_OWNER|QUERY|MAP_WRITE|MAP_READ
ReetFPS.exe,15040,DESKTOP-M4PIKSF\dani,0x00004880,Section,,,READ_CONTROL|DELETE|WRITE_DAC|WRITE_OWNER|QUERY|MAP_WRITE|MAP_READ
ReetFPS.exe,15040,DESKTOP-M4PIKSF\dani,0x00004884,Section,,,READ_CONTROL|DELETE|WRITE_DAC|WRITE_OWNER|QUERY|MAP_WRITE|MAP_READ
ReetFPS.exe,15040,DESKTOP-M4PIKSF\dani,0x00004888,Section,,,READ_CONTROL|DELETE|WRITE_DAC|WRITE_OWNER|QUERY|MAP_WRITE|MAP_READ
ReetFPS.exe,15040,DESKTOP-M4PIKSF\dani,0x0000488C,Section,,,READ_CONTROL|DELETE|WRITE_DAC|WRITE_OWNER|QUERY|MAP_WRITE|MAP_READ
ReetFPS.exe,15040,DESKTOP-M4PIKSF\dani,0x00004890,Section,,,READ_CONTROL|DELETE|WRITE_DAC|WRITE_OWNER|QUERY|MAP_WRITE|MAP_READ
ReetFPS.exe,15040,DESKTOP-M4PIKSF\dani,0x00004894,Section,,,READ_CONTROL|DELETE|WRITE_DAC|WRITE_OWNER|QUERY|MAP_WRITE|MAP_READ
ReetFPS.exe,15040,DESKTOP-M4PIKSF\dani,0x00004898,Section,,,READ_CONTROL|DELETE|WRITE_DAC|WRITE_OWNER|QUERY|MAP_WRITE|MAP_READ
ReetFPS.exe,15040,DESKTOP-M4PIKSF\dani,0x0000489C,Section,,,READ_CONTROL|DELETE|WRITE_DAC|WRITE_OWNER|QUERY|MAP_WRITE|MAP_READ
ReetFPS.exe,15040,DESKTOP-M4PIKSF\dani,0x000048A0,Section,,,READ_CONTROL|DELETE|WRITE_DAC|WRITE_OWNER|QUERY|MAP_WRITE|MAP_READ
ReetFPS.exe,15040,DESKTOP-M4PIKSF\dani,0x000048A4,Section,,,READ_CONTROL|DELETE|WRITE_DAC|WRITE_OWNER|QUERY|MAP_WRITE|MAP_READ
ReetFPS.exe,15040,DESKTOP-M4PIKSF\dani,0x000048A8,Section,,,READ_CONTROL|DELETE|WRITE_DAC|WRITE_OWNER|QUERY|MAP_WRITE|MAP_READ
ReetFPS.exe,15040,DESKTOP-M4PIKSF\dani,0x000048AC,Section,,,READ_CONTROL|DELETE|WRITE_DAC|WRITE_OWNER|QUERY|MAP_WRITE|MAP_READ
ReetFPS.exe,15040,DESKTOP-M4PIKSF\dani,0x000048B0,Section,,,READ_CONTROL|DELETE|WRITE_DAC|WRITE_OWNER|QUERY|MAP_WRITE|MAP_READ
ReetFPS.exe,15040,DESKTOP-M4PIKSF\dani,0x000048B4,Section,,,READ_CONTROL|DELETE|WRITE_DAC|WRITE_OWNER|QUERY|MAP_WRITE|MAP_READ
ReetFPS.exe,15040,DESKTOP-M4PIKSF\dani,0x000048B8,Section,,,READ_CONTROL|DELETE|WRITE_DAC|WRITE_OWNER|QUERY|MAP_WRITE|MAP_READ
ReetFPS.exe,15040,DESKTOP-M4PIKSF\dani,0x000048BC,Section,,,READ_CONTROL|DELETE|WRITE_DAC|WRITE_OWNER|QUERY|MAP_WRITE|MAP_READ
ReetFPS.exe,15040,DESKTOP-M4PIKSF\dani,0x000048C0,Section,,,READ_CONTROL|DELETE|WRITE_DAC|WRITE_OWNER|QUERY|MAP_WRITE|MAP_READ
ReetFPS.exe,15040,DESKTOP-M4PIKSF\dani,0x000048C4,Section,,,READ_CONTROL|DELETE|WRITE_DAC|WRITE_OWNER|QUERY|MAP_WRITE|MAP_READ
ReetFPS.exe,15040,DESKTOP-M4PIKSF\dani,0x000048C8,Section,,,READ_CONTROL|DELETE|WRITE_DAC|WRITE_OWNER|QUERY|MAP_WRITE|MAP_READ
ReetFPS.exe,15040,DESKTOP-M4PIKSF\dani,0x000048CC,Section,,,READ_CONTROL|DELETE|WRITE_DAC|WRITE_OWNER|QUERY|MAP_WRITE|MAP_READ
ReetFPS.exe,15040,DESKTOP-M4PIKSF\dani,0x000048D0,Section,,,READ_CONTROL|DELETE|WRITE_DAC|WRITE_OWNER|QUERY|MAP_WRITE|MAP_READ
ReetFPS.exe,15040,DESKTOP-M4PIKSF\dani,0x000048D4,Section,,,READ_CONTROL|DELETE|WRITE_DAC|WRITE_OWNER|QUERY|MAP_WRITE|MAP_READ
ReetFPS.exe,15040,DESKTOP-M4PIKSF\dani,0x000048D8,Section,,,READ_CONTROL|DELETE|WRITE_DAC|WRITE_OWNER|QUERY|MAP_WRITE|MAP_READ
ReetFPS.exe,15040,DESKTOP-M4PIKSF\dani,0x000048DC,Section,,,READ_CONTROL|DELETE|WRITE_DAC|WRITE_OWNER|QUERY|MAP_WRITE|MAP_READ
ReetFPS.exe,15040,DESKTOP-M4PIKSF\dani,0x000048E0,Section,,,READ_CONTROL|DELETE|WRITE_DAC|WRITE_OWNER|QUERY|MAP_WRITE|MAP_READ
ReetFPS.exe,15040,DESKTOP-M4PIKSF\dani,0x000048E4,Section,,,READ_CONTROL|DELETE|WRITE_DAC|WRITE_OWNER|QUERY|MAP_WRITE|MAP_READ
ReetFPS.exe,15040,DESKTOP-M4PIKSF\dani,0x000048E8,Section,,,READ_CONTROL|DELETE|WRITE_DAC|WRITE_OWNER|QUERY|MAP_WRITE|MAP_READ
ReetFPS.exe,15040,DESKTOP-M4PIKSF\dani,0x000048EC,Section,,,READ_CONTROL|DELETE|WRITE_DAC|WRITE_OWNER|QUERY|MAP_WRITE|MAP_READ
ReetFPS.exe,15040,DESKTOP-M4PIKSF\dani,0x000048F0,Section,,,READ_CONTROL|DELETE|WRITE_DAC|WRITE_OWNER|QUERY|MAP_WRITE|MAP_READ
ReetFPS.exe,15040,DESKTOP-M4PIKSF\dani,0x000048F4,Section,,,READ_CONTROL|DELETE|WRITE_DAC|WRITE_OWNER|QUERY|MAP_WRITE|MAP_READ
ReetFPS.exe,15040,DESKTOP-M4PIKSF\dani,0x000048F8,Section,,,READ_CONTROL|DELETE|WRITE_DAC|WRITE_OWNER|QUERY|MAP_WRITE|MAP_READ
ReetFPS.exe,15040,DESKTOP-M4PIKSF\dani,0x000048FC,Section,,,READ_CONTROL|DELETE|WRITE_DAC|WRITE_OWNER|QUERY|MAP_WRITE|MAP_READ
ReetFPS.exe,15040,DESKTOP-M4PIKSF\dani,0x00004900,Section,,,READ_CONTROL|DELETE|WRITE_DAC|WRITE_OWNER|QUERY|MAP_WRITE|MAP_READ
ReetFPS.exe,15040,DESKTOP-M4PIKSF\dani,0x00004904,Section,,,READ_CONTROL|DELETE|WRITE_DAC|WRITE_OWNER|QUERY|MAP_WRITE|MAP_READ
ReetFPS.exe,15040,DESKTOP-M4PIKSF\dani,0x00004908,Section,,,READ_CONTROL|DELETE|WRITE_DAC|WRITE_OWNER|QUERY|MAP_WRITE|MAP_READ
ReetFPS.exe,15040,DESKTOP-M4PIKSF\dani,0x0000490C,Section,,,READ_CONTROL|DELETE|WRITE_DAC|WRITE_OWNER|QUERY|MAP_WRITE|MAP_READ
ReetFPS.exe,15040,DESKTOP-M4PIKSF\dani,0x00004910,Section,,,READ_CONTROL|DELETE|WRITE_DAC|WRITE_OWNER|QUERY|MAP_WRITE|MAP_READ
ReetFPS.exe,15040,DESKTOP-M4PIKSF\dani,0x00004914,Section,,,READ_CONTROL|DELETE|WRITE_DAC|WRITE_OWNER|QUERY|MAP_WRITE|MAP_READ
ReetFPS.exe,15040,DESKTOP-M4PIKSF\dani,0x00004918,Section,,,READ_CONTROL|DELETE|WRITE_DAC|WRITE_OWNER|QUERY|MAP_WRITE|MAP_READ
ReetFPS.exe,15040,DESKTOP-M4PIKSF\dani,0x0000491C,Section,,,READ_CONTROL|DELETE|WRITE_DAC|WRITE_OWNER|QUERY|MAP_WRITE|MAP_READ
ReetFPS.exe,15040,DESKTOP-M4PIKSF\dani,0x00004920,Section,,,READ_CONTROL|DELETE|WRITE_DAC|WRITE_OWNER|QUERY|MAP_WRITE|MAP_READ
ReetFPS.exe,15040,DESKTOP-M4PIKSF\dani,0x00004924,Section,,,READ_CONTROL|DELETE|WRITE_DAC|WRITE_OWNER|QUERY|MAP_WRITE|MAP_READ
ReetFPS.exe,15040,DESKTOP-M4PIKSF\dani,0x00004928,Section,,,READ_CONTROL|DELETE|WRITE_DAC|WRITE_OWNER|QUERY|MAP_WRITE|MAP_READ
ReetFPS.exe,15040,DESKTOP-M4PIKSF\dani,0x0000492C,Section,,,READ_CONTROL|DELETE|WRITE_DAC|WRITE_OWNER|QUERY|MAP_WRITE|MAP_READ
ReetFPS.exe,15040,DESKTOP-M4PIKSF\dani,0x00004930,Section,,,READ_CONTROL|DELETE|WRITE_DAC|WRITE_OWNER|QUERY|MAP_WRITE|MAP_READ
ReetFPS.exe,15040,DESKTOP-M4PIKSF\dani,0x00004934,Section,,,READ_CONTROL|DELETE|WRITE_DAC|WRITE_OWNER|QUERY|MAP_WRITE|MAP_READ
ReetFPS.exe,15040,DESKTOP-M4PIKSF\dani,0x00004938,Section,,,READ_CONTROL|DELETE|WRITE_DAC|WRITE_OWNER|QUERY|MAP_WRITE|MAP_READ
ReetFPS.exe,15040,DESKTOP-M4PIKSF\dani,0x0000493C,Section,,,READ_CONTROL|DELETE|WRITE_DAC|WRITE_OWNER|QUERY|MAP_WRITE|MAP_READ
ReetFPS.exe,15040,DESKTOP-M4PIKSF\dani,0x00004940,Section,,,READ_CONTROL|DELETE|WRITE_DAC|WRITE_OWNER|QUERY|MAP_WRITE|MAP_READ
ReetFPS.exe,15040,DESKTOP-M4PIKSF\dani,0x00004944,Section,,,READ_CONTROL|DELETE|WRITE_DAC|WRITE_OWNER|QUERY|MAP_WRITE|MAP_READ
ReetFPS.exe,15040,DESKTOP-M4PIKSF\dani,0x00004948,Section,,,READ_CONTROL|DELETE|WRITE_DAC|WRITE_OWNER|QUERY|MAP_WRITE|MAP_READ
ReetFPS.exe,15040,DESKTOP-M4PIKSF\dani,0x0000494C,Section,,,READ_CONTROL|DELETE|WRITE_DAC|WRITE_OWNER|QUERY|MAP_WRITE|MAP_READ
ReetFPS.exe,15040,DESKTOP-M4PIKSF\dani,0x00004950,Section,,,READ_CONTROL|DELETE|WRITE_DAC|WRITE_OWNER|QUERY|MAP_WRITE|MAP_READ
ReetFPS.exe,15040,DESKTOP-M4PIKSF\dani,0x00004954,Section,,,READ_CONTROL|DELETE|WRITE_DAC|WRITE_OWNER|QUERY|MAP_WRITE|MAP_READ
ReetFPS.exe,15040,DESKTOP-M4PIKSF\dani,0x00004958,Section,,,READ_CONTROL|DELETE|WRITE_DAC|WRITE_OWNER|QUERY|MAP_WRITE|MAP_READ
ReetFPS.exe,15040,DESKTOP-M4PIKSF\dani,0x0000495C,Section,,,READ_CONTROL|DELETE|WRITE_DAC|WRITE_OWNER|QUERY|MAP_WRITE|MAP_READ
ReetFPS.exe,15040,DESKTOP-M4PIKSF\dani,0x00004960,Section,,,READ_CONTROL|DELETE|WRITE_DAC|WRITE_OWNER|QUERY|MAP_WRITE|MAP_READ
ReetFPS.exe,15040,DESKTOP-M4PIKSF\dani,0x00004964,Section,,,READ_CONTROL|DELETE|WRITE_DAC|WRITE_OWNER|QUERY|MAP_WRITE|MAP_READ
ReetFPS.exe,15040,DESKTOP-M4PIKSF\dani,0x00004968,Section,,,READ_CONTROL|DELETE|WRITE_DAC|WRITE_OWNER|QUERY|MAP_WRITE|MAP_READ
ReetFPS.exe,15040,DESKTOP-M4PIKSF\dani,0x0000496C,Section,,,READ_CONTROL|DELETE|WRITE_DAC|WRITE_OWNER|QUERY|MAP_WRITE|MAP_READ
ReetFPS.exe,15040,DESKTOP-M4PIKSF\dani,0x00004970,Section,,,READ_CONTROL|DELETE|WRITE_DAC|WRITE_OWNER|QUERY|MAP_WRITE|MAP_READ
ReetFPS.exe,15040,DESKTOP-M4PIKSF\dani,0x00004974,Section,,,READ_CONTROL|DELETE|WRITE_DAC|WRITE_OWNER|QUERY|MAP_WRITE|MAP_READ
ReetFPS.exe,15040,DESKTOP-M4PIKSF\dani,0x00004978,Section,,,READ_CONTROL|DELETE|WRITE_DAC|WRITE_OWNER|QUERY|MAP_WRITE|MAP_READ
ReetFPS.exe,15040,DESKTOP-M4PIKSF\dani,0x0000497C,Section,,,READ_CONTROL|DELETE|WRITE_DAC|WRITE_OWNER|QUERY|MAP_WRITE|MAP_READ
ReetFPS.exe,15040,DESKTOP-M4PIKSF\dani,0x00004980,Section,,,READ_CONTROL|DELETE|WRITE_DAC|WRITE_OWNER|QUERY|MAP_WRITE|MAP_READ
ReetFPS.exe,15040,DESKTOP-M4PIKSF\dani,0x00004984,Section,,,READ_CONTROL|DELETE|WRITE_DAC|WRITE_OWNER|QUERY|MAP_WRITE|MAP_READ
ReetFPS.exe,15040,DESKTOP-M4PIKSF\dani,0x00004988,Section,,,READ_CONTROL|DELETE|WRITE_DAC|WRITE_OWNER|QUERY|MAP_WRITE|MAP_READ
ReetFPS.exe,15040,DESKTOP-M4PIKSF\dani,0x0000498C,Section,,,READ_CONTROL|DELETE|WRITE_DAC|WRITE_OWNER|QUERY|MAP_WRITE|MAP_READ
ReetFPS.exe,15040,DESKTOP-M4PIKSF\dani,0x00004990,Section,,,READ_CONTROL|DELETE|WRITE_DAC|WRITE_OWNER|QUERY|MAP_WRITE|MAP_READ
ReetFPS.exe,15040,DESKTOP-M4PIKSF\dani,0x00004994,Section,,,READ_CONTROL|DELETE|WRITE_DAC|WRITE_OWNER|QUERY|MAP_WRITE|MAP_READ
ReetFPS.exe,15040,DESKTOP-M4PIKSF\dani,0x00004998,Section,,,READ_CONTROL|DELETE|WRITE_DAC|WRITE_OWNER|QUERY|MAP_WRITE|MAP_READ
ReetFPS.exe,15040,DESKTOP-M4PIKSF\dani,0x0000499C,Section,,,READ_CONTROL|DELETE|WRITE_DAC|WRITE_OWNER|QUERY|MAP_WRITE|MAP_READ
ReetFPS.exe,15040,DESKTOP-M4PIKSF\dani,0x000049A0,Section,,,READ_CONTROL|DELETE|WRITE_DAC|WRITE_OWNER|QUERY|MAP_WRITE|MAP_READ
ReetFPS.exe,15040,DESKTOP-M4PIKSF\dani,0x000049A4,Section,,,READ_CONTROL|DELETE|WRITE_DAC|WRITE_OWNER|QUERY|MAP_WRITE|MAP_READ
ReetFPS.exe,15040,DESKTOP-M4PIKSF\dani,0x000049A8,Section,,,READ_CONTROL|DELETE|WRITE_DAC|WRITE_OWNER|QUERY|MAP_WRITE|MAP_READ
ReetFPS.exe,15040,DESKTOP-M4PIKSF\dani,0x000049AC,Section,,,READ_CONTROL|DELETE|WRITE_DAC|WRITE_OWNER|QUERY|MAP_WRITE|MAP_READ
ReetFPS.exe,15040,DESKTOP-M4PIKSF\dani,0x000049B0,Section,,,READ_CONTROL|DELETE|WRITE_DAC|WRITE_OWNER|QUERY|MAP_WRITE|MAP_READ
ReetFPS.exe,15040,DESKTOP-M4PIKSF\dani,0x000049B4,Section,,,READ_CONTROL|DELETE|WRITE_DAC|WRITE_OWNER|QUERY|MAP_WRITE|MAP_READ
ReetFPS.exe,15040,DESKTOP-M4PIKSF\dani,0x000049B8,Section,,,READ_CONTROL|DELETE|WRITE_DAC|WRITE_OWNER|QUERY|MAP_WRITE|MAP_READ
ReetFPS.exe,15040,DESKTOP-M4PIKSF\dani,0x000049BC,Section,,,READ_CONTROL|DELETE|WRITE_DAC|WRITE_OWNER|QUERY|MAP_WRITE|MAP_READ
ReetFPS.exe,15040,DESKTOP-M4PIKSF\dani,0x000049C0,Section,,,READ_CONTROL|DELETE|WRITE_DAC|WRITE_OWNER|QUERY|MAP_WRITE|MAP_READ
ReetFPS.exe,15040,DESKTOP-M4PIKSF\dani,0x000049C4,Section,,,READ_CONTROL|DELETE|WRITE_DAC|WRITE_OWNER|QUERY|MAP_WRITE|MAP_READ
ReetFPS.exe,15040,DESKTOP-M4PIKSF\dani,0x000049C8,Section,,,READ_CONTROL|DELETE|WRITE_DAC|WRITE_OWNER|QUERY|MAP_WRITE|MAP_READ
ReetFPS.exe,15040,DESKTOP-M4PIKSF\dani,0x000049CC,Section,,,READ_CONTROL|DELETE|WRITE_DAC|WRITE_OWNER|QUERY|MAP_WRITE|MAP_READ
ReetFPS.exe,15040,DESKTOP-M4PIKSF\dani,0x000049D0,Section,,,READ_CONTROL|DELETE|WRITE_DAC|WRITE_OWNER|QUERY|MAP_WRITE|MAP_READ
ReetFPS.exe,15040,DESKTOP-M4PIKSF\dani,0x000049D4,Section,,,READ_CONTROL|DELETE|WRITE_DAC|WRITE_OWNER|QUERY|MAP_WRITE|MAP_READ
ReetFPS.exe,15040,DESKTOP-M4PIKSF\dani,0x000049D8,Section,,,READ_CONTROL|DELETE|WRITE_DAC|WRITE_OWNER|QUERY|MAP_WRITE|MAP_READ
ReetFPS.exe,15040,DESKTOP-M4PIKSF\dani,0x000049DC,Section,,,READ_CONTROL|DELETE|WRITE_DAC|WRITE_OWNER|QUERY|MAP_WRITE|MAP_READ
ReetFPS.exe,15040,DESKTOP-M4PIKSF\dani,0x000049E0,Section,,,READ_CONTROL|DELETE|WRITE_DAC|WRITE_OWNER|QUERY|MAP_WRITE|MAP_READ
ReetFPS.exe,15040,DESKTOP-M4PIKSF\dani,0x000049E4,Section,,,READ_CONTROL|DELETE|WRITE_DAC|WRITE_OWNER|QUERY|MAP_WRITE|MAP_READ
ReetFPS.exe,15040,DESKTOP-M4PIKSF\dani,0x000049E8,Section,,,READ_CONTROL|DELETE|WRITE_DAC|WRITE_OWNER|QUERY|MAP_WRITE|MAP_READ
ReetFPS.exe,15040,DESKTOP-M4PIKSF\dani,0x000049EC,Section,,,READ_CONTROL|DELETE|WRITE_DAC|WRITE_OWNER|QUERY|MAP_WRITE|MAP_READ
ReetFPS.exe,15040,DESKTOP-M4PIKSF\dani,0x000049F0,Section,,,READ_CONTROL|DELETE|WRITE_DAC|WRITE_OWNER|QUERY|MAP_WRITE|MAP_READ
ReetFPS.exe,15040,DESKTOP-M4PIKSF\dani,0x000049F4,Section,,,READ_CONTROL|DELETE|WRITE_DAC|WRITE_OWNER|QUERY|MAP_WRITE|MAP_READ
ReetFPS.exe,15040,DESKTOP-M4PIKSF\dani,0x000049F8,Section,,,READ_CONTROL|DELETE|WRITE_DAC|WRITE_OWNER|QUERY|MAP_WRITE|MAP_READ
ReetFPS.exe,15040,DESKTOP-M4PIKSF\dani,0x000049FC,Section,,,READ_CONTROL|DELETE|WRITE_DAC|WRITE_OWNER|QUERY|MAP_WRITE|MAP_READ
ReetFPS.exe,15040,DESKTOP-M4PIKSF\dani,0x00004A00,Section,,,READ_CONTROL|DELETE|WRITE_DAC|WRITE_OWNER|QUERY|MAP_WRITE|MAP_READ
ReetFPS.exe,15040,DESKTOP-M4PIKSF\dani,0x00004A04,Section,,,READ_CONTROL|DELETE|WRITE_DAC|WRITE_OWNER|QUERY|MAP_WRITE|MAP_READ
ReetFPS.exe,15040,DESKTOP-M4PIKSF\dani,0x00004A08,Section,,,READ_CONTROL|DELETE|WRITE_DAC|WRITE_OWNER|QUERY|MAP_WRITE|MAP_READ
ReetFPS.exe,15040,DESKTOP-M4PIKSF\dani,0x00004A0C,Section,,,READ_CONTROL|DELETE|WRITE_DAC|WRITE_OWNER|QUERY|MAP_WRITE|MAP_READ
ReetFPS.exe,15040,DESKTOP-M4PIKSF\dani,0x00004A10,Section,,,READ_CONTROL|DELETE|WRITE_DAC|WRITE_OWNER|QUERY|MAP_WRITE|MAP_READ
ReetFPS.exe,15040,DESKTOP-M4PIKSF\dani,0x00004A14,Section,,,READ_CONTROL|DELETE|WRITE_DAC|WRITE_OWNER|QUERY|MAP_WRITE|MAP_READ
ReetFPS.exe,15040,DESKTOP-M4PIKSF\dani,0x00004A18,Section,,,READ_CONTROL|DELETE|WRITE_DAC|WRITE_OWNER|QUERY|MAP_WRITE|MAP_READ
ReetFPS.exe,15040,DESKTOP-M4PIKSF\dani,0x00004A1C,Section,,,READ_CONTROL|DELETE|WRITE_DAC|WRITE_OWNER|QUERY|MAP_WRITE|MAP_READ
ReetFPS.exe,15040,DESKTOP-M4PIKSF\dani,0x00004A20,Section,,,READ_CONTROL|DELETE|WRITE_DAC|WRITE_OWNER|QUERY|MAP_WRITE|MAP_READ
ReetFPS.exe,15040,DESKTOP-M4PIKSF\dani,0x00004A24,Section,,,READ_CONTROL|DELETE|WRITE_DAC|WRITE_OWNER|QUERY|MAP_WRITE|MAP_READ
ReetFPS.exe,15040,DESKTOP-M4PIKSF\dani,0x00004A28,Section,,,READ_CONTROL|DELETE|WRITE_DAC|WRITE_OWNER|QUERY|MAP_WRITE|MAP_READ
ReetFPS.exe,15040,DESKTOP-M4PIKSF\dani,0x00004A2C,Section,,,READ_CONTROL|DELETE|WRITE_DAC|WRITE_OWNER|QUERY|MAP_WRITE|MAP_READ
ReetFPS.exe,15040,DESKTOP-M4PIKSF\dani,0x00004A30,Section,,,READ_CONTROL|DELETE|WRITE_DAC|WRITE_OWNER|QUERY|MAP_WRITE|MAP_READ
ReetFPS.exe,15040,DESKTOP-M4PIKSF\dani,0x00004A34,Section,,,READ_CONTROL|DELETE|WRITE_DAC|WRITE_OWNER|QUERY|MAP_WRITE|MAP_READ
ReetFPS.exe,15040,DESKTOP-M4PIKSF\dani,0x00004A38,Section,,,READ_CONTROL|DELETE|WRITE_DAC|WRITE_OWNER|QUERY|MAP_WRITE|MAP_READ
ReetFPS.exe,15040,DESKTOP-M4PIKSF\dani,0x00004A3C,Section,,,READ_CONTROL|DELETE|WRITE_DAC|WRITE_OWNER|QUERY|MAP_WRITE|MAP_READ
ReetFPS.exe,15040,DESKTOP-M4PIKSF\dani,0x00004A40,Section,,,READ_CONTROL|DELETE|WRITE_DAC|WRITE_OWNER|QUERY|MAP_WRITE|MAP_READ
ReetFPS.exe,15040,DESKTOP-M4PIKSF\dani,0x00004A44,Section,,,READ_CONTROL|DELETE|WRITE_DAC|WRITE_OWNER|QUERY|MAP_WRITE|MAP_READ
ReetFPS.exe,15040,DESKTOP-M4PIKSF\dani,0x00004A48,Section,,,READ_CONTROL|DELETE|WRITE_DAC|WRITE_OWNER|QUERY|MAP_WRITE|MAP_READ
ReetFPS.exe,15040,DESKTOP-M4PIKSF\dani,0x00004A4C,Section,,,READ_CONTROL|DELETE|WRITE_DAC|WRITE_OWNER|QUERY|MAP_WRITE|MAP_READ
ReetFPS.exe,15040,DESKTOP-M4PIKSF\dani,0x00004A50,Section,,,READ_CONTROL|DELETE|WRITE_DAC|WRITE_OWNER|QUERY|MAP_WRITE|MAP_READ
ReetFPS.exe,15040,DESKTOP-M4PIKSF\dani,0x00004A54,Section,,,READ_CONTROL|DELETE|WRITE_DAC|WRITE_OWNER|QUERY|MAP_WRITE|MAP_READ
ReetFPS.exe,15040,DESKTOP-M4PIKSF\dani,0x00004A58,Section,,,READ_CONTROL|DELETE|WRITE_DAC|WRITE_OWNER|QUERY|MAP_WRITE|MAP_READ
ReetFPS.exe,15040,DESKTOP-M4PIKSF\dani,0x00004A5C,Section,,,READ_CONTROL|DELETE|WRITE_DAC|WRITE_OWNER|QUERY|MAP_WRITE|MAP_READ
ReetFPS.exe,15040,DESKTOP-M4PIKSF\dani,0x00004A60,Section,,,READ_CONTROL|DELETE|WRITE_DAC|WRITE_OWNER|QUERY|MAP_WRITE|MAP_READ
ReetFPS.exe,15040,DESKTOP-M4PIKSF\dani,0x00004A64,Section,,,READ_CONTROL|DELETE|WRITE_DAC|WRITE_OWNER|QUERY|MAP_WRITE|MAP_READ
ReetFPS.exe,15040,DESKTOP-M4PIKSF\dani,0x00004A68,Section,,,READ_CONTROL|DELETE|WRITE_DAC|WRITE_OWNER|QUERY|MAP_WRITE|MAP_READ
ReetFPS.exe,15040,DESKTOP-M4PIKSF\dani,0x00004A6C,Section,,,READ_CONTROL|DELETE|WRITE_DAC|WRITE_OWNER|QUERY|MAP_WRITE|MAP_READ
ReetFPS.exe,15040,DESKTOP-M4PIKSF\dani,0x00004A70,Section,,,READ_CONTROL|DELETE|WRITE_DAC|WRITE_OWNER|QUERY|MAP_WRITE|MAP_READ
ReetFPS.exe,15040,DESKTOP-M4PIKSF\dani,0x00004A74,Section,,,READ_CONTROL|DELETE|WRITE_DAC|WRITE_OWNER|QUERY|MAP_WRITE|MAP_READ
ReetFPS.exe,15040,DESKTOP-M4PIKSF\dani,0x00004A78,Section,,,READ_CONTROL|DELETE|WRITE_DAC|WRITE_OWNER|QUERY|MAP_WRITE|MAP_READ
ReetFPS.exe,15040,DESKTOP-M4PIKSF\dani,0x00004A7C,Section,,,READ_CONTROL|DELETE|WRITE_DAC|WRITE_OWNER|QUERY|MAP_WRITE|MAP_READ
ReetFPS.exe,15040,DESKTOP-M4PIKSF\dani,0x00004A80,Section,,,READ_CONTROL|DELETE|WRITE_DAC|WRITE_OWNER|QUERY|MAP_WRITE|MAP_READ
ReetFPS.exe,15040,DESKTOP-M4PIKSF\dani,0x00004A84,Section,,,READ_CONTROL|DELETE|WRITE_DAC|WRITE_OWNER|QUERY|MAP_WRITE|MAP_READ
ReetFPS.exe,15040,DESKTOP-M4PIKSF\dani,0x00004A88,Section,,,READ_CONTROL|DELETE|WRITE_DAC|WRITE_OWNER|QUERY|MAP_WRITE|MAP_READ
ReetFPS.exe,15040,DESKTOP-M4PIKSF\dani,0x00004A8C,Section,,,READ_CONTROL|DELETE|WRITE_DAC|WRITE_OWNER|QUERY|MAP_WRITE|MAP_READ
ReetFPS.exe,15040,DESKTOP-M4PIKSF\dani,0x00004A90,Section,,,READ_CONTROL|DELETE|WRITE_DAC|WRITE_OWNER|QUERY|MAP_WRITE|MAP_READ
ReetFPS.exe,15040,DESKTOP-M4PIKSF\dani,0x00004A94,Section,,,READ_CONTROL|DELETE|WRITE_DAC|WRITE_OWNER|QUERY|MAP_WRITE|MAP_READ
ReetFPS.exe,15040,DESKTOP-M4PIKSF\dani,0x00004A98,Section,,,READ_CONTROL|DELETE|WRITE_DAC|WRITE_OWNER|QUERY|MAP_WRITE|MAP_READ
ReetFPS.exe,15040,DESKTOP-M4PIKSF\dani,0x00004A9C,Section,,,READ_CONTROL|DELETE|WRITE_DAC|WRITE_OWNER|QUERY|MAP_WRITE|MAP_READ
ReetFPS.exe,15040,DESKTOP-M4PIKSF\dani,0x00004AA0,Section,,,READ_CONTROL|DELETE|WRITE_DAC|WRITE_OWNER|QUERY|MAP_WRITE|MAP_READ
ReetFPS.exe,15040,DESKTOP-M4PIKSF\dani,0x00004AA4,Section,,,READ_CONTROL|DELETE|WRITE_DAC|WRITE_OWNER|QUERY|MAP_WRITE|MAP_READ
ReetFPS.exe,15040,DESKTOP-M4PIKSF\dani,0x00004AA8,Section,,,READ_CONTROL|DELETE|WRITE_DAC|WRITE_OWNER|QUERY|MAP_WRITE|MAP_READ
ReetFPS.exe,15040,DESKTOP-M4PIKSF\dani,0x00004AAC,Section,,,READ_CONTROL|DELETE|WRITE_DAC|WRITE_OWNER|QUERY|MAP_WRITE|MAP_READ
ReetFPS.exe,15040,DESKTOP-M4PIKSF\dani,0x00004AB0,Section,,,READ_CONTROL|DELETE|WRITE_DAC|WRITE_OWNER|QUERY|MAP_WRITE|MAP_READ
ReetFPS.exe,15040,DESKTOP-M4PIKSF\dani,0x00004AB4,Section,,,READ_CONTROL|DELETE|WRITE_DAC|WRITE_OWNER|QUERY|MAP_WRITE|MAP_READ
ReetFPS.exe,15040,DESKTOP-M4PIKSF\dani,0x00004AB8,Section,,,READ_CONTROL|DELETE|WRITE_DAC|WRITE_OWNER|QUERY|MAP_WRITE|MAP_READ
ReetFPS.exe,15040,DESKTOP-M4PIKSF\dani,0x00004ABC,Section,,,READ_CONTROL|DELETE|WRITE_DAC|WRITE_OWNER|QUERY|MAP_WRITE|MAP_READ
ReetFPS.exe,15040,DESKTOP-M4PIKSF\dani,0x00004AC0,Section,,,READ_CONTROL|DELETE|WRITE_DAC|WRITE_OWNER|QUERY|MAP_WRITE|MAP_READ
ReetFPS.exe,15040,DESKTOP-M4PIKSF\dani,0x00004AC4,Section,,,READ_CONTROL|DELETE|WRITE_DAC|WRITE_OWNER|QUERY|MAP_WRITE|MAP_READ
ReetFPS.exe,15040,DESKTOP-M4PIKSF\dani,0x00004AC8,Section,,,READ_CONTROL|DELETE|WRITE_DAC|WRITE_OWNER|QUERY|MAP_WRITE|MAP_READ
ReetFPS.exe,15040,DESKTOP-M4PIKSF\dani,0x00004ACC,Section,,,READ_CONTROL|DELETE|WRITE_DAC|WRITE_OWNER|QUERY|MAP_WRITE|MAP_READ
ReetFPS.exe,15040,DESKTOP-M4PIKSF\dani,0x00004AD0,Section,,,READ_CONTROL|DELETE|WRITE_DAC|WRITE_OWNER|QUERY|MAP_WRITE|MAP_READ
ReetFPS.exe,15040,DESKTOP-M4PIKSF\dani,0x00004AD4,Section,,,READ_CONTROL|DELETE|WRITE_DAC|WRITE_OWNER|QUERY|MAP_WRITE|MAP_READ
ReetFPS.exe,15040,DESKTOP-M4PIKSF\dani,0x00004AD8,Section,,,READ_CONTROL|DELETE|WRITE_DAC|WRITE_OWNER|QUERY|MAP_WRITE|MAP_READ
ReetFPS.exe,15040,DESKTOP-M4PIKSF\dani,0x00004ADC,Section,,,READ_CONTROL|DELETE|WRITE_DAC|WRITE_OWNER|QUERY|MAP_WRITE|MAP_READ
ReetFPS.exe,15040,DESKTOP-M4PIKSF\dani,0x00004AE0,Section,,,READ_CONTROL|DELETE|WRITE_DAC|WRITE_OWNER|QUERY|MAP_WRITE|MAP_READ
ReetFPS.exe,15040,DESKTOP-M4PIKSF\dani,0x00004AE4,Section,,,READ_CONTROL|DELETE|WRITE_DAC|WRITE_OWNER|QUERY|MAP_WRITE|MAP_READ
ReetFPS.exe,15040,DESKTOP-M4PIKSF\dani,0x00004AE8,Section,,,READ_CONTROL|DELETE|WRITE_DAC|WRITE_OWNER|QUERY|MAP_WRITE|MAP_READ
ReetFPS.exe,15040,DESKTOP-M4PIKSF\dani,0x00004AEC,Section,,,READ_CONTROL|DELETE|WRITE_DAC|WRITE_OWNER|QUERY|MAP_WRITE|MAP_READ
ReetFPS.exe,15040,DESKTOP-M4PIKSF\dani,0x00004AF0,Section,,,READ_CONTROL|DELETE|WRITE_DAC|WRITE_OWNER|QUERY|MAP_WRITE|MAP_READ
ReetFPS.exe,15040,DESKTOP-M4PIKSF\dani,0x00004AF4,Section,,,READ_CONTROL|DELETE|WRITE_DAC|WRITE_OWNER|QUERY|MAP_WRITE|MAP_READ
ReetFPS.exe,15040,DESKTOP-M4PIKSF\dani,0x00004AF8,Section,,,READ_CONTROL|DELETE|WRITE_DAC|WRITE_OWNER|QUERY|MAP_WRITE|MAP_READ
ReetFPS.exe,15040,DESKTOP-M4PIKSF\dani,0x00004AFC,Section,,,READ_CONTROL|DELETE|WRITE_DAC|WRITE_OWNER|QUERY|MAP_WRITE|MAP_READ
ReetFPS.exe,15040,DESKTOP-M4PIKSF\dani,0x00004B00,Section,,,READ_CONTROL|DELETE|WRITE_DAC|WRITE_OWNER|QUERY|MAP_WRITE|MAP_READ
ReetFPS.exe,15040,DESKTOP-M4PIKSF\dani,0x00004B04,Section,,,READ_CONTROL|DELETE|WRITE_DAC|WRITE_OWNER|QUERY|MAP_WRITE|MAP_READ
ReetFPS.exe,15040,DESKTOP-M4PIKSF\dani,0x00004B08,Section,,,READ_CONTROL|DELETE|WRITE_DAC|WRITE_OWNER|QUERY|MAP_WRITE|MAP_READ
ReetFPS.exe,15040,DESKTOP-M4PIKSF\dani,0x00004B0C,Section,,,READ_CONTROL|DELETE|WRITE_DAC|WRITE_OWNER|QUERY|MAP_WRITE|MAP_READ
ReetFPS.exe,15040,DESKTOP-M4PIKSF\dani,0x00004B10,Section,,,READ_CONTROL|DELETE|WRITE_DAC|WRITE_OWNER|QUERY|MAP_WRITE|MAP_READ
ReetFPS.exe,15040,DESKTOP-M4PIKSF\dani,0x00004B14,Section,,,READ_CONTROL|DELETE|WRITE_DAC|WRITE_OWNER|QUERY|MAP_WRITE|MAP_READ
ReetFPS.exe,15040,DESKTOP-M4PIKSF\dani,0x00004B18,Section,,,READ_CONTROL|DELETE|WRITE_DAC|WRITE_OWNER|QUERY|MAP_WRITE|MAP_READ
ReetFPS.exe,15040,DESKTOP-M4PIKSF\dani,0x00004B1C,Section,,,READ_CONTROL|DELETE|WRITE_DAC|WRITE_OWNER|QUERY|MAP_WRITE|MAP_READ
ReetFPS.exe,15040,DESKTOP-M4PIKSF\dani,0x00004B20,Section,,,READ_CONTROL|DELETE|WRITE_DAC|WRITE_OWNER|QUERY|MAP_WRITE|MAP_READ
ReetFPS.exe,15040,DESKTOP-M4PIKSF\dani,0x00004B24,Section,,,READ_CONTROL|DELETE|WRITE_DAC|WRITE_OWNER|QUERY|MAP_WRITE|MAP_READ
ReetFPS.exe,15040,DESKTOP-M4PIKSF\dani,0x00004B28,Section,,,READ_CONTROL|DELETE|WRITE_DAC|WRITE_OWNER|QUERY|MAP_WRITE|MAP_READ
ReetFPS.exe,15040,DESKTOP-M4PIKSF\dani,0x00004B2C,Section,,,READ_CONTROL|DELETE|WRITE_DAC|WRITE_OWNER|QUERY|MAP_WRITE|MAP_READ
ReetFPS.exe,15040,DESKTOP-M4PIKSF\dani,0x00004B30,Section,,,READ_CONTROL|DELETE|WRITE_DAC|WRITE_OWNER|QUERY|MAP_WRITE|MAP_READ
ReetFPS.exe,15040,DESKTOP-M4PIKSF\dani,0x00004B34,Section,,,READ_CONTROL|DELETE|WRITE_DAC|WRITE_OWNER|QUERY|MAP_WRITE|MAP_READ
ReetFPS.exe,15040,DESKTOP-M4PIKSF\dani,0x00004B38,Section,,,READ_CONTROL|DELETE|WRITE_DAC|WRITE_OWNER|QUERY|MAP_WRITE|MAP_READ
ReetFPS.exe,15040,DESKTOP-M4PIKSF\dani,0x00004B3C,Section,,,READ_CONTROL|DELETE|WRITE_DAC|WRITE_OWNER|QUERY|MAP_WRITE|MAP_READ
ReetFPS.exe,15040,DESKTOP-M4PIKSF\dani,0x00004B40,Section,,,READ_CONTROL|DELETE|WRITE_DAC|WRITE_OWNER|QUERY|MAP_WRITE|MAP_READ
ReetFPS.exe,15040,DESKTOP-M4PIKSF\dani,0x00004B44,Section,,,READ_CONTROL|DELETE|WRITE_DAC|WRITE_OWNER|QUERY|MAP_WRITE|MAP_READ
ReetFPS.exe,15040,DESKTOP-M4PIKSF\dani,0x00004B48,Section,,,READ_CONTROL|DELETE|WRITE_DAC|WRITE_OWNER|QUERY|MAP_WRITE|MAP_READ
ReetFPS.exe,15040,DESKTOP-M4PIKSF\dani,0x00004B4C,Section,,,READ_CONTROL|DELETE|WRITE_DAC|WRITE_OWNER|QUERY|MAP_WRITE|MAP_READ
ReetFPS.exe,15040,DESKTOP-M4PIKSF\dani,0x00004B50,Section,,,READ_CONTROL|DELETE|WRITE_DAC|WRITE_OWNER|QUERY|MAP_WRITE|MAP_READ
ReetFPS.exe,15040,DESKTOP-M4PIKSF\dani,0x00004B54,Section,,,READ_CONTROL|DELETE|WRITE_DAC|WRITE_OWNER|QUERY|MAP_WRITE|MAP_READ
ReetFPS.exe,15040,DESKTOP-M4PIKSF\dani,0x00004B58,Section,,,READ_CONTROL|DELETE|WRITE_DAC|WRITE_OWNER|QUERY|MAP_WRITE|MAP_READ
ReetFPS.exe,15040,DESKTOP-M4PIKSF\dani,0x00004B5C,Section,,,READ_CONTROL|DELETE|WRITE_DAC|WRITE_OWNER|QUERY|MAP_WRITE|MAP_READ
ReetFPS.exe,15040,DESKTOP-M4PIKSF\dani,0x00004B60,Section,,,READ_CONTROL|DELETE|WRITE_DAC|WRITE_OWNER|QUERY|MAP_WRITE|MAP_READ
ReetFPS.exe,15040,DESKTOP-M4PIKSF\dani,0x00004B64,Section,,,READ_CONTROL|DELETE|WRITE_DAC|WRITE_OWNER|QUERY|MAP_WRITE|MAP_READ
ReetFPS.exe,15040,DESKTOP-M4PIKSF\dani,0x00004B68,Section,,,READ_CONTROL|DELETE|WRITE_DAC|WRITE_OWNER|QUERY|MAP_WRITE|MAP_READ
ReetFPS.exe,15040,DESKTOP-M4PIKSF\dani,0x00004B6C,Section,,,READ_CONTROL|DELETE|WRITE_DAC|WRITE_OWNER|QUERY|MAP_WRITE|MAP_READ
ReetFPS.exe,15040,DESKTOP-M4PIKSF\dani,0x00004B70,Section,,,READ_CONTROL|DELETE|WRITE_DAC|WRITE_OWNER|QUERY|MAP_WRITE|MAP_READ
ReetFPS.exe,15040,DESKTOP-M4PIKSF\dani,0x00004B74,Section,,,READ_CONTROL|DELETE|WRITE_DAC|WRITE_OWNER|QUERY|MAP_WRITE|MAP_READ
ReetFPS.exe,15040,DESKTOP-M4PIKSF\dani,0x00004B78,Section,,,READ_CONTROL|DELETE|WRITE_DAC|WRITE_OWNER|QUERY|MAP_WRITE|MAP_READ
ReetFPS.exe,15040,DESKTOP-M4PIKSF\dani,0x00004B7C,Section,,,READ_CONTROL|DELETE|WRITE_DAC|WRITE_OWNER|QUERY|MAP_WRITE|MAP_READ
ReetFPS.exe,15040,DESKTOP-M4PIKSF\dani,0x00004B80,Section,,,READ_CONTROL|DELETE|WRITE_DAC|WRITE_OWNER|QUERY|MAP_WRITE|MAP_READ
ReetFPS.exe,15040,DESKTOP-M4PIKSF\dani,0x00004B84,Section,,,READ_CONTROL|DELETE|WRITE_DAC|WRITE_OWNER|QUERY|MAP_WRITE|MAP_READ
ReetFPS.exe,15040,DESKTOP-M4PIKSF\dani,0x00004B88,Section,,,READ_CONTROL|DELETE|WRITE_DAC|WRITE_OWNER|QUERY|MAP_WRITE|MAP_READ
ReetFPS.exe,15040,DESKTOP-M4PIKSF\dani,0x00004B8C,Section,,,READ_CONTROL|DELETE|WRITE_DAC|WRITE_OWNER|QUERY|MAP_WRITE|MAP_READ
ReetFPS.exe,15040,DESKTOP-M4PIKSF\dani,0x00004B90,Section,,,READ_CONTROL|DELETE|WRITE_DAC|WRITE_OWNER|QUERY|MAP_WRITE|MAP_READ
ReetFPS.exe,15040,DESKTOP-M4PIKSF\dani,0x00004B94,Section,,,READ_CONTROL|DELETE|WRITE_DAC|WRITE_OWNER|QUERY|MAP_WRITE|MAP_READ
ReetFPS.exe,15040,DESKTOP-M4PIKSF\dani,0x00004B98,Section,,,READ_CONTROL|DELETE|WRITE_DAC|WRITE_OWNER|QUERY|MAP_WRITE|MAP_READ
ReetFPS.exe,15040,DESKTOP-M4PIKSF\dani,0x00004B9C,Section,,,READ_CONTROL|DELETE|WRITE_DAC|WRITE_OWNER|QUERY|MAP_WRITE|MAP_READ
ReetFPS.exe,15040,DESKTOP-M4PIKSF\dani,0x00004BA0,Section,,,READ_CONTROL|DELETE|WRITE_DAC|WRITE_OWNER|QUERY|MAP_WRITE|MAP_READ
ReetFPS.exe,15040,DESKTOP-M4PIKSF\dani,0x00004BA4,Section,,,READ_CONTROL|DELETE|WRITE_DAC|WRITE_OWNER|QUERY|MAP_WRITE|MAP_READ
ReetFPS.exe,15040,DESKTOP-M4PIKSF\dani,0x00004BA8,Section,,,READ_CONTROL|DELETE|WRITE_DAC|WRITE_OWNER|QUERY|MAP_WRITE|MAP_READ
ReetFPS.exe,15040,DESKTOP-M4PIKSF\dani,0x00004BAC,Section,,,READ_CONTROL|DELETE|WRITE_DAC|WRITE_OWNER|QUERY|MAP_WRITE|MAP_READ
ReetFPS.exe,15040,DESKTOP-M4PIKSF\dani,0x00004BB0,Section,,,READ_CONTROL|DELETE|WRITE_DAC|WRITE_OWNER|QUERY|MAP_WRITE|MAP_READ
ReetFPS.exe,15040,DESKTOP-M4PIKSF\dani,0x00004BB4,Section,,,READ_CONTROL|DELETE|WRITE_DAC|WRITE_OWNER|QUERY|MAP_WRITE|MAP_READ
ReetFPS.exe,15040,DESKTOP-M4PIKSF\dani,0x00004BB8,Section,,,READ_CONTROL|DELETE|WRITE_DAC|WRITE_OWNER|QUERY|MAP_WRITE|MAP_READ
ReetFPS.exe,15040,DESKTOP-M4PIKSF\dani,0x00004BBC,Section,,,READ_CONTROL|DELETE|WRITE_DAC|WRITE_OWNER|QUERY|MAP_WRITE|MAP_READ
ReetFPS.exe,15040,DESKTOP-M4PIKSF\dani,0x00004BC0,Section,,,READ_CONTROL|DELETE|WRITE_DAC|WRITE_OWNER|QUERY|MAP_WRITE|MAP_READ
ReetFPS.exe,15040,DESKTOP-M4PIKSF\dani,0x00004BC4,Section,,,READ_CONTROL|DELETE|WRITE_DAC|WRITE_OWNER|QUERY|MAP_WRITE|MAP_READ
ReetFPS.exe,15040,DESKTOP-M4PIKSF\dani,0x00004BC8,Section,,,READ_CONTROL|DELETE|WRITE_DAC|WRITE_OWNER|QUERY|MAP_WRITE|MAP_READ
ReetFPS.exe,15040,DESKTOP-M4PIKSF\dani,0x00004BCC,Section,,,READ_CONTROL|DELETE|WRITE_DAC|WRITE_OWNER|QUERY|MAP_WRITE|MAP_READ
ReetFPS.exe,15040,DESKTOP-M4PIKSF\dani,0x00004BD0,Section,,,READ_CONTROL|DELETE|WRITE_DAC|WRITE_OWNER|QUERY|MAP_WRITE|MAP_READ
ReetFPS.exe,15040,DESKTOP-M4PIKSF\dani,0x00004BD4,Section,,,READ_CONTROL|DELETE|WRITE_DAC|WRITE_OWNER|QUERY|MAP_WRITE|MAP_READ
ReetFPS.exe,15040,DESKTOP-M4PIKSF\dani,0x00004BD8,Section,,,READ_CONTROL|DELETE|WRITE_DAC|WRITE_OWNER|QUERY|MAP_WRITE|MAP_READ
ReetFPS.exe,15040,DESKTOP-M4PIKSF\dani,0x00004BDC,Section,,,READ_CONTROL|DELETE|WRITE_DAC|WRITE_OWNER|QUERY|MAP_WRITE|MAP_READ
ReetFPS.exe,15040,DESKTOP-M4PIKSF\dani,0x00004BE0,Section,,,READ_CONTROL|DELETE|WRITE_DAC|WRITE_OWNER|QUERY|MAP_WRITE|MAP_READ
ReetFPS.exe,15040,DESKTOP-M4PIKSF\dani,0x00004BE4,Section,,,READ_CONTROL|DELETE|WRITE_DAC|WRITE_OWNER|QUERY|MAP_WRITE|MAP_READ
ReetFPS.exe,15040,DESKTOP-M4PIKSF\dani,0x00004BE8,Section,,,READ_CONTROL|DELETE|WRITE_DAC|WRITE_OWNER|QUERY|MAP_WRITE|MAP_READ
ReetFPS.exe,15040,DESKTOP-M4PIKSF\dani,0x00004BEC,Section,,,READ_CONTROL|DELETE|WRITE_DAC|WRITE_OWNER|QUERY|MAP_WRITE|MAP_READ
ReetFPS.exe,15040,DESKTOP-M4PIKSF\dani,0x00004BF0,Section,,,READ_CONTROL|DELETE|WRITE_DAC|WRITE_OWNER|QUERY|MAP_WRITE|MAP_READ
ReetFPS.exe,15040,DESKTOP-M4PIKSF\dani,0x00004BF4,Section,,,READ_CONTROL|DELETE|WRITE_DAC|WRITE_OWNER|QUERY|MAP_WRITE|MAP_READ
ReetFPS.exe,15040,DESKTOP-M4PIKSF\dani,0x00004BF8,Section,,,READ_CONTROL|DELETE|WRITE_DAC|WRITE_OWNER|QUERY|MAP_WRITE|MAP_READ
ReetFPS.exe,15040,DESKTOP-M4PIKSF\dani,0x00004BFC,Section,,,READ_CONTROL|DELETE|WRITE_DAC|WRITE_OWNER|QUERY|MAP_WRITE|MAP_READ
ReetFPS.exe,15040,DESKTOP-M4PIKSF\dani,0x00004C04,Section,,,READ_CONTROL|DELETE|WRITE_DAC|WRITE_OWNER|QUERY|MAP_WRITE|MAP_READ
ReetFPS.exe,15040,DESKTOP-M4PIKSF\dani,0x00004C08,Section,,,READ_CONTROL|DELETE|WRITE_DAC|WRITE_OWNER|QUERY|MAP_WRITE|MAP_READ
ReetFPS.exe,15040,DESKTOP-M4PIKSF\dani,0x00004C0C,Section,,,READ_CONTROL|DELETE|WRITE_DAC|WRITE_OWNER|QUERY|MAP_WRITE|MAP_READ
ReetFPS.exe,15040,DESKTOP-M4PIKSF\dani,0x00004C10,Section,,,READ_CONTROL|DELETE|WRITE_DAC|WRITE_OWNER|QUERY|MAP_WRITE|MAP_READ
ReetFPS.exe,15040,DESKTOP-M4PIKSF\dani,0x00004C14,Section,,,READ_CONTROL|DELETE|WRITE_DAC|WRITE_OWNER|QUERY|MAP_WRITE|MAP_READ
ReetFPS.exe,15040,DESKTOP-M4PIKSF\dani,0x00004C18,Section,,,READ_CONTROL|DELETE|WRITE_DAC|WRITE_OWNER|QUERY|MAP_WRITE|MAP_READ
ReetFPS.exe,15040,DESKTOP-M4PIKSF\dani,0x00004C1C,Section,,,READ_CONTROL|DELETE|WRITE_DAC|WRITE_OWNER|QUERY|MAP_WRITE|MAP_READ
ReetFPS.exe,15040,DESKTOP-M4PIKSF\dani,0x00004C20,Section,,,READ_CONTROL|DELETE|WRITE_DAC|WRITE_OWNER|QUERY|MAP_WRITE|MAP_READ
ReetFPS.exe,15040,DESKTOP-M4PIKSF\dani,0x00004C24,Section,,,READ_CONTROL|DELETE|WRITE_DAC|WRITE_OWNER|QUERY|MAP_WRITE|MAP_READ
ReetFPS.exe,15040,DESKTOP-M4PIKSF\dani,0x00004C28,Section,,,READ_CONTROL|DELETE|WRITE_DAC|WRITE_OWNER|QUERY|MAP_WRITE|MAP_READ
ReetFPS.exe,15040,DESKTOP-M4PIKSF\dani,0x00004C2C,Section,,,READ_CONTROL|DELETE|WRITE_DAC|WRITE_OWNER|QUERY|MAP_WRITE|MAP_READ
ReetFPS.exe,15040,DESKTOP-M4PIKSF\dani,0x00004C30,Section,,,READ_CONTROL|DELETE|WRITE_DAC|WRITE_OWNER|QUERY|MAP_WRITE|MAP_READ
ReetFPS.exe,15040,DESKTOP-M4PIKSF\dani,0x00004C34,Section,,,READ_CONTROL|DELETE|WRITE_DAC|WRITE_OWNER|QUERY|MAP_WRITE|MAP_READ
ReetFPS.exe,15040,DESKTOP-M4PIKSF\dani,0x00004C38,Section,,,READ_CONTROL|DELETE|WRITE_DAC|WRITE_OWNER|QUERY|MAP_WRITE|MAP_READ
ReetFPS.exe,15040,DESKTOP-M4PIKSF\dani,0x00004C3C,Section,,,READ_CONTROL|DELETE|WRITE_DAC|WRITE_OWNER|QUERY|MAP_WRITE|MAP_READ
ReetFPS.exe,15040,DESKTOP-M4PIKSF\dani,0x00004C40,Section,,,READ_CONTROL|DELETE|WRITE_DAC|WRITE_OWNER|QUERY|MAP_WRITE|MAP_READ
ReetFPS.exe,15040,DESKTOP-M4PIKSF\dani,0x00004C44,Section,,,READ_CONTROL|DELETE|WRITE_DAC|WRITE_OWNER|QUERY|MAP_WRITE|MAP_READ
ReetFPS.exe,15040,DESKTOP-M4PIKSF\dani,0x00004C48,Section,,,READ_CONTROL|DELETE|WRITE_DAC|WRITE_OWNER|QUERY|MAP_WRITE|MAP_READ
ReetFPS.exe,15040,DESKTOP-M4PIKSF\dani,0x00004C4C,Section,,,READ_CONTROL|DELETE|WRITE_DAC|WRITE_OWNER|QUERY|MAP_WRITE|MAP_READ
ReetFPS.exe,15040,DESKTOP-M4PIKSF\dani,0x00004C50,Section,,,READ_CONTROL|DELETE|WRITE_DAC|WRITE_OWNER|QUERY|MAP_WRITE|MAP_READ
ReetFPS.exe,15040,DESKTOP-M4PIKSF\dani,0x00004C54,Section,,,READ_CONTROL|DELETE|WRITE_DAC|WRITE_OWNER|QUERY|MAP_WRITE|MAP_READ
ReetFPS.exe,15040,DESKTOP-M4PIKSF\dani,0x00004C58,Section,,,READ_CONTROL|DELETE|WRITE_DAC|WRITE_OWNER|QUERY|MAP_WRITE|MAP_READ
ReetFPS.exe,15040,DESKTOP-M4PIKSF\dani,0x00004C5C,Section,,,READ_CONTROL|DELETE|WRITE_DAC|WRITE_OWNER|QUERY|MAP_WRITE|MAP_READ
ReetFPS.exe,15040,DESKTOP-M4PIKSF\dani,0x00004C60,Section,,,READ_CONTROL|DELETE|WRITE_DAC|WRITE_OWNER|QUERY|MAP_WRITE|MAP_READ
ReetFPS.exe,15040,DESKTOP-M4PIKSF\dani,0x00004C64,Section,,,READ_CONTROL|DELETE|WRITE_DAC|WRITE_OWNER|QUERY|MAP_WRITE|MAP_READ
ReetFPS.exe,15040,DESKTOP-M4PIKSF\dani,0x00004C68,Section,,,READ_CONTROL|DELETE|WRITE_DAC|WRITE_OWNER|QUERY|MAP_WRITE|MAP_READ
ReetFPS.exe,15040,DESKTOP-M4PIKSF\dani,0x00004C6C,Section,,,READ_CONTROL|DELETE|WRITE_DAC|WRITE_OWNER|QUERY|MAP_WRITE|MAP_READ
ReetFPS.exe,15040,DESKTOP-M4PIKSF\dani,0x00004C70,Section,,,READ_CONTROL|DELETE|WRITE_DAC|WRITE_OWNER|QUERY|MAP_WRITE|MAP_READ
ReetFPS.exe,15040,DESKTOP-M4PIKSF\dani,0x00004C74,Section,,,READ_CONTROL|DELETE|WRITE_DAC|WRITE_OWNER|QUERY|MAP_WRITE|MAP_READ
ReetFPS.exe,15040,DESKTOP-M4PIKSF\dani,0x00004C78,Section,,,READ_CONTROL|DELETE|WRITE_DAC|WRITE_OWNER|QUERY|MAP_WRITE|MAP_READ
ReetFPS.exe,15040,DESKTOP-M4PIKSF\dani,0x00004C7C,Section,,,READ_CONTROL|DELETE|WRITE_DAC|WRITE_OWNER|QUERY|MAP_WRITE|MAP_READ
ReetFPS.exe,15040,DESKTOP-M4PIKSF\dani,0x00004C80,Section,,,READ_CONTROL|DELETE|WRITE_DAC|WRITE_OWNER|QUERY|MAP_WRITE|MAP_READ
ReetFPS.exe,15040,DESKTOP-M4PIKSF\dani,0x00004C84,Section,,,READ_CONTROL|DELETE|WRITE_DAC|WRITE_OWNER|QUERY|MAP_WRITE|MAP_READ
ReetFPS.exe,15040,DESKTOP-M4PIKSF\dani,0x00004C88,Section,,,READ_CONTROL|DELETE|WRITE_DAC|WRITE_OWNER|QUERY|MAP_WRITE|MAP_READ
ReetFPS.exe,15040,DESKTOP-M4PIKSF\dani,0x00004C8C,Section,,,READ_CONTROL|DELETE|WRITE_DAC|WRITE_OWNER|QUERY|MAP_WRITE|MAP_READ
ReetFPS.exe,15040,DESKTOP-M4PIKSF\dani,0x00004C90,Section,,,READ_CONTROL|DELETE|WRITE_DAC|WRITE_OWNER|QUERY|MAP_WRITE|MAP_READ
ReetFPS.exe,15040,DESKTOP-M4PIKSF\dani,0x00004C94,Section,,,READ_CONTROL|DELETE|WRITE_DAC|WRITE_OWNER|QUERY|MAP_WRITE|MAP_READ
ReetFPS.exe,15040,DESKTOP-M4PIKSF\dani,0x00004C98,Section,,,READ_CONTROL|DELETE|WRITE_DAC|WRITE_OWNER|QUERY|MAP_WRITE|MAP_READ
ReetFPS.exe,15040,DESKTOP-M4PIKSF\dani,0x00004C9C,Section,,,READ_CONTROL|DELETE|WRITE_DAC|WRITE_OWNER|QUERY|MAP_WRITE|MAP_READ
ReetFPS.exe,15040,DESKTOP-M4PIKSF\dani,0x00004CA0,Section,,,READ_CONTROL|DELETE|WRITE_DAC|WRITE_OWNER|QUERY|MAP_WRITE|MAP_READ
ReetFPS.exe,15040,DESKTOP-M4PIKSF\dani,0x00004CA4,Section,,,READ_CONTROL|DELETE|WRITE_DAC|WRITE_OWNER|QUERY|MAP_WRITE|MAP_READ
ReetFPS.exe,15040,DESKTOP-M4PIKSF\dani,0x00004CA8,Section,,,READ_CONTROL|DELETE|WRITE_DAC|WRITE_OWNER|QUERY|MAP_WRITE|MAP_READ
ReetFPS.exe,15040,DESKTOP-M4PIKSF\dani,0x00004CAC,Section,,,READ_CONTROL|DELETE|WRITE_DAC|WRITE_OWNER|QUERY|MAP_WRITE|MAP_READ
ReetFPS.exe,15040,DESKTOP-M4PIKSF\dani,0x00004CB0,Section,,,READ_CONTROL|DELETE|WRITE_DAC|WRITE_OWNER|QUERY|MAP_WRITE|MAP_READ
ReetFPS.exe,15040,DESKTOP-M4PIKSF\dani,0x00004CB4,Section,,,READ_CONTROL|DELETE|WRITE_DAC|WRITE_OWNER|QUERY|MAP_WRITE|MAP_READ
ReetFPS.exe,15040,DESKTOP-M4PIKSF\dani,0x00004CB8,Section,,,READ_CONTROL|DELETE|WRITE_DAC|WRITE_OWNER|QUERY|MAP_WRITE|MAP_READ
ReetFPS.exe,15040,DESKTOP-M4PIKSF\dani,0x00004CBC,Section,,,READ_CONTROL|DELETE|WRITE_DAC|WRITE_OWNER|QUERY|MAP_WRITE|MAP_READ
ReetFPS.exe,15040,DESKTOP-M4PIKSF\dani,0x00004CC0,Section,,,READ_CONTROL|DELETE|WRITE_DAC|WRITE_OWNER|QUERY|MAP_WRITE|MAP_READ
ReetFPS.exe,15040,DESKTOP-M4PIKSF\dani,0x00004CC4,Section,,,READ_CONTROL|DELETE|WRITE_DAC|WRITE_OWNER|QUERY|MAP_WRITE|MAP_READ
ReetFPS.exe,15040,DESKTOP-M4PIKSF\dani,0x00004CC8,Section,,,READ_CONTROL|DELETE|WRITE_DAC|WRITE_OWNER|QUERY|MAP_WRITE|MAP_READ
ReetFPS.exe,15040,DESKTOP-M4PIKSF\dani,0x00004CCC,Section,,,READ_CONTROL|DELETE|WRITE_DAC|WRITE_OWNER|QUERY|MAP_WRITE|MAP_READ
ReetFPS.exe,15040,DESKTOP-M4PIKSF\dani,0x00004CD0,Section,,,READ_CONTROL|DELETE|WRITE_DAC|WRITE_OWNER|QUERY|MAP_WRITE|MAP_READ
ReetFPS.exe,15040,DESKTOP-M4PIKSF\dani,0x00004CD4,Section,,,READ_CONTROL|DELETE|WRITE_DAC|WRITE_OWNER|QUERY|MAP_WRITE|MAP_READ
ReetFPS.exe,15040,DESKTOP-M4PIKSF\dani,0x00004CD8,Section,,,READ_CONTROL|DELETE|WRITE_DAC|WRITE_OWNER|QUERY|MAP_WRITE|MAP_READ
ReetFPS.exe,15040,DESKTOP-M4PIKSF\dani,0x00004CDC,Section,,,READ_CONTROL|DELETE|WRITE_DAC|WRITE_OWNER|QUERY|MAP_WRITE|MAP_READ
ReetFPS.exe,15040,DESKTOP-M4PIKSF\dani,0x00004CE0,Section,,,READ_CONTROL|DELETE|WRITE_DAC|WRITE_OWNER|QUERY|MAP_WRITE|MAP_READ
ReetFPS.exe,15040,DESKTOP-M4PIKSF\dani,0x00004CE4,Section,,,READ_CONTROL|DELETE|WRITE_DAC|WRITE_OWNER|QUERY|MAP_WRITE|MAP_READ
ReetFPS.exe,15040,DESKTOP-M4PIKSF\dani,0x00004CE8,Section,,,READ_CONTROL|DELETE|WRITE_DAC|WRITE_OWNER|QUERY|MAP_WRITE|MAP_READ
ReetFPS.exe,15040,DESKTOP-M4PIKSF\dani,0x00004CEC,Section,,,READ_CONTROL|DELETE|WRITE_DAC|WRITE_OWNER|QUERY|MAP_WRITE|MAP_READ
ReetFPS.exe,15040,DESKTOP-M4PIKSF\dani,0x00004CF0,Section,,,READ_CONTROL|DELETE|WRITE_DAC|WRITE_OWNER|QUERY|MAP_WRITE|MAP_READ
ReetFPS.exe,15040,DESKTOP-M4PIKSF\dani,0x00004CF4,Section,,,READ_CONTROL|DELETE|WRITE_DAC|WRITE_OWNER|QUERY|MAP_WRITE|MAP_READ
ReetFPS.exe,15040,DESKTOP-M4PIKSF\dani,0x00004CF8,Section,,,READ_CONTROL|DELETE|WRITE_DAC|WRITE_OWNER|QUERY|MAP_WRITE|MAP_READ
ReetFPS.exe,15040,DESKTOP-M4PIKSF\dani,0x00004CFC,Section,,,READ_CONTROL|DELETE|WRITE_DAC|WRITE_OWNER|QUERY|MAP_WRITE|MAP_READ
ReetFPS.exe,15040,DESKTOP-M4PIKSF\dani,0x00004D00,Section,,,READ_CONTROL|DELETE|WRITE_DAC|WRITE_OWNER|QUERY|MAP_WRITE|MAP_READ
ReetFPS.exe,15040,DESKTOP-M4PIKSF\dani,0x00004D04,Section,,,READ_CONTROL|DELETE|WRITE_DAC|WRITE_OWNER|QUERY|MAP_WRITE|MAP_READ
ReetFPS.exe,15040,DESKTOP-M4PIKSF\dani,0x00004D08,Section,,,READ_CONTROL|DELETE|WRITE_DAC|WRITE_OWNER|QUERY|MAP_WRITE|MAP_READ
ReetFPS.exe,15040,DESKTOP-M4PIKSF\dani,0x00004D0C,Section,,,READ_CONTROL|DELETE|WRITE_DAC|WRITE_OWNER|QUERY|MAP_WRITE|MAP_READ
ReetFPS.exe,15040,DESKTOP-M4PIKSF\dani,0x00004D10,Section,,,READ_CONTROL|DELETE|WRITE_DAC|WRITE_OWNER|QUERY|MAP_WRITE|MAP_READ
ReetFPS.exe,15040,DESKTOP-M4PIKSF\dani,0x00004D14,Section,,,READ_CONTROL|DELETE|WRITE_DAC|WRITE_OWNER|QUERY|MAP_WRITE|MAP_READ
ReetFPS.exe,15040,DESKTOP-M4PIKSF\dani,0x00004D18,Section,,,READ_CONTROL|DELETE|WRITE_DAC|WRITE_OWNER|QUERY|MAP_WRITE|MAP_READ
ReetFPS.exe,15040,DESKTOP-M4PIKSF\dani,0x00004D1C,Section,,,READ_CONTROL|DELETE|WRITE_DAC|WRITE_OWNER|QUERY|MAP_WRITE|MAP_READ
ReetFPS.exe,15040,DESKTOP-M4PIKSF\dani,0x00004D20,Section,,,READ_CONTROL|DELETE|WRITE_DAC|WRITE_OWNER|QUERY|MAP_WRITE|MAP_READ
ReetFPS.exe,15040,DESKTOP-M4PIKSF\dani,0x00004D24,Section,,,READ_CONTROL|DELETE|WRITE_DAC|WRITE_OWNER|QUERY|MAP_WRITE|MAP_READ
ReetFPS.exe,15040,DESKTOP-M4PIKSF\dani,0x00004D28,Section,,,READ_CONTROL|DELETE|WRITE_DAC|WRITE_OWNER|QUERY|MAP_WRITE|MAP_READ
ReetFPS.exe,15040,DESKTOP-M4PIKSF\dani,0x00004D2C,Section,,,READ_CONTROL|DELETE|WRITE_DAC|WRITE_OWNER|QUERY|MAP_WRITE|MAP_READ
ReetFPS.exe,15040,DESKTOP-M4PIKSF\dani,0x00004D30,Section,,,READ_CONTROL|DELETE|WRITE_DAC|WRITE_OWNER|QUERY|MAP_WRITE|MAP_READ
ReetFPS.exe,15040,DESKTOP-M4PIKSF\dani,0x00004D34,Section,,,READ_CONTROL|DELETE|WRITE_DAC|WRITE_OWNER|QUERY|MAP_WRITE|MAP_READ
ReetFPS.exe,15040,DESKTOP-M4PIKSF\dani,0x00004D38,Section,,,READ_CONTROL|DELETE|WRITE_DAC|WRITE_OWNER|QUERY|MAP_WRITE|MAP_READ
ReetFPS.exe,15040,DESKTOP-M4PIKSF\dani,0x00004D3C,Section,,,READ_CONTROL|DELETE|WRITE_DAC|WRITE_OWNER|QUERY|MAP_WRITE|MAP_READ
ReetFPS.exe,15040,DESKTOP-M4PIKSF\dani,0x00004D40,Section,,,READ_CONTROL|DELETE|WRITE_DAC|WRITE_OWNER|QUERY|MAP_WRITE|MAP_READ
ReetFPS.exe,15040,DESKTOP-M4PIKSF\dani,0x00004D44,Section,,,READ_CONTROL|DELETE|WRITE_DAC|WRITE_OWNER|QUERY|MAP_WRITE|MAP_READ
ReetFPS.exe,15040,DESKTOP-M4PIKSF\dani,0x00004D48,Section,,,READ_CONTROL|DELETE|WRITE_DAC|WRITE_OWNER|QUERY|MAP_WRITE|MAP_READ
ReetFPS.exe,15040,DESKTOP-M4PIKSF\dani,0x00004D4C,Section,,,READ_CONTROL|DELETE|WRITE_DAC|WRITE_OWNER|QUERY|MAP_WRITE|MAP_READ
ReetFPS.exe,15040,DESKTOP-M4PIKSF\dani,0x00004D50,Section,,,READ_CONTROL|DELETE|WRITE_DAC|WRITE_OWNER|QUERY|MAP_WRITE|MAP_READ
ReetFPS.exe,15040,DESKTOP-M4PIKSF\dani,0x00004D54,Section,,,READ_CONTROL|DELETE|WRITE_DAC|WRITE_OWNER|QUERY|MAP_WRITE|MAP_READ
ReetFPS.exe,15040,DESKTOP-M4PIKSF\dani,0x00004D58,Section,,,READ_CONTROL|DELETE|WRITE_DAC|WRITE_OWNER|QUERY|MAP_WRITE|MAP_READ
ReetFPS.exe,15040,DESKTOP-M4PIKSF\dani,0x00004D5C,Section,,,READ_CONTROL|DELETE|WRITE_DAC|WRITE_OWNER|QUERY|MAP_WRITE|MAP_READ
ReetFPS.exe,15040,DESKTOP-M4PIKSF\dani,0x00004D60,Section,,,READ_CONTROL|DELETE|WRITE_DAC|WRITE_OWNER|QUERY|MAP_WRITE|MAP_READ
ReetFPS.exe,15040,DESKTOP-M4PIKSF\dani,0x00004D64,Section,,,READ_CONTROL|DELETE|WRITE_DAC|WRITE_OWNER|QUERY|MAP_WRITE|MAP_READ
ReetFPS.exe,15040,DESKTOP-M4PIKSF\dani,0x00004D68,Section,,,READ_CONTROL|DELETE|WRITE_DAC|WRITE_OWNER|QUERY|MAP_WRITE|MAP_READ
ReetFPS.exe,15040,DESKTOP-M4PIKSF\dani,0x00004D6C,Section,,,READ_CONTROL|DELETE|WRITE_DAC|WRITE_OWNER|QUERY|MAP_WRITE|MAP_READ
ReetFPS.exe,15040,DESKTOP-M4PIKSF\dani,0x00004D70,Section,,,READ_CONTROL|DELETE|WRITE_DAC|WRITE_OWNER|QUERY|MAP_WRITE|MAP_READ
ReetFPS.exe,15040,DESKTOP-M4PIKSF\dani,0x00004D74,Section,,,READ_CONTROL|DELETE|WRITE_DAC|WRITE_OWNER|QUERY|MAP_WRITE|MAP_READ
ReetFPS.exe,15040,DESKTOP-M4PIKSF\dani,0x00004D78,Section,,,READ_CONTROL|DELETE|WRITE_DAC|WRITE_OWNER|QUERY|MAP_WRITE|MAP_READ
ReetFPS.exe,15040,DESKTOP-M4PIKSF\dani,0x00004D7C,Section,,,READ_CONTROL|DELETE|WRITE_DAC|WRITE_OWNER|QUERY|MAP_WRITE|MAP_READ
ReetFPS.exe,15040,DESKTOP-M4PIKSF\dani,0x00004D80,Section,,,READ_CONTROL|DELETE|WRITE_DAC|WRITE_OWNER|QUERY|MAP_WRITE|MAP_READ
ReetFPS.exe,15040,DESKTOP-M4PIKSF\dani,0x00004D84,Section,,,READ_CONTROL|DELETE|WRITE_DAC|WRITE_OWNER|QUERY|MAP_WRITE|MAP_READ
ReetFPS.exe,15040,DESKTOP-M4PIKSF\dani,0x00004D88,Section,,,READ_CONTROL|DELETE|WRITE_DAC|WRITE_OWNER|QUERY|MAP_WRITE|MAP_READ
ReetFPS.exe,15040,DESKTOP-M4PIKSF\dani,0x00004D8C,Section,,,READ_CONTROL|DELETE|WRITE_DAC|WRITE_OWNER|QUERY|MAP_WRITE|MAP_READ
ReetFPS.exe,15040,DESKTOP-M4PIKSF\dani,0x00004D90,Section,,,READ_CONTROL|DELETE|WRITE_DAC|WRITE_OWNER|QUERY|MAP_WRITE|MAP_READ
ReetFPS.exe,15040,DESKTOP-M4PIKSF\dani,0x00004D94,Section,,,READ_CONTROL|DELETE|WRITE_DAC|WRITE_OWNER|QUERY|MAP_WRITE|MAP_READ
ReetFPS.exe,15040,DESKTOP-M4PIKSF\dani,0x00004D98,Section,,,READ_CONTROL|DELETE|WRITE_DAC|WRITE_OWNER|QUERY|MAP_WRITE|MAP_READ
ReetFPS.exe,15040,DESKTOP-M4PIKSF\dani,0x00004D9C,Section,,,READ_CONTROL|DELETE|WRITE_DAC|WRITE_OWNER|QUERY|MAP_WRITE|MAP_READ
ReetFPS.exe,15040,DESKTOP-M4PIKSF\dani,0x00004DA0,Section,,,READ_CONTROL|DELETE|WRITE_DAC|WRITE_OWNER|QUERY|MAP_WRITE|MAP_READ
ReetFPS.exe,15040,DESKTOP-M4PIKSF\dani,0x00004DA4,Section,,,READ_CONTROL|DELETE|WRITE_DAC|WRITE_OWNER|QUERY|MAP_WRITE|MAP_READ
ReetFPS.exe,15040,DESKTOP-M4PIKSF\dani,0x00004DA8,Section,,,READ_CONTROL|DELETE|WRITE_DAC|WRITE_OWNER|QUERY|MAP_WRITE|MAP_READ
ReetFPS.exe,15040,DESKTOP-M4PIKSF\dani,0x00004DAC,Section,,,READ_CONTROL|DELETE|WRITE_DAC|WRITE_OWNER|QUERY|MAP_WRITE|MAP_READ
ReetFPS.exe,15040,DESKTOP-M4PIKSF\dani,0x00004DB0,Section,,,READ_CONTROL|DELETE|WRITE_DAC|WRITE_OWNER|QUERY|MAP_WRITE|MAP_READ
ReetFPS.exe,15040,DESKTOP-M4PIKSF\dani,0x00004DB4,Section,,,READ_CONTROL|DELETE|WRITE_DAC|WRITE_OWNER|QUERY|MAP_WRITE|MAP_READ
ReetFPS.exe,15040,DESKTOP-M4PIKSF\dani,0x00004DB8,Section,,,READ_CONTROL|DELETE|WRITE_DAC|WRITE_OWNER|QUERY|MAP_WRITE|MAP_READ
ReetFPS.exe,15040,DESKTOP-M4PIKSF\dani,0x00004DBC,Section,,,READ_CONTROL|DELETE|WRITE_DAC|WRITE_OWNER|QUERY|MAP_WRITE|MAP_READ
ReetFPS.exe,15040,DESKTOP-M4PIKSF\dani,0x00004DC0,Section,,,READ_CONTROL|DELETE|WRITE_DAC|WRITE_OWNER|QUERY|MAP_WRITE|MAP_READ
ReetFPS.exe,15040,DESKTOP-M4PIKSF\dani,0x00004DC4,Section,,,READ_CONTROL|DELETE|WRITE_DAC|WRITE_OWNER|QUERY|MAP_WRITE|MAP_READ
ReetFPS.exe,15040,DESKTOP-M4PIKSF\dani,0x00004DC8,Section,,,READ_CONTROL|DELETE|WRITE_DAC|WRITE_OWNER|QUERY|MAP_WRITE|MAP_READ
ReetFPS.exe,15040,DESKTOP-M4PIKSF\dani,0x00004DCC,Section,,,READ_CONTROL|DELETE|WRITE_DAC|WRITE_OWNER|QUERY|MAP_WRITE|MAP_READ
ReetFPS.exe,15040,DESKTOP-M4PIKSF\dani,0x00004DD0,Section,,,READ_CONTROL|DELETE|WRITE_DAC|WRITE_OWNER|QUERY|MAP_WRITE|MAP_READ
ReetFPS.exe,15040,DESKTOP-M4PIKSF\dani,0x00004DD4,Section,,,READ_CONTROL|DELETE|WRITE_DAC|WRITE_OWNER|QUERY|MAP_WRITE|MAP_READ
ReetFPS.exe,15040,DESKTOP-M4PIKSF\dani,0x00004DD8,Section,,,READ_CONTROL|DELETE|WRITE_DAC|WRITE_OWNER|QUERY|MAP_WRITE|MAP_READ
ReetFPS.exe,15040,DESKTOP-M4PIKSF\dani,0x00004DDC,Section,,,READ_CONTROL|DELETE|WRITE_DAC|WRITE_OWNER|QUERY|MAP_WRITE|MAP_READ
ReetFPS.exe,15040,DESKTOP-M4PIKSF\dani,0x00004DE0,Section,,,READ_CONTROL|DELETE|WRITE_DAC|WRITE_OWNER|QUERY|MAP_WRITE|MAP_READ
ReetFPS.exe,15040,DESKTOP-M4PIKSF\dani,0x00004DE4,Section,,,READ_CONTROL|DELETE|WRITE_DAC|WRITE_OWNER|QUERY|MAP_WRITE|MAP_READ
ReetFPS.exe,15040,DESKTOP-M4PIKSF\dani,0x00004DE8,Section,,,READ_CONTROL|DELETE|WRITE_DAC|WRITE_OWNER|QUERY|MAP_WRITE|MAP_READ
ReetFPS.exe,15040,DESKTOP-M4PIKSF\dani,0x00004DEC,Section,,,READ_CONTROL|DELETE|WRITE_DAC|WRITE_OWNER|QUERY|MAP_WRITE|MAP_READ
ReetFPS.exe,15040,DESKTOP-M4PIKSF\dani,0x00004DF0,Section,,,READ_CONTROL|DELETE|WRITE_DAC|WRITE_OWNER|QUERY|MAP_WRITE|MAP_READ
ReetFPS.exe,15040,DESKTOP-M4PIKSF\dani,0x00004DF4,Section,,,READ_CONTROL|DELETE|WRITE_DAC|WRITE_OWNER|QUERY|MAP_WRITE|MAP_READ
ReetFPS.exe,15040,DESKTOP-M4PIKSF\dani,0x00004DF8,Section,,,READ_CONTROL|DELETE|WRITE_DAC|WRITE_OWNER|QUERY|MAP_WRITE|MAP_READ
ReetFPS.exe,15040,DESKTOP-M4PIKSF\dani,0x00004DFC,Section,,,READ_CONTROL|DELETE|WRITE_DAC|WRITE_OWNER|QUERY|MAP_WRITE|MAP_READ
ReetFPS.exe,15040,DESKTOP-M4PIKSF\dani,0x00004E00,Section,,,READ_CONTROL|DELETE|WRITE_DAC|WRITE_OWNER|QUERY|MAP_WRITE|MAP_READ
ReetFPS.exe,15040,DESKTOP-M4PIKSF\dani,0x00004E04,Section,,,READ_CONTROL|DELETE|WRITE_DAC|WRITE_OWNER|QUERY|MAP_WRITE|MAP_READ
ReetFPS.exe,15040,DESKTOP-M4PIKSF\dani,0x00004E08,Section,,,READ_CONTROL|DELETE|WRITE_DAC|WRITE_OWNER|QUERY|MAP_WRITE|MAP_READ
ReetFPS.exe,15040,DESKTOP-M4PIKSF\dani,0x00004E0C,Section,,,READ_CONTROL|DELETE|WRITE_DAC|WRITE_OWNER|QUERY|MAP_WRITE|MAP_READ
ReetFPS.exe,15040,DESKTOP-M4PIKSF\dani,0x00004E10,Section,,,READ_CONTROL|DELETE|WRITE_DAC|WRITE_OWNER|QUERY|MAP_WRITE|MAP_READ
ReetFPS.exe,15040,DESKTOP-M4PIKSF\dani,0x00004E14,Section,,,READ_CONTROL|DELETE|WRITE_DAC|WRITE_OWNER|QUERY|MAP_WRITE|MAP_READ
ReetFPS.exe,15040,DESKTOP-M4PIKSF\dani,0x00004E18,Section,,,READ_CONTROL|DELETE|WRITE_DAC|WRITE_OWNER|QUERY|MAP_WRITE|MAP_READ
ReetFPS.exe,15040,DESKTOP-M4PIKSF\dani,0x00004E1C,Section,,,READ_CONTROL|DELETE|WRITE_DAC|WRITE_OWNER|QUERY|MAP_WRITE|MAP_READ
ReetFPS.exe,15040,DESKTOP-M4PIKSF\dani,0x00004E20,Section,,,READ_CONTROL|DELETE|WRITE_DAC|WRITE_OWNER|QUERY|MAP_WRITE|MAP_READ
ReetFPS.exe,15040,DESKTOP-M4PIKSF\dani,0x00004E24,Section,,,READ_CONTROL|DELETE|WRITE_DAC|WRITE_OWNER|QUERY|MAP_WRITE|MAP_READ
ReetFPS.exe,15040,DESKTOP-M4PIKSF\dani,0x00004E28,Section,,,READ_CONTROL|DELETE|WRITE_DAC|WRITE_OWNER|QUERY|MAP_WRITE|MAP_READ
ReetFPS.exe,15040,DESKTOP-M4PIKSF\dani,0x00004E2C,Section,,,READ_CONTROL|DELETE|WRITE_DAC|WRITE_OWNER|QUERY|MAP_WRITE|MAP_READ
ReetFPS.exe,15040,DESKTOP-M4PIKSF\dani,0x00004E30,Section,,,READ_CONTROL|DELETE|WRITE_DAC|WRITE_OWNER|QUERY|MAP_WRITE|MAP_READ
ReetFPS.exe,15040,DESKTOP-M4PIKSF\dani,0x00004E34,Section,,,READ_CONTROL|DELETE|WRITE_DAC|WRITE_OWNER|QUERY|MAP_WRITE|MAP_READ
ReetFPS.exe,15040,DESKTOP-M4PIKSF\dani,0x00004E38,Section,,,READ_CONTROL|DELETE|WRITE_DAC|WRITE_OWNER|QUERY|MAP_WRITE|MAP_READ
ReetFPS.exe,15040,DESKTOP-M4PIKSF\dani,0x00004E3C,Section,,,READ_CONTROL|DELETE|WRITE_DAC|WRITE_OWNER|QUERY|MAP_WRITE|MAP_READ
ReetFPS.exe,15040,DESKTOP-M4PIKSF\dani,0x00004E40,Section,,,READ_CONTROL|DELETE|WRITE_DAC|WRITE_OWNER|QUERY|MAP_WRITE|MAP_READ
ReetFPS.exe,15040,DESKTOP-M4PIKSF\dani,0x00004E44,Section,,,READ_CONTROL|DELETE|WRITE_DAC|WRITE_OWNER|QUERY|MAP_WRITE|MAP_READ
ReetFPS.exe,15040,DESKTOP-M4PIKSF\dani,0x00004E48,Section,,,READ_CONTROL|DELETE|WRITE_DAC|WRITE_OWNER|QUERY|MAP_WRITE|MAP_READ
ReetFPS.exe,15040,DESKTOP-M4PIKSF\dani,0x00004E4C,Section,,,READ_CONTROL|DELETE|WRITE_DAC|WRITE_OWNER|QUERY|MAP_WRITE|MAP_READ
ReetFPS.exe,15040,DESKTOP-M4PIKSF\dani,0x00004E50,Section,,,READ_CONTROL|DELETE|WRITE_DAC|WRITE_OWNER|QUERY|MAP_WRITE|MAP_READ
ReetFPS.exe,15040,DESKTOP-M4PIKSF\dani,0x00004E54,Section,,,READ_CONTROL|DELETE|WRITE_DAC|WRITE_OWNER|QUERY|MAP_WRITE|MAP_READ
ReetFPS.exe,15040,DESKTOP-M4PIKSF\dani,0x00004E58,Section,,,READ_CONTROL|DELETE|WRITE_DAC|WRITE_OWNER|QUERY|MAP_WRITE|MAP_READ
ReetFPS.exe,15040,DESKTOP-M4PIKSF\dani,0x00004E5C,Section,,,READ_CONTROL|DELETE|WRITE_DAC|WRITE_OWNER|QUERY|MAP_WRITE|MAP_READ
ReetFPS.exe,15040,DESKTOP-M4PIKSF\dani,0x00004E60,Section,,,READ_CONTROL|DELETE|WRITE_DAC|WRITE_OWNER|QUERY|MAP_WRITE|MAP_READ
ReetFPS.exe,15040,DESKTOP-M4PIKSF\dani,0x00004E64,Section,,,READ_CONTROL|DELETE|WRITE_DAC|WRITE_OWNER|QUERY|MAP_WRITE|MAP_READ
ReetFPS.exe,15040,DESKTOP-M4PIKSF\dani,0x00004E68,Section,,,READ_CONTROL|DELETE|WRITE_DAC|WRITE_OWNER|QUERY|MAP_WRITE|MAP_READ
ReetFPS.exe,15040,DESKTOP-M4PIKSF\dani,0x00004E6C,Section,,,READ_CONTROL|DELETE|WRITE_DAC|WRITE_OWNER|QUERY|MAP_WRITE|MAP_READ
ReetFPS.exe,15040,DESKTOP-M4PIKSF\dani,0x00004E70,Section,,,READ_CONTROL|DELETE|WRITE_DAC|WRITE_OWNER|QUERY|MAP_WRITE|MAP_READ
ReetFPS.exe,15040,DESKTOP-M4PIKSF\dani,0x00004E74,Section,,,READ_CONTROL|DELETE|WRITE_DAC|WRITE_OWNER|QUERY|MAP_WRITE|MAP_READ
ReetFPS.exe,15040,DESKTOP-M4PIKSF\dani,0x00004E78,Section,,,READ_CONTROL|DELETE|WRITE_DAC|WRITE_OWNER|QUERY|MAP_WRITE|MAP_READ
ReetFPS.exe,15040,DESKTOP-M4PIKSF\dani,0x00004E7C,Section,,,READ_CONTROL|DELETE|WRITE_DAC|WRITE_OWNER|QUERY|MAP_WRITE|MAP_READ
ReetFPS.exe,15040,DESKTOP-M4PIKSF\dani,0x00004E80,Section,,,READ_CONTROL|DELETE|WRITE_DAC|WRITE_OWNER|QUERY|MAP_WRITE|MAP_READ
ReetFPS.exe,15040,DESKTOP-M4PIKSF\dani,0x00004E84,Section,,,READ_CONTROL|DELETE|WRITE_DAC|WRITE_OWNER|QUERY|MAP_WRITE|MAP_READ
ReetFPS.exe,15040,DESKTOP-M4PIKSF\dani,0x00004E88,Section,,,READ_CONTROL|DELETE|WRITE_DAC|WRITE_OWNER|QUERY|MAP_WRITE|MAP_READ
ReetFPS.exe,15040,DESKTOP-M4PIKSF\dani,0x00004E8C,Section,,,READ_CONTROL|DELETE|WRITE_DAC|WRITE_OWNER|QUERY|MAP_WRITE|MAP_READ
ReetFPS.exe,15040,DESKTOP-M4PIKSF\dani,0x00004E90,Section,,,READ_CONTROL|DELETE|WRITE_DAC|WRITE_OWNER|QUERY|MAP_WRITE|MAP_READ
ReetFPS.exe,15040,DESKTOP-M4PIKSF\dani,0x00004E94,Section,,,READ_CONTROL|DELETE|WRITE_DAC|WRITE_OWNER|QUERY|MAP_WRITE|MAP_READ
ReetFPS.exe,15040,DESKTOP-M4PIKSF\dani,0x00004E98,Section,,,READ_CONTROL|DELETE|WRITE_DAC|WRITE_OWNER|QUERY|MAP_WRITE|MAP_READ
ReetFPS.exe,15040,DESKTOP-M4PIKSF\dani,0x00004E9C,Section,,,READ_CONTROL|DELETE|WRITE_DAC|WRITE_OWNER|QUERY|MAP_WRITE|MAP_READ
ReetFPS.exe,15040,DESKTOP-M4PIKSF\dani,0x00004EA0,Section,,,READ_CONTROL|DELETE|WRITE_DAC|WRITE_OWNER|QUERY|MAP_WRITE|MAP_READ
ReetFPS.exe,15040,DESKTOP-M4PIKSF\dani,0x00004EA4,Section,,,READ_CONTROL|DELETE|WRITE_DAC|WRITE_OWNER|QUERY|MAP_WRITE|MAP_READ
ReetFPS.exe,15040,DESKTOP-M4PIKSF\dani,0x00004EA8,Section,,,READ_CONTROL|DELETE|WRITE_DAC|WRITE_OWNER|QUERY|MAP_WRITE|MAP_READ
ReetFPS.exe,15040,DESKTOP-M4PIKSF\dani,0x00004EAC,Section,,,READ_CONTROL|DELETE|WRITE_DAC|WRITE_OWNER|QUERY|MAP_WRITE|MAP_READ
ReetFPS.exe,15040,DESKTOP-M4PIKSF\dani,0x00004EB0,Section,,,READ_CONTROL|DELETE|WRITE_DAC|WRITE_OWNER|QUERY|MAP_WRITE|MAP_READ
ReetFPS.exe,15040,DESKTOP-M4PIKSF\dani,0x00004EB4,Section,,,READ_CONTROL|DELETE|WRITE_DAC|WRITE_OWNER|QUERY|MAP_WRITE|MAP_READ
ReetFPS.exe,15040,DESKTOP-M4PIKSF\dani,0x00004EB8,Section,,,READ_CONTROL|DELETE|WRITE_DAC|WRITE_OWNER|QUERY|MAP_WRITE|MAP_READ
ReetFPS.exe,15040,DESKTOP-M4PIKSF\dani,0x00004EBC,Section,,,READ_CONTROL|DELETE|WRITE_DAC|WRITE_OWNER|QUERY|MAP_WRITE|MAP_READ
ReetFPS.exe,15040,DESKTOP-M4PIKSF\dani,0x00004EC0,Section,,,READ_CONTROL|DELETE|WRITE_DAC|WRITE_OWNER|QUERY|MAP_WRITE|MAP_READ
ReetFPS.exe,15040,DESKTOP-M4PIKSF\dani,0x00004EC4,Section,,,READ_CONTROL|DELETE|WRITE_DAC|WRITE_OWNER|QUERY|MAP_WRITE|MAP_READ
ReetFPS.exe,15040,DESKTOP-M4PIKSF\dani,0x00004EC8,Section,,,READ_CONTROL|DELETE|WRITE_DAC|WRITE_OWNER|QUERY|MAP_WRITE|MAP_READ
ReetFPS.exe,15040,DESKTOP-M4PIKSF\dani,0x00004ECC,Section,,,READ_CONTROL|DELETE|WRITE_DAC|WRITE_OWNER|QUERY|MAP_WRITE|MAP_READ
ReetFPS.exe,15040,DESKTOP-M4PIKSF\dani,0x00004ED0,Section,,,READ_CONTROL|DELETE|WRITE_DAC|WRITE_OWNER|QUERY|MAP_WRITE|MAP_READ
ReetFPS.exe,15040,DESKTOP-M4PIKSF\dani,0x00004ED4,Section,,,READ_CONTROL|DELETE|WRITE_DAC|WRITE_OWNER|QUERY|MAP_WRITE|MAP_READ
ReetFPS.exe,15040,DESKTOP-M4PIKSF\dani,0x00004ED8,Section,,,READ_CONTROL|DELETE|WRITE_DAC|WRITE_OWNER|QUERY|MAP_WRITE|MAP_READ
ReetFPS.exe,15040,DESKTOP-M4PIKSF\dani,0x00004EDC,Section,,,READ_CONTROL|DELETE|WRITE_DAC|WRITE_OWNER|QUERY|MAP_WRITE|MAP_READ
ReetFPS.exe,15040,DESKTOP-M4PIKSF\dani,0x00004EE0,Section,,,READ_CONTROL|DELETE|WRITE_DAC|WRITE_OWNER|QUERY|MAP_WRITE|MAP_READ
ReetFPS.exe,15040,DESKTOP-M4PIKSF\dani,0x00004EE4,Section,,,READ_CONTROL|DELETE|WRITE_DAC|WRITE_OWNER|QUERY|MAP_WRITE|MAP_READ
ReetFPS.exe,15040,DESKTOP-M4PIKSF\dani,0x00004EE8,Section,,,READ_CONTROL|DELETE|WRITE_DAC|WRITE_OWNER|QUERY|MAP_WRITE|MAP_READ
ReetFPS.exe,15040,DESKTOP-M4PIKSF\dani,0x00004EEC,Section,,,READ_CONTROL|DELETE|WRITE_DAC|WRITE_OWNER|QUERY|MAP_WRITE|MAP_READ
ReetFPS.exe,15040,DESKTOP-M4PIKSF\dani,0x00004EF0,Section,,,READ_CONTROL|DELETE|WRITE_DAC|WRITE_OWNER|QUERY|MAP_WRITE|MAP_READ
ReetFPS.exe,15040,DESKTOP-M4PIKSF\dani,0x00004EF4,Section,,,READ_CONTROL|DELETE|WRITE_DAC|WRITE_OWNER|QUERY|MAP_WRITE|MAP_READ
ReetFPS.exe,15040,DESKTOP-M4PIKSF\dani,0x00004EF8,Section,,,READ_CONTROL|DELETE|WRITE_DAC|WRITE_OWNER|QUERY|MAP_WRITE|MAP_READ
ReetFPS.exe,15040,DESKTOP-M4PIKSF\dani,0x00004EFC,Section,,,READ_CONTROL|DELETE|WRITE_DAC|WRITE_OWNER|QUERY|MAP_WRITE|MAP_READ
ReetFPS.exe,15040,DESKTOP-M4PIKSF\dani,0x00004F00,Section,,,READ_CONTROL|DELETE|WRITE_DAC|WRITE_OWNER|QUERY|MAP_WRITE|MAP_READ
ReetFPS.exe,15040,DESKTOP-M4PIKSF\dani,0x00004F04,Section,,,READ_CONTROL|DELETE|WRITE_DAC|WRITE_OWNER|QUERY|MAP_WRITE|MAP_READ
ReetFPS.exe,15040,DESKTOP-M4PIKSF\dani,0x00004F08,Section,,,READ_CONTROL|DELETE|WRITE_DAC|WRITE_OWNER|QUERY|MAP_WRITE|MAP_READ
ReetFPS.exe,15040,DESKTOP-M4PIKSF\dani,0x00004F0C,Section,,,READ_CONTROL|DELETE|WRITE_DAC|WRITE_OWNER|QUERY|MAP_WRITE|MAP_READ
ReetFPS.exe,15040,DESKTOP-M4PIKSF\dani,0x00004F10,Section,,,READ_CONTROL|DELETE|WRITE_DAC|WRITE_OWNER|QUERY|MAP_WRITE|MAP_READ
ReetFPS.exe,15040,DESKTOP-M4PIKSF\dani,0x00004F14,Section,,,READ_CONTROL|DELETE|WRITE_DAC|WRITE_OWNER|QUERY|MAP_WRITE|MAP_READ
ReetFPS.exe,15040,DESKTOP-M4PIKSF\dani,0x00004F18,Section,,,READ_CONTROL|DELETE|WRITE_DAC|WRITE_OWNER|QUERY|MAP_WRITE|MAP_READ
ReetFPS.exe,15040,DESKTOP-M4PIKSF\dani,0x00004F1C,Section,,,READ_CONTROL|DELETE|WRITE_DAC|WRITE_OWNER|QUERY|MAP_WRITE|MAP_READ
ReetFPS.exe,15040,DESKTOP-M4PIKSF\dani,0x00004F20,Section,,,READ_CONTROL|DELETE|WRITE_DAC|WRITE_OWNER|QUERY|MAP_WRITE|MAP_READ
ReetFPS.exe,15040,DESKTOP-M4PIKSF\dani,0x00004F24,Section,,,READ_CONTROL|DELETE|WRITE_DAC|WRITE_OWNER|QUERY|MAP_WRITE|MAP_READ
ReetFPS.exe,15040,DESKTOP-M4PIKSF\dani,0x00004F28,Section,,,READ_CONTROL|DELETE|WRITE_DAC|WRITE_OWNER|QUERY|MAP_WRITE|MAP_READ
ReetFPS.exe,15040,DESKTOP-M4PIKSF\dani,0x00004F2C,Section,,,READ_CONTROL|DELETE|WRITE_DAC|WRITE_OWNER|QUERY|MAP_WRITE|MAP_READ
ReetFPS.exe,15040,DESKTOP-M4PIKSF\dani,0x00004F30,Section,,,READ_CONTROL|DELETE|WRITE_DAC|WRITE_OWNER|QUERY|MAP_WRITE|MAP_READ
ReetFPS.exe,15040,DESKTOP-M4PIKSF\dani,0x00004F34,Section,,,READ_CONTROL|DELETE|WRITE_DAC|WRITE_OWNER|QUERY|MAP_WRITE|MAP_READ
ReetFPS.exe,15040,DESKTOP-M4PIKSF\dani,0x00004F38,Section,,,READ_CONTROL|DELETE|WRITE_DAC|WRITE_OWNER|QUERY|MAP_WRITE|MAP_READ
ReetFPS.exe,15040,DESKTOP-M4PIKSF\dani,0x00004F3C,Section,,,READ_CONTROL|DELETE|WRITE_DAC|WRITE_OWNER|QUERY|MAP_WRITE|MAP_READ
ReetFPS.exe,15040,DESKTOP-M4PIKSF\dani,0x00004F40,Section,,,READ_CONTROL|DELETE|WRITE_DAC|WRITE_OWNER|QUERY|MAP_WRITE|MAP_READ
ReetFPS.exe,15040,DESKTOP-M4PIKSF\dani,0x00004F44,Section,,,READ_CONTROL|DELETE|WRITE_DAC|WRITE_OWNER|QUERY|MAP_WRITE|MAP_READ
ReetFPS.exe,15040,DESKTOP-M4PIKSF\dani,0x00004F48,Section,,,READ_CONTROL|DELETE|WRITE_DAC|WRITE_OWNER|QUERY|MAP_WRITE|MAP_READ
ReetFPS.exe,15040,DESKTOP-M4PIKSF\dani,0x00004F4C,Section,,,READ_CONTROL|DELETE|WRITE_DAC|WRITE_OWNER|QUERY|MAP_WRITE|MAP_READ
ReetFPS.exe,15040,DESKTOP-M4PIKSF\dani,0x00004F50,Section,,,READ_CONTROL|DELETE|WRITE_DAC|WRITE_OWNER|QUERY|MAP_WRITE|MAP_READ
ReetFPS.exe,15040,DESKTOP-M4PIKSF\dani,0x00004F54,Section,,,READ_CONTROL|DELETE|WRITE_DAC|WRITE_OWNER|QUERY|MAP_WRITE|MAP_READ
ReetFPS.exe,15040,DESKTOP-M4PIKSF\dani,0x00004F58,Section,,,READ_CONTROL|DELETE|WRITE_DAC|WRITE_OWNER|QUERY|MAP_WRITE|MAP_READ
ReetFPS.exe,15040,DESKTOP-M4PIKSF\dani,0x00004F5C,Section,,,READ_CONTROL|DELETE|WRITE_DAC|WRITE_OWNER|QUERY|MAP_WRITE|MAP_READ
ReetFPS.exe,15040,DESKTOP-M4PIKSF\dani,0x00004F60,Section,,,READ_CONTROL|DELETE|WRITE_DAC|WRITE_OWNER|QUERY|MAP_WRITE|MAP_READ
ReetFPS.exe,15040,DESKTOP-M4PIKSF\dani,0x00004F64,Section,,,READ_CONTROL|DELETE|WRITE_DAC|WRITE_OWNER|QUERY|MAP_WRITE|MAP_READ
ReetFPS.exe,15040,DESKTOP-M4PIKSF\dani,0x00004F68,Section,,,READ_CONTROL|DELETE|WRITE_DAC|WRITE_OWNER|QUERY|MAP_WRITE|MAP_READ
ReetFPS.exe,15040,DESKTOP-M4PIKSF\dani,0x00004F6C,Section,,,READ_CONTROL|DELETE|WRITE_DAC|WRITE_OWNER|QUERY|MAP_WRITE|MAP_READ
ReetFPS.exe,15040,DESKTOP-M4PIKSF\dani,0x00004F70,Section,,,READ_CONTROL|DELETE|WRITE_DAC|WRITE_OWNER|QUERY|MAP_WRITE|MAP_READ
ReetFPS.exe,15040,DESKTOP-M4PIKSF\dani,0x00004F74,Section,,,READ_CONTROL|DELETE|WRITE_DAC|WRITE_OWNER|QUERY|MAP_WRITE|MAP_READ
ReetFPS.exe,15040,DESKTOP-M4PIKSF\dani,0x00004F78,Section,,,READ_CONTROL|DELETE|WRITE_DAC|WRITE_OWNER|QUERY|MAP_WRITE|MAP_READ
ReetFPS.exe,15040,DESKTOP-M4PIKSF\dani,0x00004F7C,Section,,,READ_CONTROL|DELETE|WRITE_DAC|WRITE_OWNER|QUERY|MAP_WRITE|MAP_READ
ReetFPS.exe,15040,DESKTOP-M4PIKSF\dani,0x00004F80,Section,,,READ_CONTROL|DELETE|WRITE_DAC|WRITE_OWNER|QUERY|MAP_WRITE|MAP_READ
ReetFPS.exe,15040,DESKTOP-M4PIKSF\dani,0x00004F84,Section,,,READ_CONTROL|DELETE|WRITE_DAC|WRITE_OWNER|QUERY|MAP_WRITE|MAP_READ
ReetFPS.exe,15040,DESKTOP-M4PIKSF\dani,0x00004F88,Section,,,READ_CONTROL|DELETE|WRITE_DAC|WRITE_OWNER|QUERY|MAP_WRITE|MAP_READ
ReetFPS.exe,15040,DESKTOP-M4PIKSF\dani,0x00004F8C,Section,,,READ_CONTROL|DELETE|WRITE_DAC|WRITE_OWNER|QUERY|MAP_WRITE|MAP_READ
ReetFPS.exe,15040,DESKTOP-M4PIKSF\dani,0x00004F90,Section,,,READ_CONTROL|DELETE|WRITE_DAC|WRITE_OWNER|QUERY|MAP_WRITE|MAP_READ
ReetFPS.exe,15040,DESKTOP-M4PIKSF\dani,0x00004F94,Section,,,READ_CONTROL|DELETE|WRITE_DAC|WRITE_OWNER|QUERY|MAP_WRITE|MAP_READ
ReetFPS.exe,15040,DESKTOP-M4PIKSF\dani,0x00004F98,Section,,,READ_CONTROL|DELETE|WRITE_DAC|WRITE_OWNER|QUERY|MAP_WRITE|MAP_READ
ReetFPS.exe,15040,DESKTOP-M4PIKSF\dani,0x00004F9C,Section,,,READ_CONTROL|DELETE|WRITE_DAC|WRITE_OWNER|QUERY|MAP_WRITE|MAP_READ
ReetFPS.exe,15040,DESKTOP-M4PIKSF\dani,0x00004FA0,Section,,,READ_CONTROL|DELETE|WRITE_DAC|WRITE_OWNER|QUERY|MAP_WRITE|MAP_READ
ReetFPS.exe,15040,DESKTOP-M4PIKSF\dani,0x00004FA4,Section,,,READ_CONTROL|DELETE|WRITE_DAC|WRITE_OWNER|QUERY|MAP_WRITE|MAP_READ
ReetFPS.exe,15040,DESKTOP-M4PIKSF\dani,0x00004FA8,Section,,,READ_CONTROL|DELETE|WRITE_DAC|WRITE_OWNER|QUERY|MAP_WRITE|MAP_READ
ReetFPS.exe,15040,DESKTOP-M4PIKSF\dani,0x00004FAC,Section,,,READ_CONTROL|DELETE|WRITE_DAC|WRITE_OWNER|QUERY|MAP_WRITE|MAP_READ
ReetFPS.exe,15040,DESKTOP-M4PIKSF\dani,0x00004FB0,Section,,,READ_CONTROL|DELETE|WRITE_DAC|WRITE_OWNER|QUERY|MAP_WRITE|MAP_READ
ReetFPS.exe,15040,DESKTOP-M4PIKSF\dani,0x00004FB4,Section,,,READ_CONTROL|DELETE|WRITE_DAC|WRITE_OWNER|QUERY|MAP_WRITE|MAP_READ
ReetFPS.exe,15040,DESKTOP-M4PIKSF\dani,0x00004FB8,Section,,,READ_CONTROL|DELETE|WRITE_DAC|WRITE_OWNER|QUERY|MAP_WRITE|MAP_READ
ReetFPS.exe,15040,DESKTOP-M4PIKSF\dani,0x00004FBC,Section,,,READ_CONTROL|DELETE|WRITE_DAC|WRITE_OWNER|QUERY|MAP_WRITE|MAP_READ
ReetFPS.exe,15040,DESKTOP-M4PIKSF\dani,0x00004FC0,Section,,,READ_CONTROL|DELETE|WRITE_DAC|WRITE_OWNER|QUERY|MAP_WRITE|MAP_READ
ReetFPS.exe,15040,DESKTOP-M4PIKSF\dani,0x00004FC4,Section,,,READ_CONTROL|DELETE|WRITE_DAC|WRITE_OWNER|QUERY|MAP_WRITE|MAP_READ
ReetFPS.exe,15040,DESKTOP-M4PIKSF\dani,0x00004FC8,Section,,,READ_CONTROL|DELETE|WRITE_DAC|WRITE_OWNER|QUERY|MAP_WRITE|MAP_READ
ReetFPS.exe,15040,DESKTOP-M4PIKSF\dani,0x00004FCC,Section,,,READ_CONTROL|DELETE|WRITE_DAC|WRITE_OWNER|QUERY|MAP_WRITE|MAP_READ
ReetFPS.exe,15040,DESKTOP-M4PIKSF\dani,0x00004FD0,Section,,,READ_CONTROL|DELETE|WRITE_DAC|WRITE_OWNER|QUERY|MAP_WRITE|MAP_READ
ReetFPS.exe,15040,DESKTOP-M4PIKSF\dani,0x00004FD4,Section,,,READ_CONTROL|DELETE|WRITE_DAC|WRITE_OWNER|QUERY|MAP_WRITE|MAP_READ
ReetFPS.exe,15040,DESKTOP-M4PIKSF\dani,0x00004FD8,Section,,,READ_CONTROL|DELETE|WRITE_DAC|WRITE_OWNER|QUERY|MAP_WRITE|MAP_READ
ReetFPS.exe,15040,DESKTOP-M4PIKSF\dani,0x00004FDC,Section,,,READ_CONTROL|DELETE|WRITE_DAC|WRITE_OWNER|QUERY|MAP_WRITE|MAP_READ
ReetFPS.exe,15040,DESKTOP-M4PIKSF\dani,0x00004FE0,Section,,,READ_CONTROL|DELETE|WRITE_DAC|WRITE_OWNER|QUERY|MAP_WRITE|MAP_READ
ReetFPS.exe,15040,DESKTOP-M4PIKSF\dani,0x00004FE4,Section,,,READ_CONTROL|DELETE|WRITE_DAC|WRITE_OWNER|QUERY|MAP_WRITE|MAP_READ
ReetFPS.exe,15040,DESKTOP-M4PIKSF\dani,0x00004FE8,Section,,,READ_CONTROL|DELETE|WRITE_DAC|WRITE_OWNER|QUERY|MAP_WRITE|MAP_READ
ReetFPS.exe,15040,DESKTOP-M4PIKSF\dani,0x00004FEC,Section,,,READ_CONTROL|DELETE|WRITE_DAC|WRITE_OWNER|QUERY|MAP_WRITE|MAP_READ
ReetFPS.exe,15040,DESKTOP-M4PIKSF\dani,0x00004FF0,Section,,,READ_CONTROL|DELETE|WRITE_DAC|WRITE_OWNER|QUERY|MAP_WRITE|MAP_READ
ReetFPS.exe,15040,DESKTOP-M4PIKSF\dani,0x00004FF4,Section,,,READ_CONTROL|DELETE|WRITE_DAC|WRITE_OWNER|QUERY|MAP_WRITE|MAP_READ
ReetFPS.exe,15040,DESKTOP-M4PIKSF\dani,0x00004FF8,Section,,,READ_CONTROL|DELETE|WRITE_DAC|WRITE_OWNER|QUERY|MAP_WRITE|MAP_READ
ReetFPS.exe,15040,DESKTOP-M4PIKSF\dani,0x00004FFC,Section,,,READ_CONTROL|DELETE|WRITE_DAC|WRITE_OWNER|QUERY|MAP_WRITE|MAP_READ
ReetFPS.exe,15040,DESKTOP-M4PIKSF\dani,0x00005004,Section,,,READ_CONTROL|DELETE|WRITE_DAC|WRITE_OWNER|QUERY|MAP_WRITE|MAP_READ
ReetFPS.exe,15040,DESKTOP-M4PIKSF\dani,0x00005008,Section,,,READ_CONTROL|DELETE|WRITE_DAC|WRITE_OWNER|QUERY|MAP_WRITE|MAP_READ
ReetFPS.exe,15040,DESKTOP-M4PIKSF\dani,0x0000500C,Section,,,READ_CONTROL|DELETE|WRITE_DAC|WRITE_OWNER|QUERY|MAP_WRITE|MAP_READ
ReetFPS.exe,15040,DESKTOP-M4PIKSF\dani,0x00005010,Section,,,READ_CONTROL|DELETE|WRITE_DAC|WRITE_OWNER|QUERY|MAP_WRITE|MAP_READ
ReetFPS.exe,15040,DESKTOP-M4PIKSF\dani,0x00005014,Section,,,READ_CONTROL|DELETE|WRITE_DAC|WRITE_OWNER|QUERY|MAP_WRITE|MAP_READ
ReetFPS.exe,15040,DESKTOP-M4PIKSF\dani,0x00005018,Section,,,READ_CONTROL|DELETE|WRITE_DAC|WRITE_OWNER|QUERY|MAP_WRITE|MAP_READ
ReetFPS.exe,15040,DESKTOP-M4PIKSF\dani,0x0000501C,Section,,,READ_CONTROL|DELETE|WRITE_DAC|WRITE_OWNER|QUERY|MAP_WRITE|MAP_READ
ReetFPS.exe,15040,DESKTOP-M4PIKSF\dani,0x00005020,Section,,,READ_CONTROL|DELETE|WRITE_DAC|WRITE_OWNER|QUERY|MAP_WRITE|MAP_READ
ReetFPS.exe,15040,DESKTOP-M4PIKSF\dani,0x00005024,Section,,,READ_CONTROL|DELETE|WRITE_DAC|WRITE_OWNER|QUERY|MAP_WRITE|MAP_READ
ReetFPS.exe,15040,DESKTOP-M4PIKSF\dani,0x00005028,Section,,,READ_CONTROL|DELETE|WRITE_DAC|WRITE_OWNER|QUERY|MAP_WRITE|MAP_READ
ReetFPS.exe,15040,DESKTOP-M4PIKSF\dani,0x0000502C,Section,,,READ_CONTROL|DELETE|WRITE_DAC|WRITE_OWNER|QUERY|MAP_WRITE|MAP_READ
ReetFPS.exe,15040,DESKTOP-M4PIKSF\dani,0x00005030,Section,,,READ_CONTROL|DELETE|WRITE_DAC|WRITE_OWNER|QUERY|MAP_WRITE|MAP_READ
ReetFPS.exe,15040,DESKTOP-M4PIKSF\dani,0x00005034,Section,,,READ_CONTROL|DELETE|WRITE_DAC|WRITE_OWNER|QUERY|MAP_WRITE|MAP_READ
ReetFPS.exe,15040,DESKTOP-M4PIKSF\dani,0x00005038,Section,,,READ_CONTROL|DELETE|WRITE_DAC|WRITE_OWNER|QUERY|MAP_WRITE|MAP_READ
ReetFPS.exe,15040,DESKTOP-M4PIKSF\dani,0x0000503C,Section,,,READ_CONTROL|DELETE|WRITE_DAC|WRITE_OWNER|QUERY|MAP_WRITE|MAP_READ
ReetFPS.exe,15040,DESKTOP-M4PIKSF\dani,0x00005040,Section,,,READ_CONTROL|DELETE|WRITE_DAC|WRITE_OWNER|QUERY|MAP_WRITE|MAP_READ
ReetFPS.exe,15040,DESKTOP-M4PIKSF\dani,0x00005044,Section,,,READ_CONTROL|DELETE|WRITE_DAC|WRITE_OWNER|QUERY|MAP_WRITE|MAP_READ
ReetFPS.exe,15040,DESKTOP-M4PIKSF\dani,0x00005048,Section,,,READ_CONTROL|DELETE|WRITE_DAC|WRITE_OWNER|QUERY|MAP_WRITE|MAP_READ
ReetFPS.exe,15040,DESKTOP-M4PIKSF\dani,0x0000504C,Section,,,READ_CONTROL|DELETE|WRITE_DAC|WRITE_OWNER|QUERY|MAP_WRITE|MAP_READ
ReetFPS.exe,15040,DESKTOP-M4PIKSF\dani,0x00005050,Section,,,READ_CONTROL|DELETE|WRITE_DAC|WRITE_OWNER|QUERY|MAP_WRITE|MAP_READ
ReetFPS.exe,15040,DESKTOP-M4PIKSF\dani,0x00005054,Section,,,READ_CONTROL|DELETE|WRITE_DAC|WRITE_OWNER|QUERY|MAP_WRITE|MAP_READ
ReetFPS.exe,15040,DESKTOP-M4PIKSF\dani,0x00005058,Section,,,READ_CONTROL|DELETE|WRITE_DAC|WRITE_OWNER|QUERY|MAP_WRITE|MAP_READ
ReetFPS.exe,15040,DESKTOP-M4PIKSF\dani,0x0000505C,Section,,,READ_CONTROL|DELETE|WRITE_DAC|WRITE_OWNER|QUERY|MAP_WRITE|MAP_READ
ReetFPS.exe,15040,DESKTOP-M4PIKSF\dani,0x00005060,Section,,,READ_CONTROL|DELETE|WRITE_DAC|WRITE_OWNER|QUERY|MAP_WRITE|MAP_READ
ReetFPS.exe,15040,DESKTOP-M4PIKSF\dani,0x00005064,Section,,,READ_CONTROL|DELETE|WRITE_DAC|WRITE_OWNER|QUERY|MAP_WRITE|MAP_READ
ReetFPS.exe,15040,DESKTOP-M4PIKSF\dani,0x00005068,Section,,,READ_CONTROL|DELETE|WRITE_DAC|WRITE_OWNER|QUERY|MAP_WRITE|MAP_READ
ReetFPS.exe,15040,DESKTOP-M4PIKSF\dani,0x0000506C,Section,,,READ_CONTROL|DELETE|WRITE_DAC|WRITE_OWNER|QUERY|MAP_WRITE|MAP_READ
ReetFPS.exe,15040,DESKTOP-M4PIKSF\dani,0x00005070,Section,,,READ_CONTROL|DELETE|WRITE_DAC|WRITE_OWNER|QUERY|MAP_WRITE|MAP_READ
ReetFPS.exe,15040,DESKTOP-M4PIKSF\dani,0x00005074,Section,,,READ_CONTROL|DELETE|WRITE_DAC|WRITE_OWNER|QUERY|MAP_WRITE|MAP_READ
ReetFPS.exe,15040,DESKTOP-M4PIKSF\dani,0x00005078,Section,,,READ_CONTROL|DELETE|WRITE_DAC|WRITE_OWNER|QUERY|MAP_WRITE|MAP_READ
ReetFPS.exe,15040,DESKTOP-M4PIKSF\dani,0x0000507C,Section,,,READ_CONTROL|DELETE|WRITE_DAC|WRITE_OWNER|QUERY|MAP_WRITE|MAP_READ
ReetFPS.exe,15040,DESKTOP-M4PIKSF\dani,0x00005080,Section,,,READ_CONTROL|DELETE|WRITE_DAC|WRITE_OWNER|QUERY|MAP_WRITE|MAP_READ
ReetFPS.exe,15040,DESKTOP-M4PIKSF\dani,0x00005084,Section,,,READ_CONTROL|DELETE|WRITE_DAC|WRITE_OWNER|QUERY|MAP_WRITE|MAP_READ
ReetFPS.exe,15040,DESKTOP-M4PIKSF\dani,0x00005088,Section,,,READ_CONTROL|DELETE|WRITE_DAC|WRITE_OWNER|QUERY|MAP_WRITE|MAP_READ
ReetFPS.exe,15040,DESKTOP-M4PIKSF\dani,0x0000508C,Section,,,READ_CONTROL|DELETE|WRITE_DAC|WRITE_OWNER|QUERY|MAP_WRITE|MAP_READ
ReetFPS.exe,15040,DESKTOP-M4PIKSF\dani,0x00005090,Section,,,READ_CONTROL|DELETE|WRITE_DAC|WRITE_OWNER|QUERY|MAP_WRITE|MAP_READ
ReetFPS.exe,15040,DESKTOP-M4PIKSF\dani,0x00005094,Section,,,READ_CONTROL|DELETE|WRITE_DAC|WRITE_OWNER|QUERY|MAP_WRITE|MAP_READ
ReetFPS.exe,15040,DESKTOP-M4PIKSF\dani,0x00005098,Section,,,READ_CONTROL|DELETE|WRITE_DAC|WRITE_OWNER|QUERY|MAP_WRITE|MAP_READ
ReetFPS.exe,15040,DESKTOP-M4PIKSF\dani,0x0000509C,Section,,,READ_CONTROL|DELETE|WRITE_DAC|WRITE_OWNER|QUERY|MAP_WRITE|MAP_READ
ReetFPS.exe,15040,DESKTOP-M4PIKSF\dani,0x000050A0,Section,,,READ_CONTROL|DELETE|WRITE_DAC|WRITE_OWNER|QUERY|MAP_WRITE|MAP_READ
ReetFPS.exe,15040,DESKTOP-M4PIKSF\dani,0x000050A4,Section,,,READ_CONTROL|DELETE|WRITE_DAC|WRITE_OWNER|QUERY|MAP_WRITE|MAP_READ
ReetFPS.exe,15040,DESKTOP-M4PIKSF\dani,0x000050A8,Section,,,READ_CONTROL|DELETE|WRITE_DAC|WRITE_OWNER|QUERY|MAP_WRITE|MAP_READ
ReetFPS.exe,15040,DESKTOP-M4PIKSF\dani,0x000050AC,Section,,,READ_CONTROL|DELETE|WRITE_DAC|WRITE_OWNER|QUERY|MAP_WRITE|MAP_READ
ReetFPS.exe,15040,DESKTOP-M4PIKSF\dani,0x000050B0,Section,,,READ_CONTROL|DELETE|WRITE_DAC|WRITE_OWNER|QUERY|MAP_WRITE|MAP_READ
ReetFPS.exe,15040,DESKTOP-M4PIKSF\dani,0x000050B4,Section,,,READ_CONTROL|DELETE|WRITE_DAC|WRITE_OWNER|QUERY|MAP_WRITE|MAP_READ
ReetFPS.exe,15040,DESKTOP-M4PIKSF\dani,0x000050B8,Section,,,READ_CONTROL|DELETE|WRITE_DAC|WRITE_OWNER|QUERY|MAP_WRITE|MAP_READ
ReetFPS.exe,15040,DESKTOP-M4PIKSF\dani,0x000050BC,Section,,,READ_CONTROL|DELETE|WRITE_DAC|WRITE_OWNER|QUERY|MAP_WRITE|MAP_READ
ReetFPS.exe,15040,DESKTOP-M4PIKSF\dani,0x000050C0,Section,,,READ_CONTROL|DELETE|WRITE_DAC|WRITE_OWNER|QUERY|MAP_WRITE|MAP_READ
ReetFPS.exe,15040,DESKTOP-M4PIKSF\dani,0x000050C4,Section,,,READ_CONTROL|DELETE|WRITE_DAC|WRITE_OWNER|QUERY|MAP_WRITE|MAP_READ
ReetFPS.exe,15040,DESKTOP-M4PIKSF\dani,0x000050C8,Section,,,READ_CONTROL|DELETE|WRITE_DAC|WRITE_OWNER|QUERY|MAP_WRITE|MAP_READ
ReetFPS.exe,15040,DESKTOP-M4PIKSF\dani,0x000050CC,Section,,,READ_CONTROL|DELETE|WRITE_DAC|WRITE_OWNER|QUERY|MAP_WRITE|MAP_READ
ReetFPS.exe,15040,DESKTOP-M4PIKSF\dani,0x000050D0,Section,,,READ_CONTROL|DELETE|WRITE_DAC|WRITE_OWNER|QUERY|MAP_WRITE|MAP_READ
ReetFPS.exe,15040,DESKTOP-M4PIKSF\dani,0x000050D4,Section,,,READ_CONTROL|DELETE|WRITE_DAC|WRITE_OWNER|QUERY|MAP_WRITE|MAP_READ
ReetFPS.exe,15040,DESKTOP-M4PIKSF\dani,0x000050D8,Section,,,READ_CONTROL|DELETE|WRITE_DAC|WRITE_OWNER|QUERY|MAP_WRITE|MAP_READ
ReetFPS.exe,15040,DESKTOP-M4PIKSF\dani,0x000050DC,Section,,,READ_CONTROL|DELETE|WRITE_DAC|WRITE_OWNER|QUERY|MAP_WRITE|MAP_READ
ReetFPS.exe,15040,DESKTOP-M4PIKSF\dani,0x000050E0,Section,,,READ_CONTROL|DELETE|WRITE_DAC|WRITE_OWNER|QUERY|MAP_WRITE|MAP_READ
ReetFPS.exe,15040,DESKTOP-M4PIKSF\dani,0x000050E4,Section,,,READ_CONTROL|DELETE|WRITE_DAC|WRITE_OWNER|QUERY|MAP_WRITE|MAP_READ
ReetFPS.exe,15040,DESKTOP-M4PIKSF\dani,0x000050E8,Section,,,READ_CONTROL|DELETE|WRITE_DAC|WRITE_OWNER|QUERY|MAP_WRITE|MAP_READ
ReetFPS.exe,15040,DESKTOP-M4PIKSF\dani,0x000050EC,Section,,,READ_CONTROL|DELETE|WRITE_DAC|WRITE_OWNER|QUERY|MAP_WRITE|MAP_READ
ReetFPS.exe,15040,DESKTOP-M4PIKSF\dani,0x000050F0,Section,,,READ_CONTROL|DELETE|WRITE_DAC|WRITE_OWNER|QUERY|MAP_WRITE|MAP_READ
ReetFPS.exe,15040,DESKTOP-M4PIKSF\dani,0x000050F4,Section,,,READ_CONTROL|DELETE|WRITE_DAC|WRITE_OWNER|QUERY|MAP_WRITE|MAP_READ
ReetFPS.exe,15040,DESKTOP-M4PIKSF\dani,0x000050F8,Section,,,READ_CONTROL|DELETE|WRITE_DAC|WRITE_OWNER|QUERY|MAP_WRITE|MAP_READ
ReetFPS.exe,15040,DESKTOP-M4PIKSF\dani,0x000050FC,Section,,,READ_CONTROL|DELETE|WRITE_DAC|WRITE_OWNER|QUERY|MAP_WRITE|MAP_READ
ReetFPS.exe,15040,DESKTOP-M4PIKSF\dani,0x00005100,Section,,,READ_CONTROL|DELETE|WRITE_DAC|WRITE_OWNER|QUERY|MAP_WRITE|MAP_READ
ReetFPS.exe,15040,DESKTOP-M4PIKSF\dani,0x00005104,Section,,,READ_CONTROL|DELETE|WRITE_DAC|WRITE_OWNER|QUERY|MAP_WRITE|MAP_READ
ReetFPS.exe,15040,DESKTOP-M4PIKSF\dani,0x00005108,Section,,,READ_CONTROL|DELETE|WRITE_DAC|WRITE_OWNER|QUERY|MAP_WRITE|MAP_READ
ReetFPS.exe,15040,DESKTOP-M4PIKSF\dani,0x0000510C,Section,,,READ_CONTROL|DELETE|WRITE_DAC|WRITE_OWNER|QUERY|MAP_WRITE|MAP_READ
ReetFPS.exe,15040,DESKTOP-M4PIKSF\dani,0x00005110,Section,,,READ_CONTROL|DELETE|WRITE_DAC|WRITE_OWNER|QUERY|MAP_WRITE|MAP_READ
ReetFPS.exe,15040,DESKTOP-M4PIKSF\dani,0x00005114,Section,,,READ_CONTROL|DELETE|WRITE_DAC|WRITE_OWNER|QUERY|MAP_WRITE|MAP_READ
ReetFPS.exe,15040,DESKTOP-M4PIKSF\dani,0x00005118,Section,,,READ_CONTROL|DELETE|WRITE_DAC|WRITE_OWNER|QUERY|MAP_WRITE|MAP_READ
ReetFPS.exe,15040,DESKTOP-M4PIKSF\dani,0x0000511C,Section,,,READ_CONTROL|DELETE|WRITE_DAC|WRITE_OWNER|QUERY|MAP_WRITE|MAP_READ
ReetFPS.exe,15040,DESKTOP-M4PIKSF\dani,0x00005120,Section,,,READ_CONTROL|DELETE|WRITE_DAC|WRITE_OWNER|QUERY|MAP_WRITE|MAP_READ
ReetFPS.exe,15040,DESKTOP-M4PIKSF\dani,0x00005124,Section,,,READ_CONTROL|DELETE|WRITE_DAC|WRITE_OWNER|QUERY|MAP_WRITE|MAP_READ
ReetFPS.exe,15040,DESKTOP-M4PIKSF\dani,0x00005128,Section,,,READ_CONTROL|DELETE|WRITE_DAC|WRITE_OWNER|QUERY|MAP_WRITE|MAP_READ
ReetFPS.exe,15040,DESKTOP-M4PIKSF\dani,0x0000512C,Section,,,READ_CONTROL|DELETE|WRITE_DAC|WRITE_OWNER|QUERY|MAP_WRITE|MAP_READ
ReetFPS.exe,15040,DESKTOP-M4PIKSF\dani,0x00005130,Section,,,READ_CONTROL|DELETE|WRITE_DAC|WRITE_OWNER|QUERY|MAP_WRITE|MAP_READ
ReetFPS.exe,15040,DESKTOP-M4PIKSF\dani,0x00005134,Section,,,READ_CONTROL|DELETE|WRITE_DAC|WRITE_OWNER|QUERY|MAP_WRITE|MAP_READ
ReetFPS.exe,15040,DESKTOP-M4PIKSF\dani,0x00005138,Section,,,READ_CONTROL|DELETE|WRITE_DAC|WRITE_OWNER|QUERY|MAP_WRITE|MAP_READ
ReetFPS.exe,15040,DESKTOP-M4PIKSF\dani,0x0000513C,Section,,,READ_CONTROL|DELETE|WRITE_DAC|WRITE_OWNER|QUERY|MAP_WRITE|MAP_READ
ReetFPS.exe,15040,DESKTOP-M4PIKSF\dani,0x00005140,Section,,,READ_CONTROL|DELETE|WRITE_DAC|WRITE_OWNER|QUERY|MAP_WRITE|MAP_READ
ReetFPS.exe,15040,DESKTOP-M4PIKSF\dani,0x00005144,Section,,,READ_CONTROL|DELETE|WRITE_DAC|WRITE_OWNER|QUERY|MAP_WRITE|MAP_READ
ReetFPS.exe,15040,DESKTOP-M4PIKSF\dani,0x00005148,Section,,,READ_CONTROL|DELETE|WRITE_DAC|WRITE_OWNER|QUERY|MAP_WRITE|MAP_READ
ReetFPS.exe,15040,DESKTOP-M4PIKSF\dani,0x0000514C,Section,,,READ_CONTROL|DELETE|WRITE_DAC|WRITE_OWNER|QUERY|MAP_WRITE|MAP_READ
ReetFPS.exe,15040,DESKTOP-M4PIKSF\dani,0x00005150,Section,,,READ_CONTROL|DELETE|WRITE_DAC|WRITE_OWNER|QUERY|MAP_WRITE|MAP_READ
ReetFPS.exe,15040,DESKTOP-M4PIKSF\dani,0x00005154,Section,,,READ_CONTROL|DELETE|WRITE_DAC|WRITE_OWNER|QUERY|MAP_WRITE|MAP_READ
ReetFPS.exe,15040,DESKTOP-M4PIKSF\dani,0x00005158,Section,,,READ_CONTROL|DELETE|WRITE_DAC|WRITE_OWNER|QUERY|MAP_WRITE|MAP_READ
ReetFPS.exe,15040,DESKTOP-M4PIKSF\dani,0x0000515C,Section,,,READ_CONTROL|DELETE|WRITE_DAC|WRITE_OWNER|QUERY|MAP_WRITE|MAP_READ
ReetFPS.exe,15040,DESKTOP-M4PIKSF\dani,0x00005160,Section,,,READ_CONTROL|DELETE|WRITE_DAC|WRITE_OWNER|QUERY|MAP_WRITE|MAP_READ
ReetFPS.exe,15040,DESKTOP-M4PIKSF\dani,0x00005164,Section,,,READ_CONTROL|DELETE|WRITE_DAC|WRITE_OWNER|QUERY|MAP_WRITE|MAP_READ
ReetFPS.exe,15040,DESKTOP-M4PIKSF\dani,0x00005168,Section,,,READ_CONTROL|DELETE|WRITE_DAC|WRITE_OWNER|QUERY|MAP_WRITE|MAP_READ
ReetFPS.exe,15040,DESKTOP-M4PIKSF\dani,0x0000516C,Section,,,READ_CONTROL|DELETE|WRITE_DAC|WRITE_OWNER|QUERY|MAP_WRITE|MAP_READ
ReetFPS.exe,15040,DESKTOP-M4PIKSF\dani,0x00005170,Section,,,READ_CONTROL|DELETE|WRITE_DAC|WRITE_OWNER|QUERY|MAP_WRITE|MAP_READ
ReetFPS.exe,15040,DESKTOP-M4PIKSF\dani,0x00005174,Section,,,READ_CONTROL|DELETE|WRITE_DAC|WRITE_OWNER|QUERY|MAP_WRITE|MAP_READ
ReetFPS.exe,15040,DESKTOP-M4PIKSF\dani,0x00005178,Section,,,READ_CONTROL|DELETE|WRITE_DAC|WRITE_OWNER|QUERY|MAP_WRITE|MAP_READ
ReetFPS.exe,15040,DESKTOP-M4PIKSF\dani,0x0000517C,Section,,,READ_CONTROL|DELETE|WRITE_DAC|WRITE_OWNER|QUERY|MAP_WRITE|MAP_READ
ReetFPS.exe,15040,DESKTOP-M4PIKSF\dani,0x00005180,Section,,,READ_CONTROL|DELETE|WRITE_DAC|WRITE_OWNER|QUERY|MAP_WRITE|MAP_READ
ReetFPS.exe,15040,DESKTOP-M4PIKSF\dani,0x00005184,Section,,,READ_CONTROL|DELETE|WRITE_DAC|WRITE_OWNER|QUERY|MAP_WRITE|MAP_READ
ReetFPS.exe,15040,DESKTOP-M4PIKSF\dani,0x00005188,Section,,,READ_CONTROL|DELETE|WRITE_DAC|WRITE_OWNER|QUERY|MAP_WRITE|MAP_READ
ReetFPS.exe,15040,DESKTOP-M4PIKSF\dani,0x0000518C,Section,,,READ_CONTROL|DELETE|WRITE_DAC|WRITE_OWNER|QUERY|MAP_WRITE|MAP_READ
ReetFPS.exe,15040,DESKTOP-M4PIKSF\dani,0x00005190,Section,,,READ_CONTROL|DELETE|WRITE_DAC|WRITE_OWNER|QUERY|MAP_WRITE|MAP_READ
ReetFPS.exe,15040,DESKTOP-M4PIKSF\dani,0x00005194,Section,,,READ_CONTROL|DELETE|WRITE_DAC|WRITE_OWNER|QUERY|MAP_WRITE|MAP_READ
ReetFPS.exe,15040,DESKTOP-M4PIKSF\dani,0x00005198,Section,,,READ_CONTROL|DELETE|WRITE_DAC|WRITE_OWNER|QUERY|MAP_WRITE|MAP_READ
ReetFPS.exe,15040,DESKTOP-M4PIKSF\dani,0x0000519C,Section,,,READ_CONTROL|DELETE|WRITE_DAC|WRITE_OWNER|QUERY|MAP_WRITE|MAP_READ
ReetFPS.exe,15040,DESKTOP-M4PIKSF\dani,0x000051A0,Section,,,READ_CONTROL|DELETE|WRITE_DAC|WRITE_OWNER|QUERY|MAP_WRITE|MAP_READ
ReetFPS.exe,15040,DESKTOP-M4PIKSF\dani,0x000051A4,Section,,,READ_CONTROL|DELETE|WRITE_DAC|WRITE_OWNER|QUERY|MAP_WRITE|MAP_READ
ReetFPS.exe,15040,DESKTOP-M4PIKSF\dani,0x000051A8,Section,,,READ_CONTROL|DELETE|WRITE_DAC|WRITE_OWNER|QUERY|MAP_WRITE|MAP_READ
ReetFPS.exe,15040,DESKTOP-M4PIKSF\dani,0x000051AC,Section,,,READ_CONTROL|DELETE|WRITE_DAC|WRITE_OWNER|QUERY|MAP_WRITE|MAP_READ
ReetFPS.exe,15040,DESKTOP-M4PIKSF\dani,0x000051B0,Section,,,READ_CONTROL|DELETE|WRITE_DAC|WRITE_OWNER|QUERY|MAP_WRITE|MAP_READ
ReetFPS.exe,15040,DESKTOP-M4PIKSF\dani,0x000051B4,Section,,,READ_CONTROL|DELETE|WRITE_DAC|WRITE_OWNER|QUERY|MAP_WRITE|MAP_READ
ReetFPS.exe,15040,DESKTOP-M4PIKSF\dani,0x000051B8,Section,,,READ_CONTROL|DELETE|WRITE_DAC|WRITE_OWNER|QUERY|MAP_WRITE|MAP_READ
ReetFPS.exe,15040,DESKTOP-M4PIKSF\dani,0x000051BC,Section,,,READ_CONTROL|DELETE|WRITE_DAC|WRITE_OWNER|QUERY|MAP_WRITE|MAP_READ
ReetFPS.exe,15040,DESKTOP-M4PIKSF\dani,0x000051C0,Section,,,READ_CONTROL|DELETE|WRITE_DAC|WRITE_OWNER|QUERY|MAP_WRITE|MAP_READ
ReetFPS.exe,15040,DESKTOP-M4PIKSF\dani,0x000051C4,Section,,,READ_CONTROL|DELETE|WRITE_DAC|WRITE_OWNER|QUERY|MAP_WRITE|MAP_READ
ReetFPS.exe,15040,DESKTOP-M4PIKSF\dani,0x000051C8,Section,,,READ_CONTROL|DELETE|WRITE_DAC|WRITE_OWNER|QUERY|MAP_WRITE|MAP_READ
ReetFPS.exe,15040,DESKTOP-M4PIKSF\dani,0x000051CC,Section,,,READ_CONTROL|DELETE|WRITE_DAC|WRITE_OWNER|QUERY|MAP_WRITE|MAP_READ
ReetFPS.exe,15040,DESKTOP-M4PIKSF\dani,0x000051D0,Section,,,READ_CONTROL|DELETE|WRITE_DAC|WRITE_OWNER|QUERY|MAP_WRITE|MAP_READ
ReetFPS.exe,15040,DESKTOP-M4PIKSF\dani,0x000051D4,Section,,,READ_CONTROL|DELETE|WRITE_DAC|WRITE_OWNER|QUERY|MAP_WRITE|MAP_READ
ReetFPS.exe,15040,DESKTOP-M4PIKSF\dani,0x000051D8,Section,,,READ_CONTROL|DELETE|WRITE_DAC|WRITE_OWNER|QUERY|MAP_WRITE|MAP_READ
ReetFPS.exe,15040,DESKTOP-M4PIKSF\dani,0x000051DC,Section,,,READ_CONTROL|DELETE|WRITE_DAC|WRITE_OWNER|QUERY|MAP_WRITE|MAP_READ
ReetFPS.exe,15040,DESKTOP-M4PIKSF\dani,0x000051E0,Section,,,READ_CONTROL|DELETE|WRITE_DAC|WRITE_OWNER|QUERY|MAP_WRITE|MAP_READ
ReetFPS.exe,15040,DESKTOP-M4PIKSF\dani,0x000051E4,Section,,,READ_CONTROL|DELETE|WRITE_DAC|WRITE_OWNER|QUERY|MAP_WRITE|MAP_READ
ReetFPS.exe,15040,DESKTOP-M4PIKSF\dani,0x000051E8,Section,,,READ_CONTROL|DELETE|WRITE_DAC|WRITE_OWNER|QUERY|MAP_WRITE|MAP_READ
ReetFPS.exe,15040,DESKTOP-M4PIKSF\dani,0x000051EC,Section,,,READ_CONTROL|DELETE|WRITE_DAC|WRITE_OWNER|QUERY|MAP_WRITE|MAP_READ
ReetFPS.exe,15040,DESKTOP-M4PIKSF\dani,0x000051F0,Section,,,READ_CONTROL|DELETE|WRITE_DAC|WRITE_OWNER|QUERY|MAP_WRITE|MAP_READ
ReetFPS.exe,15040,DESKTOP-M4PIKSF\dani,0x000051F4,Section,,,READ_CONTROL|DELETE|WRITE_DAC|WRITE_OWNER|QUERY|MAP_WRITE|MAP_READ
ReetFPS.exe,15040,DESKTOP-M4PIKSF\dani,0x000051F8,Section,,,READ_CONTROL|DELETE|WRITE_DAC|WRITE_OWNER|QUERY|MAP_WRITE|MAP_READ
ReetFPS.exe,15040,DESKTOP-M4PIKSF\dani,0x000051FC,Section,,,READ_CONTROL|DELETE|WRITE_DAC|WRITE_OWNER|QUERY|MAP_WRITE|MAP_READ
ReetFPS.exe,15040,DESKTOP-M4PIKSF\dani,0x00005200,Section,,,READ_CONTROL|DELETE|WRITE_DAC|WRITE_OWNER|QUERY|MAP_WRITE|MAP_READ
ReetFPS.exe,15040,DESKTOP-M4PIKSF\dani,0x00005204,Section,,,READ_CONTROL|DELETE|WRITE_DAC|WRITE_OWNER|QUERY|MAP_WRITE|MAP_READ
ReetFPS.exe,15040,DESKTOP-M4PIKSF\dani,0x00005208,Section,,,READ_CONTROL|DELETE|WRITE_DAC|WRITE_OWNER|QUERY|MAP_WRITE|MAP_READ
ReetFPS.exe,15040,DESKTOP-M4PIKSF\dani,0x0000520C,Section,,,READ_CONTROL|DELETE|WRITE_DAC|WRITE_OWNER|QUERY|MAP_WRITE|MAP_READ
ReetFPS.exe,15040,DESKTOP-M4PIKSF\dani,0x00005210,Section,,,READ_CONTROL|DELETE|WRITE_DAC|WRITE_OWNER|QUERY|MAP_WRITE|MAP_READ
ReetFPS.exe,15040,DESKTOP-M4PIKSF\dani,0x00005214,Section,,,READ_CONTROL|DELETE|WRITE_DAC|WRITE_OWNER|QUERY|MAP_WRITE|MAP_READ
ReetFPS.exe,15040,DESKTOP-M4PIKSF\dani,0x00005218,Section,,,READ_CONTROL|DELETE|WRITE_DAC|WRITE_OWNER|QUERY|MAP_WRITE|MAP_READ
ReetFPS.exe,15040,DESKTOP-M4PIKSF\dani,0x0000521C,Section,,,READ_CONTROL|DELETE|WRITE_DAC|WRITE_OWNER|QUERY|MAP_WRITE|MAP_READ
ReetFPS.exe,15040,DESKTOP-M4PIKSF\dani,0x00005220,Section,,,READ_CONTROL|DELETE|WRITE_DAC|WRITE_OWNER|QUERY|MAP_WRITE|MAP_READ
ReetFPS.exe,15040,DESKTOP-M4PIKSF\dani,0x00005224,Section,,,READ_CONTROL|DELETE|WRITE_DAC|WRITE_OWNER|QUERY|MAP_WRITE|MAP_READ
ReetFPS.exe,15040,DESKTOP-M4PIKSF\dani,0x00005228,Section,,,READ_CONTROL|DELETE|WRITE_DAC|WRITE_OWNER|QUERY|MAP_WRITE|MAP_READ
ReetFPS.exe,15040,DESKTOP-M4PIKSF\dani,0x0000522C,Section,,,READ_CONTROL|DELETE|WRITE_DAC|WRITE_OWNER|QUERY|MAP_WRITE|MAP_READ
ReetFPS.exe,15040,DESKTOP-M4PIKSF\dani,0x00005230,Section,,,READ_CONTROL|DELETE|WRITE_DAC|WRITE_OWNER|QUERY|MAP_WRITE|MAP_READ
ReetFPS.exe,15040,DESKTOP-M4PIKSF\dani,0x00005234,Section,,,READ_CONTROL|DELETE|WRITE_DAC|WRITE_OWNER|QUERY|MAP_WRITE|MAP_READ
ReetFPS.exe,15040,DESKTOP-M4PIKSF\dani,0x00005238,Section,,,READ_CONTROL|DELETE|WRITE_DAC|WRITE_OWNER|QUERY|MAP_WRITE|MAP_READ
ReetFPS.exe,15040,DESKTOP-M4PIKSF\dani,0x0000523C,Section,,,READ_CONTROL|DELETE|WRITE_DAC|WRITE_OWNER|QUERY|MAP_WRITE|MAP_READ
ReetFPS.exe,15040,DESKTOP-M4PIKSF\dani,0x00005240,Section,,,READ_CONTROL|DELETE|WRITE_DAC|WRITE_OWNER|QUERY|MAP_WRITE|MAP_READ
ReetFPS.exe,15040,DESKTOP-M4PIKSF\dani,0x00005244,Section,,,READ_CONTROL|DELETE|WRITE_DAC|WRITE_OWNER|QUERY|MAP_WRITE|MAP_READ
ReetFPS.exe,15040,DESKTOP-M4PIKSF\dani,0x00005248,Section,,,READ_CONTROL|DELETE|WRITE_DAC|WRITE_OWNER|QUERY|MAP_WRITE|MAP_READ
ReetFPS.exe,15040,DESKTOP-M4PIKSF\dani,0x0000524C,Section,,,READ_CONTROL|DELETE|WRITE_DAC|WRITE_OWNER|QUERY|MAP_WRITE|MAP_READ
ReetFPS.exe,15040,DESKTOP-M4PIKSF\dani,0x00005250,Section,,,READ_CONTROL|DELETE|WRITE_DAC|WRITE_OWNER|QUERY|MAP_WRITE|MAP_READ
ReetFPS.exe,15040,DESKTOP-M4PIKSF\dani,0x00005254,Section,,,READ_CONTROL|DELETE|WRITE_DAC|WRITE_OWNER|QUERY|MAP_WRITE|MAP_READ
ReetFPS.exe,15040,DESKTOP-M4PIKSF\dani,0x00005258,Section,,,READ_CONTROL|DELETE|WRITE_DAC|WRITE_OWNER|QUERY|MAP_WRITE|MAP_READ
ReetFPS.exe,15040,DESKTOP-M4PIKSF\dani,0x0000525C,Section,,,READ_CONTROL|DELETE|WRITE_DAC|WRITE_OWNER|QUERY|MAP_WRITE|MAP_READ
ReetFPS.exe,15040,DESKTOP-M4PIKSF\dani,0x00005260,Section,,,READ_CONTROL|DELETE|WRITE_DAC|WRITE_OWNER|QUERY|MAP_WRITE|MAP_READ
ReetFPS.exe,15040,DESKTOP-M4PIKSF\dani,0x00005264,Section,,,READ_CONTROL|DELETE|WRITE_DAC|WRITE_OWNER|QUERY|MAP_WRITE|MAP_READ
ReetFPS.exe,15040,DESKTOP-M4PIKSF\dani,0x00005268,Section,,,READ_CONTROL|DELETE|WRITE_DAC|WRITE_OWNER|QUERY|MAP_WRITE|MAP_READ
ReetFPS.exe,15040,DESKTOP-M4PIKSF\dani,0x0000526C,Section,,,READ_CONTROL|DELETE|WRITE_DAC|WRITE_OWNER|QUERY|MAP_WRITE|MAP_READ
ReetFPS.exe,15040,DESKTOP-M4PIKSF\dani,0x00005270,Section,,,READ_CONTROL|DELETE|WRITE_DAC|WRITE_OWNER|QUERY|MAP_WRITE|MAP_READ
ReetFPS.exe,15040,DESKTOP-M4PIKSF\dani,0x00005274,Section,,,READ_CONTROL|DELETE|WRITE_DAC|WRITE_OWNER|QUERY|MAP_WRITE|MAP_READ
ReetFPS.exe,15040,DESKTOP-M4PIKSF\dani,0x00005278,Section,,,READ_CONTROL|DELETE|WRITE_DAC|WRITE_OWNER|QUERY|MAP_WRITE|MAP_READ
ReetFPS.exe,15040,DESKTOP-M4PIKSF\dani,0x0000527C,Section,,,READ_CONTROL|DELETE|WRITE_DAC|WRITE_OWNER|QUERY|MAP_WRITE|MAP_READ
ReetFPS.exe,15040,DESKTOP-M4PIKSF\dani,0x00005280,Section,,,READ_CONTROL|DELETE|WRITE_DAC|WRITE_OWNER|QUERY|MAP_WRITE|MAP_READ
ReetFPS.exe,15040,DESKTOP-M4PIKSF\dani,0x00005284,Section,,,READ_CONTROL|DELETE|WRITE_DAC|WRITE_OWNER|QUERY|MAP_WRITE|MAP_READ
ReetFPS.exe,15040,DESKTOP-M4PIKSF\dani,0x00005288,Section,,,READ_CONTROL|DELETE|WRITE_DAC|WRITE_OWNER|QUERY|MAP_WRITE|MAP_READ
ReetFPS.exe,15040,DESKTOP-M4PIKSF\dani,0x0000528C,Section,,,READ_CONTROL|DELETE|WRITE_DAC|WRITE_OWNER|QUERY|MAP_WRITE|MAP_READ
ReetFPS.exe,15040,DESKTOP-M4PIKSF\dani,0x00005290,Section,,,READ_CONTROL|DELETE|WRITE_DAC|WRITE_OWNER|QUERY|MAP_WRITE|MAP_READ
ReetFPS.exe,15040,DESKTOP-M4PIKSF\dani,0x00005294,Section,,,READ_CONTROL|DELETE|WRITE_DAC|WRITE_OWNER|QUERY|MAP_WRITE|MAP_READ
ReetFPS.exe,15040,DESKTOP-M4PIKSF\dani,0x00005298,Section,,,READ_CONTROL|DELETE|WRITE_DAC|WRITE_OWNER|QUERY|MAP_WRITE|MAP_READ
ReetFPS.exe,15040,DESKTOP-M4PIKSF\dani,0x0000529C,Section,,,READ_CONTROL|DELETE|WRITE_DAC|WRITE_OWNER|QUERY|MAP_WRITE|MAP_READ
ReetFPS.exe,15040,DESKTOP-M4PIKSF\dani,0x000052A0,Section,,,READ_CONTROL|DELETE|WRITE_DAC|WRITE_OWNER|QUERY|MAP_WRITE|MAP_READ
ReetFPS.exe,15040,DESKTOP-M4PIKSF\dani,0x000052A4,Section,,,READ_CONTROL|DELETE|WRITE_DAC|WRITE_OWNER|QUERY|MAP_WRITE|MAP_READ
ReetFPS.exe,15040,DESKTOP-M4PIKSF\dani,0x000052A8,Section,,,READ_CONTROL|DELETE|WRITE_DAC|WRITE_OWNER|QUERY|MAP_WRITE|MAP_READ
ReetFPS.exe,15040,DESKTOP-M4PIKSF\dani,0x000052AC,Section,,,READ_CONTROL|DELETE|WRITE_DAC|WRITE_OWNER|QUERY|MAP_WRITE|MAP_READ
ReetFPS.exe,15040,DESKTOP-M4PIKSF\dani,0x000052B0,Section,,,READ_CONTROL|DELETE|WRITE_DAC|WRITE_OWNER|QUERY|MAP_WRITE|MAP_READ
ReetFPS.exe,15040,DESKTOP-M4PIKSF\dani,0x000052B4,Section,,,READ_CONTROL|DELETE|WRITE_DAC|WRITE_OWNER|QUERY|MAP_WRITE|MAP_READ
ReetFPS.exe,15040,DESKTOP-M4PIKSF\dani,0x000052B8,Section,,,READ_CONTROL|DELETE|WRITE_DAC|WRITE_OWNER|QUERY|MAP_WRITE|MAP_READ
ReetFPS.exe,15040,DESKTOP-M4PIKSF\dani,0x000052BC,Section,,,READ_CONTROL|DELETE|WRITE_DAC|WRITE_OWNER|QUERY|MAP_WRITE|MAP_READ
ReetFPS.exe,15040,DESKTOP-M4PIKSF\dani,0x000052C0,Section,,,READ_CONTROL|DELETE|WRITE_DAC|WRITE_OWNER|QUERY|MAP_WRITE|MAP_READ
ReetFPS.exe,15040,DESKTOP-M4PIKSF\dani,0x000052C4,Section,,,READ_CONTROL|DELETE|WRITE_DAC|WRITE_OWNER|QUERY|MAP_WRITE|MAP_READ
ReetFPS.exe,15040,DESKTOP-M4PIKSF\dani,0x000052C8,Section,,,READ_CONTROL|DELETE|WRITE_DAC|WRITE_OWNER|QUERY|MAP_WRITE|MAP_READ
ReetFPS.exe,15040,DESKTOP-M4PIKSF\dani,0x000052CC,Section,,,READ_CONTROL|DELETE|WRITE_DAC|WRITE_OWNER|QUERY|MAP_WRITE|MAP_READ
ReetFPS.exe,15040,DESKTOP-M4PIKSF\dani,0x000052D0,Section,,,READ_CONTROL|DELETE|WRITE_DAC|WRITE_OWNER|QUERY|MAP_WRITE|MAP_READ
ReetFPS.exe,15040,DESKTOP-M4PIKSF\dani,0x000052D4,Section,,,READ_CONTROL|DELETE|WRITE_DAC|WRITE_OWNER|QUERY|MAP_WRITE|MAP_READ
ReetFPS.exe,15040,DESKTOP-M4PIKSF\dani,0x000052D8,Section,,,READ_CONTROL|DELETE|WRITE_DAC|WRITE_OWNER|QUERY|MAP_WRITE|MAP_READ
ReetFPS.exe,15040,DESKTOP-M4PIKSF\dani,0x000052DC,Section,,,READ_CONTROL|DELETE|WRITE_DAC|WRITE_OWNER|QUERY|MAP_WRITE|MAP_READ
ReetFPS.exe,15040,DESKTOP-M4PIKSF\dani,0x000052E0,Section,,,READ_CONTROL|DELETE|WRITE_DAC|WRITE_OWNER|QUERY|MAP_WRITE|MAP_READ
ReetFPS.exe,15040,DESKTOP-M4PIKSF\dani,0x000052E4,Section,,,READ_CONTROL|DELETE|WRITE_DAC|WRITE_OWNER|QUERY|MAP_WRITE|MAP_READ
ReetFPS.exe,15040,DESKTOP-M4PIKSF\dani,0x000052E8,Section,,,READ_CONTROL|DELETE|WRITE_DAC|WRITE_OWNER|QUERY|MAP_WRITE|MAP_READ
ReetFPS.exe,15040,DESKTOP-M4PIKSF\dani,0x000052EC,Section,,,READ_CONTROL|DELETE|WRITE_DAC|WRITE_OWNER|QUERY|MAP_WRITE|MAP_READ
ReetFPS.exe,15040,DESKTOP-M4PIKSF\dani,0x000052F0,Section,,,READ_CONTROL|DELETE|WRITE_DAC|WRITE_OWNER|QUERY|MAP_WRITE|MAP_READ
ReetFPS.exe,15040,DESKTOP-M4PIKSF\dani,0x000052F4,Section,,,READ_CONTROL|DELETE|WRITE_DAC|WRITE_OWNER|QUERY|MAP_WRITE|MAP_READ
ReetFPS.exe,15040,DESKTOP-M4PIKSF\dani,0x000052F8,Section,,,READ_CONTROL|DELETE|WRITE_DAC|WRITE_OWNER|QUERY|MAP_WRITE|MAP_READ
ReetFPS.exe,15040,DESKTOP-M4PIKSF\dani,0x000052FC,Section,,,READ_CONTROL|DELETE|WRITE_DAC|WRITE_OWNER|QUERY|MAP_WRITE|MAP_READ
ReetFPS.exe,15040,DESKTOP-M4PIKSF\dani,0x00005300,Section,,,READ_CONTROL|DELETE|WRITE_DAC|WRITE_OWNER|QUERY|MAP_WRITE|MAP_READ
ReetFPS.exe,15040,DESKTOP-M4PIKSF\dani,0x00005304,Section,,,READ_CONTROL|DELETE|WRITE_DAC|WRITE_OWNER|QUERY|MAP_WRITE|MAP_READ
ReetFPS.exe,15040,DESKTOP-M4PIKSF\dani,0x00005308,Section,,,READ_CONTROL|DELETE|WRITE_DAC|WRITE_OWNER|QUERY|MAP_WRITE|MAP_READ
ReetFPS.exe,15040,DESKTOP-M4PIKSF\dani,0x0000530C,Section,,,READ_CONTROL|DELETE|WRITE_DAC|WRITE_OWNER|QUERY|MAP_WRITE|MAP_READ
ReetFPS.exe,15040,DESKTOP-M4PIKSF\dani,0x00005310,Section,,,READ_CONTROL|DELETE|WRITE_DAC|WRITE_OWNER|QUERY|MAP_WRITE|MAP_READ
ReetFPS.exe,15040,DESKTOP-M4PIKSF\dani,0x00005314,Section,,,READ_CONTROL|DELETE|WRITE_DAC|WRITE_OWNER|QUERY|MAP_WRITE|MAP_READ
ReetFPS.exe,15040,DESKTOP-M4PIKSF\dani,0x00005318,Section,,,READ_CONTROL|DELETE|WRITE_DAC|WRITE_OWNER|QUERY|MAP_WRITE|MAP_READ
ReetFPS.exe,15040,DESKTOP-M4PIKSF\dani,0x0000531C,Section,,,READ_CONTROL|DELETE|WRITE_DAC|WRITE_OWNER|QUERY|MAP_WRITE|MAP_READ
ReetFPS.exe,15040,DESKTOP-M4PIKSF\dani,0x00005320,Section,,,READ_CONTROL|DELETE|WRITE_DAC|WRITE_OWNER|QUERY|MAP_WRITE|MAP_READ
ReetFPS.exe,15040,DESKTOP-M4PIKSF\dani,0x00005324,Section,,,READ_CONTROL|DELETE|WRITE_DAC|WRITE_OWNER|QUERY|MAP_WRITE|MAP_READ
ReetFPS.exe,15040,DESKTOP-M4PIKSF\dani,0x00005328,Section,,,READ_CONTROL|DELETE|WRITE_DAC|WRITE_OWNER|QUERY|MAP_WRITE|MAP_READ
ReetFPS.exe,15040,DESKTOP-M4PIKSF\dani,0x0000532C,Section,,,READ_CONTROL|DELETE|WRITE_DAC|WRITE_OWNER|QUERY|MAP_WRITE|MAP_READ
ReetFPS.exe,15040,DESKTOP-M4PIKSF\dani,0x00005330,Section,,,READ_CONTROL|DELETE|WRITE_DAC|WRITE_OWNER|QUERY|MAP_WRITE|MAP_READ
ReetFPS.exe,15040,DESKTOP-M4PIKSF\dani,0x00005334,Section,,,READ_CONTROL|DELETE|WRITE_DAC|WRITE_OWNER|QUERY|MAP_WRITE|MAP_READ
ReetFPS.exe,15040,DESKTOP-M4PIKSF\dani,0x00005338,Section,,,READ_CONTROL|DELETE|WRITE_DAC|WRITE_OWNER|QUERY|MAP_WRITE|MAP_READ
ReetFPS.exe,15040,DESKTOP-M4PIKSF\dani,0x0000533C,Section,,,READ_CONTROL|DELETE|WRITE_DAC|WRITE_OWNER|QUERY|MAP_WRITE|MAP_READ
ReetFPS.exe,15040,DESKTOP-M4PIKSF\dani,0x00005340,Section,,,READ_CONTROL|DELETE|WRITE_DAC|WRITE_OWNER|QUERY|MAP_WRITE|MAP_READ
ReetFPS.exe,15040,DESKTOP-M4PIKSF\dani,0x00005344,Section,,,READ_CONTROL|DELETE|WRITE_DAC|WRITE_OWNER|QUERY|MAP_WRITE|MAP_READ
ReetFPS.exe,15040,DESKTOP-M4PIKSF\dani,0x00005348,Section,,,READ_CONTROL|DELETE|WRITE_DAC|WRITE_OWNER|QUERY|MAP_WRITE|MAP_READ
ReetFPS.exe,15040,DESKTOP-M4PIKSF\dani,0x0000534C,Section,,,READ_CONTROL|DELETE|WRITE_DAC|WRITE_OWNER|QUERY|MAP_WRITE|MAP_READ
ReetFPS.exe,15040,DESKTOP-M4PIKSF\dani,0x00005350,Section,,,READ_CONTROL|DELETE|WRITE_DAC|WRITE_OWNER|QUERY|MAP_WRITE|MAP_READ
ReetFPS.exe,15040,DESKTOP-M4PIKSF\dani,0x00005354,Section,,,READ_CONTROL|DELETE|WRITE_DAC|WRITE_OWNER|QUERY|MAP_WRITE|MAP_READ
ReetFPS.exe,15040,DESKTOP-M4PIKSF\dani,0x00005358,Section,,,READ_CONTROL|DELETE|WRITE_DAC|WRITE_OWNER|QUERY|MAP_WRITE|MAP_READ
ReetFPS.exe,15040,DESKTOP-M4PIKSF\dani,0x0000535C,Section,,,READ_CONTROL|DELETE|WRITE_DAC|WRITE_OWNER|QUERY|MAP_WRITE|MAP_READ
ReetFPS.exe,15040,DESKTOP-M4PIKSF\dani,0x00005360,Section,,,READ_CONTROL|DELETE|WRITE_DAC|WRITE_OWNER|QUERY|MAP_WRITE|MAP_READ
ReetFPS.exe,15040,DESKTOP-M4PIKSF\dani,0x00005364,Section,,,READ_CONTROL|DELETE|WRITE_DAC|WRITE_OWNER|QUERY|MAP_WRITE|MAP_READ
ReetFPS.exe,15040,DESKTOP-M4PIKSF\dani,0x00005368,Section,,,READ_CONTROL|DELETE|WRITE_DAC|WRITE_OWNER|QUERY|MAP_WRITE|MAP_READ
ReetFPS.exe,15040,DESKTOP-M4PIKSF\dani,0x0000536C,Section,,,READ_CONTROL|DELETE|WRITE_DAC|WRITE_OWNER|QUERY|MAP_WRITE|MAP_READ
ReetFPS.exe,15040,DESKTOP-M4PIKSF\dani,0x00005370,Section,,,READ_CONTROL|DELETE|WRITE_DAC|WRITE_OWNER|QUERY|MAP_WRITE|MAP_READ
ReetFPS.exe,15040,DESKTOP-M4PIKSF\dani,0x00005374,Section,,,READ_CONTROL|DELETE|WRITE_DAC|WRITE_OWNER|QUERY|MAP_WRITE|MAP_READ
ReetFPS.exe,15040,DESKTOP-M4PIKSF\dani,0x00005378,Section,,,READ_CONTROL|DELETE|WRITE_DAC|WRITE_OWNER|QUERY|MAP_WRITE|MAP_READ
ReetFPS.exe,15040,DESKTOP-M4PIKSF\dani,0x0000537C,Section,,,READ_CONTROL|DELETE|WRITE_DAC|WRITE_OWNER|QUERY|MAP_WRITE|MAP_READ
ReetFPS.exe,15040,DESKTOP-M4PIKSF\dani,0x00005380,Section,,,READ_CONTROL|DELETE|WRITE_DAC|WRITE_OWNER|QUERY|MAP_WRITE|MAP_READ
ReetFPS.exe,15040,DESKTOP-M4PIKSF\dani,0x00005384,Section,,,READ_CONTROL|DELETE|WRITE_DAC|WRITE_OWNER|QUERY|MAP_WRITE|MAP_READ
ReetFPS.exe,15040,DESKTOP-M4PIKSF\dani,0x00005388,Section,,,READ_CONTROL|DELETE|WRITE_DAC|WRITE_OWNER|QUERY|MAP_WRITE|MAP_READ
ReetFPS.exe,15040,DESKTOP-M4PIKSF\dani,0x0000538C,Section,,,READ_CONTROL|DELETE|WRITE_DAC|WRITE_OWNER|QUERY|MAP_WRITE|MAP_READ
ReetFPS.exe,15040,DESKTOP-M4PIKSF\dani,0x00005390,Section,,,READ_CONTROL|DELETE|WRITE_DAC|WRITE_OWNER|QUERY|MAP_WRITE|MAP_READ
ReetFPS.exe,15040,DESKTOP-M4PIKSF\dani,0x00005394,Section,,,READ_CONTROL|DELETE|WRITE_DAC|WRITE_OWNER|QUERY|MAP_WRITE|MAP_READ
ReetFPS.exe,15040,DESKTOP-M4PIKSF\dani,0x00005398,Section,,,READ_CONTROL|DELETE|WRITE_DAC|WRITE_OWNER|QUERY|MAP_WRITE|MAP_READ
ReetFPS.exe,15040,DESKTOP-M4PIKSF\dani,0x0000539C,Section,,,READ_CONTROL|DELETE|WRITE_DAC|WRITE_OWNER|QUERY|MAP_WRITE|MAP_READ
ReetFPS.exe,15040,DESKTOP-M4PIKSF\dani,0x000053A0,Section,,,READ_CONTROL|DELETE|WRITE_DAC|WRITE_OWNER|QUERY|MAP_WRITE|MAP_READ
ReetFPS.exe,15040,DESKTOP-M4PIKSF\dani,0x000053A4,Section,,,READ_CONTROL|DELETE|WRITE_DAC|WRITE_OWNER|QUERY|MAP_WRITE|MAP_READ
ReetFPS.exe,15040,DESKTOP-M4PIKSF\dani,0x000053A8,Section,,,READ_CONTROL|DELETE|WRITE_DAC|WRITE_OWNER|QUERY|MAP_WRITE|MAP_READ
ReetFPS.exe,15040,DESKTOP-M4PIKSF\dani,0x000053AC,Section,,,READ_CONTROL|DELETE|WRITE_DAC|WRITE_OWNER|QUERY|MAP_WRITE|MAP_READ
ReetFPS.exe,15040,DESKTOP-M4PIKSF\dani,0x000053B0,Section,,,READ_CONTROL|DELETE|WRITE_DAC|WRITE_OWNER|QUERY|MAP_WRITE|MAP_READ
ReetFPS.exe,15040,DESKTOP-M4PIKSF\dani,0x000053B4,Section,,,READ_CONTROL|DELETE|WRITE_DAC|WRITE_OWNER|QUERY|MAP_WRITE|MAP_READ
ReetFPS.exe,15040,DESKTOP-M4PIKSF\dani,0x000053B8,Section,,,READ_CONTROL|DELETE|WRITE_DAC|WRITE_OWNER|QUERY|MAP_WRITE|MAP_READ
ReetFPS.exe,15040,DESKTOP-M4PIKSF\dani,0x000053BC,Section,,,READ_CONTROL|DELETE|WRITE_DAC|WRITE_OWNER|QUERY|MAP_WRITE|MAP_READ
ReetFPS.exe,15040,DESKTOP-M4PIKSF\dani,0x000053C0,Section,,,READ_CONTROL|DELETE|WRITE_DAC|WRITE_OWNER|QUERY|MAP_WRITE|MAP_READ
ReetFPS.exe,15040,DESKTOP-M4PIKSF\dani,0x000053C4,Section,,,READ_CONTROL|DELETE|WRITE_DAC|WRITE_OWNER|QUERY|MAP_WRITE|MAP_READ
ReetFPS.exe,15040,DESKTOP-M4PIKSF\dani,0x000053C8,Section,,,READ_CONTROL|DELETE|WRITE_DAC|WRITE_OWNER|QUERY|MAP_WRITE|MAP_READ
ReetFPS.exe,15040,DESKTOP-M4PIKSF\dani,0x000053CC,Section,,,READ_CONTROL|DELETE|WRITE_DAC|WRITE_OWNER|QUERY|MAP_WRITE|MAP_READ
ReetFPS.exe,15040,DESKTOP-M4PIKSF\dani,0x000053D0,Section,,,READ_CONTROL|DELETE|WRITE_DAC|WRITE_OWNER|QUERY|MAP_WRITE|MAP_READ
ReetFPS.exe,15040,DESKTOP-M4PIKSF\dani,0x000053D4,Section,,,READ_CONTROL|DELETE|WRITE_DAC|WRITE_OWNER|QUERY|MAP_WRITE|MAP_READ
ReetFPS.exe,15040,DESKTOP-M4PIKSF\dani,0x000053D8,Section,,,READ_CONTROL|DELETE|WRITE_DAC|WRITE_OWNER|QUERY|MAP_WRITE|MAP_READ
ReetFPS.exe,15040,DESKTOP-M4PIKSF\dani,0x000053DC,Section,,,READ_CONTROL|DELETE|WRITE_DAC|WRITE_OWNER|QUERY|MAP_WRITE|MAP_READ
ReetFPS.exe,15040,DESKTOP-M4PIKSF\dani,0x000053E0,Section,,,READ_CONTROL|DELETE|WRITE_DAC|WRITE_OWNER|QUERY|MAP_WRITE|MAP_READ
ReetFPS.exe,15040,DESKTOP-M4PIKSF\dani,0x000053E4,Section,,,READ_CONTROL|DELETE|WRITE_DAC|WRITE_OWNER|QUERY|MAP_WRITE|MAP_READ
ReetFPS.exe,15040,DESKTOP-M4PIKSF\dani,0x000053E8,Section,,,READ_CONTROL|DELETE|WRITE_DAC|WRITE_OWNER|QUERY|MAP_WRITE|MAP_READ
ReetFPS.exe,15040,DESKTOP-M4PIKSF\dani,0x000053EC,Section,,,READ_CONTROL|DELETE|WRITE_DAC|WRITE_OWNER|QUERY|MAP_WRITE|MAP_READ
ReetFPS.exe,15040,DESKTOP-M4PIKSF\dani,0x000053F0,Section,,,READ_CONTROL|DELETE|WRITE_DAC|WRITE_OWNER|QUERY|MAP_WRITE|MAP_READ
ReetFPS.exe,15040,DESKTOP-M4PIKSF\dani,0x000053F4,Section,,,READ_CONTROL|DELETE|WRITE_DAC|WRITE_OWNER|QUERY|MAP_WRITE|MAP_READ
ReetFPS.exe,15040,DESKTOP-M4PIKSF\dani,0x000053F8,Section,,,READ_CONTROL|DELETE|WRITE_DAC|WRITE_OWNER|QUERY|MAP_WRITE|MAP_READ
ReetFPS.exe,15040,DESKTOP-M4PIKSF\dani,0x000053FC,Section,,,READ_CONTROL|DELETE|WRITE_DAC|WRITE_OWNER|QUERY|MAP_WRITE|MAP_READ
ReetFPS.exe,15040,DESKTOP-M4PIKSF\dani,0x00005404,Section,,,READ_CONTROL|DELETE|WRITE_DAC|WRITE_OWNER|QUERY|MAP_WRITE|MAP_READ
ReetFPS.exe,15040,DESKTOP-M4PIKSF\dani,0x00005408,Section,,,READ_CONTROL|DELETE|WRITE_DAC|WRITE_OWNER|QUERY|MAP_WRITE|MAP_READ
ReetFPS.exe,15040,DESKTOP-M4PIKSF\dani,0x0000540C,Section,,,READ_CONTROL|DELETE|WRITE_DAC|WRITE_OWNER|QUERY|MAP_WRITE|MAP_READ
ReetFPS.exe,15040,DESKTOP-M4PIKSF\dani,0x00005410,Section,,,READ_CONTROL|DELETE|WRITE_DAC|WRITE_OWNER|QUERY|MAP_WRITE|MAP_READ
ReetFPS.exe,15040,DESKTOP-M4PIKSF\dani,0x00005414,Section,,,READ_CONTROL|DELETE|WRITE_DAC|WRITE_OWNER|QUERY|MAP_WRITE|MAP_READ
ReetFPS.exe,15040,DESKTOP-M4PIKSF\dani,0x00005418,Section,,,READ_CONTROL|DELETE|WRITE_DAC|WRITE_OWNER|QUERY|MAP_WRITE|MAP_READ
ReetFPS.exe,15040,DESKTOP-M4PIKSF\dani,0x0000541C,Section,,,READ_CONTROL|DELETE|WRITE_DAC|WRITE_OWNER|QUERY|MAP_WRITE|MAP_READ
ReetFPS.exe,15040,DESKTOP-M4PIKSF\dani,0x00005420,Section,,,READ_CONTROL|DELETE|WRITE_DAC|WRITE_OWNER|QUERY|MAP_WRITE|MAP_READ
ReetFPS.exe,15040,DESKTOP-M4PIKSF\dani,0x00005424,Section,,,READ_CONTROL|DELETE|WRITE_DAC|WRITE_OWNER|QUERY|MAP_WRITE|MAP_READ
ReetFPS.exe,15040,DESKTOP-M4PIKSF\dani,0x00005428,Section,,,READ_CONTROL|DELETE|WRITE_DAC|WRITE_OWNER|QUERY|MAP_WRITE|MAP_READ
ReetFPS.exe,15040,DESKTOP-M4PIKSF\dani,0x0000542C,Section,,,READ_CONTROL|DELETE|WRITE_DAC|WRITE_OWNER|QUERY|MAP_WRITE|MAP_READ
ReetFPS.exe,15040,DESKTOP-M4PIKSF\dani,0x00005430,Section,,,READ_CONTROL|DELETE|WRITE_DAC|WRITE_OWNER|QUERY|MAP_WRITE|MAP_READ
ReetFPS.exe,15040,DESKTOP-M4PIKSF\dani,0x00005434,Section,,,READ_CONTROL|DELETE|WRITE_DAC|WRITE_OWNER|QUERY|MAP_WRITE|MAP_READ
ReetFPS.exe,15040,DESKTOP-M4PIKSF\dani,0x00005438,Section,,,READ_CONTROL|DELETE|WRITE_DAC|WRITE_OWNER|QUERY|MAP_WRITE|MAP_READ
ReetFPS.exe,15040,DESKTOP-M4PIKSF\dani,0x0000543C,Section,,,READ_CONTROL|DELETE|WRITE_DAC|WRITE_OWNER|QUERY|MAP_WRITE|MAP_READ
ReetFPS.exe,15040,DESKTOP-M4PIKSF\dani,0x00005440,Section,,,READ_CONTROL|DELETE|WRITE_DAC|WRITE_OWNER|QUERY|MAP_WRITE|MAP_READ
ReetFPS.exe,15040,DESKTOP-M4PIKSF\dani,0x00005444,Section,,,READ_CONTROL|DELETE|WRITE_DAC|WRITE_OWNER|QUERY|MAP_WRITE|MAP_READ
ReetFPS.exe,15040,DESKTOP-M4PIKSF\dani,0x00005448,Section,,,READ_CONTROL|DELETE|WRITE_DAC|WRITE_OWNER|QUERY|MAP_WRITE|MAP_READ
ReetFPS.exe,15040,DESKTOP-M4PIKSF\dani,0x0000544C,Section,,,READ_CONTROL|DELETE|WRITE_DAC|WRITE_OWNER|QUERY|MAP_WRITE|MAP_READ
ReetFPS.exe,15040,DESKTOP-M4PIKSF\dani,0x00005450,Section,,,READ_CONTROL|DELETE|WRITE_DAC|WRITE_OWNER|QUERY|MAP_WRITE|MAP_READ
ReetFPS.exe,15040,DESKTOP-M4PIKSF\dani,0x00005454,Section,,,READ_CONTROL|DELETE|WRITE_DAC|WRITE_OWNER|QUERY|MAP_WRITE|MAP_READ
ReetFPS.exe,15040,DESKTOP-M4PIKSF\dani,0x00005458,Section,,,READ_CONTROL|DELETE|WRITE_DAC|WRITE_OWNER|QUERY|MAP_WRITE|MAP_READ
ReetFPS.exe,15040,DESKTOP-M4PIKSF\dani,0x0000545C,Section,,,READ_CONTROL|DELETE|WRITE_DAC|WRITE_OWNER|QUERY|MAP_WRITE|MAP_READ
ReetFPS.exe,15040,DESKTOP-M4PIKSF\dani,0x00005460,Section,,,READ_CONTROL|DELETE|WRITE_DAC|WRITE_OWNER|QUERY|MAP_WRITE|MAP_READ
ReetFPS.exe,15040,DESKTOP-M4PIKSF\dani,0x00005464,Section,,,READ_CONTROL|DELETE|WRITE_DAC|WRITE_OWNER|QUERY|MAP_WRITE|MAP_READ
ReetFPS.exe,15040,DESKTOP-M4PIKSF\dani,0x00005468,Section,,,READ_CONTROL|DELETE|WRITE_DAC|WRITE_OWNER|QUERY|MAP_WRITE|MAP_READ
ReetFPS.exe,15040,DESKTOP-M4PIKSF\dani,0x0000546C,Section,,,READ_CONTROL|DELETE|WRITE_DAC|WRITE_OWNER|QUERY|MAP_WRITE|MAP_READ
ReetFPS.exe,15040,DESKTOP-M4PIKSF\dani,0x00005470,Section,,,READ_CONTROL|DELETE|WRITE_DAC|WRITE_OWNER|QUERY|MAP_WRITE|MAP_READ
ReetFPS.exe,15040,DESKTOP-M4PIKSF\dani,0x00005474,Section,,,READ_CONTROL|DELETE|WRITE_DAC|WRITE_OWNER|QUERY|MAP_WRITE|MAP_READ
ReetFPS.exe,15040,DESKTOP-M4PIKSF\dani,0x00005478,Section,,,READ_CONTROL|DELETE|WRITE_DAC|WRITE_OWNER|QUERY|MAP_WRITE|MAP_READ
ReetFPS.exe,15040,DESKTOP-M4PIKSF\dani,0x0000547C,Section,,,READ_CONTROL|DELETE|WRITE_DAC|WRITE_OWNER|QUERY|MAP_WRITE|MAP_READ
ReetFPS.exe,15040,DESKTOP-M4PIKSF\dani,0x00005480,Section,,,READ_CONTROL|DELETE|WRITE_DAC|WRITE_OWNER|QUERY|MAP_WRITE|MAP_READ
ReetFPS.exe,15040,DESKTOP-M4PIKSF\dani,0x00005484,Section,,,READ_CONTROL|DELETE|WRITE_DAC|WRITE_OWNER|QUERY|MAP_WRITE|MAP_READ
ReetFPS.exe,15040,DESKTOP-M4PIKSF\dani,0x00005488,Section,,,READ_CONTROL|DELETE|WRITE_DAC|WRITE_OWNER|QUERY|MAP_WRITE|MAP_READ
ReetFPS.exe,15040,DESKTOP-M4PIKSF\dani,0x0000548C,Section,,,READ_CONTROL|DELETE|WRITE_DAC|WRITE_OWNER|QUERY|MAP_WRITE|MAP_READ
ReetFPS.exe,15040,DESKTOP-M4PIKSF\dani,0x00005490,Section,,,READ_CONTROL|DELETE|WRITE_DAC|WRITE_OWNER|QUERY|MAP_WRITE|MAP_READ
ReetFPS.exe,15040,DESKTOP-M4PIKSF\dani,0x00005494,Section,,,READ_CONTROL|DELETE|WRITE_DAC|WRITE_OWNER|QUERY|MAP_WRITE|MAP_READ
ReetFPS.exe,15040,DESKTOP-M4PIKSF\dani,0x00005498,Section,,,READ_CONTROL|DELETE|WRITE_DAC|WRITE_OWNER|QUERY|MAP_WRITE|MAP_READ
ReetFPS.exe,15040,DESKTOP-M4PIKSF\dani,0x0000549C,Section,,,READ_CONTROL|DELETE|WRITE_DAC|WRITE_OWNER|QUERY|MAP_WRITE|MAP_READ
ReetFPS.exe,15040,DESKTOP-M4PIKSF\dani,0x000054A0,Section,,,READ_CONTROL|DELETE|WRITE_DAC|WRITE_OWNER|QUERY|MAP_WRITE|MAP_READ
ReetFPS.exe,15040,DESKTOP-M4PIKSF\dani,0x000054A4,Section,,,READ_CONTROL|DELETE|WRITE_DAC|WRITE_OWNER|QUERY|MAP_WRITE|MAP_READ
ReetFPS.exe,15040,DESKTOP-M4PIKSF\dani,0x000054A8,Section,,,READ_CONTROL|DELETE|WRITE_DAC|WRITE_OWNER|QUERY|MAP_WRITE|MAP_READ
ReetFPS.exe,15040,DESKTOP-M4PIKSF\dani,0x000054AC,Section,,,READ_CONTROL|DELETE|WRITE_DAC|WRITE_OWNER|QUERY|MAP_WRITE|MAP_READ
ReetFPS.exe,15040,DESKTOP-M4PIKSF\dani,0x000054B0,Section,,,READ_CONTROL|DELETE|WRITE_DAC|WRITE_OWNER|QUERY|MAP_WRITE|MAP_READ
ReetFPS.exe,15040,DESKTOP-M4PIKSF\dani,0x000054B4,Section,,,READ_CONTROL|DELETE|WRITE_DAC|WRITE_OWNER|QUERY|MAP_WRITE|MAP_READ
ReetFPS.exe,15040,DESKTOP-M4PIKSF\dani,0x000054B8,Section,,,READ_CONTROL|DELETE|WRITE_DAC|WRITE_OWNER|QUERY|MAP_WRITE|MAP_READ
ReetFPS.exe,15040,DESKTOP-M4PIKSF\dani,0x000054BC,Section,,,READ_CONTROL|DELETE|WRITE_DAC|WRITE_OWNER|QUERY|MAP_WRITE|MAP_READ
ReetFPS.exe,15040,DESKTOP-M4PIKSF\dani,0x000054C0,Section,,,READ_CONTROL|DELETE|WRITE_DAC|WRITE_OWNER|QUERY|MAP_WRITE|MAP_READ
ReetFPS.exe,15040,DESKTOP-M4PIKSF\dani,0x000054C4,Section,,,READ_CONTROL|DELETE|WRITE_DAC|WRITE_OWNER|QUERY|MAP_WRITE|MAP_READ
ReetFPS.exe,15040,DESKTOP-M4PIKSF\dani,0x000054C8,Section,,,READ_CONTROL|DELETE|WRITE_DAC|WRITE_OWNER|QUERY|MAP_WRITE|MAP_READ
ReetFPS.exe,15040,DESKTOP-M4PIKSF\dani,0x000054CC,Section,,,READ_CONTROL|DELETE|WRITE_DAC|WRITE_OWNER|QUERY|MAP_WRITE|MAP_READ
ReetFPS.exe,15040,DESKTOP-M4PIKSF\dani,0x000054D0,Section,,,READ_CONTROL|DELETE|WRITE_DAC|WRITE_OWNER|QUERY|MAP_WRITE|MAP_READ
ReetFPS.exe,15040,DESKTOP-M4PIKSF\dani,0x000054D4,Section,,,READ_CONTROL|DELETE|WRITE_DAC|WRITE_OWNER|QUERY|MAP_WRITE|MAP_READ
ReetFPS.exe,15040,DESKTOP-M4PIKSF\dani,0x000054D8,Section,,,READ_CONTROL|DELETE|WRITE_DAC|WRITE_OWNER|QUERY|MAP_WRITE|MAP_READ
ReetFPS.exe,15040,DESKTOP-M4PIKSF\dani,0x000054DC,Section,,,READ_CONTROL|DELETE|WRITE_DAC|WRITE_OWNER|QUERY|MAP_WRITE|MAP_READ
ReetFPS.exe,15040,DESKTOP-M4PIKSF\dani,0x000054E0,Section,,,READ_CONTROL|DELETE|WRITE_DAC|WRITE_OWNER|QUERY|MAP_WRITE|MAP_READ
ReetFPS.exe,15040,DESKTOP-M4PIKSF\dani,0x000054E4,Section,,,READ_CONTROL|DELETE|WRITE_DAC|WRITE_OWNER|QUERY|MAP_WRITE|MAP_READ
ReetFPS.exe,15040,DESKTOP-M4PIKSF\dani,0x000054E8,Section,,,READ_CONTROL|DELETE|WRITE_DAC|WRITE_OWNER|QUERY|MAP_WRITE|MAP_READ
ReetFPS.exe,15040,DESKTOP-M4PIKSF\dani,0x000054EC,Section,,,READ_CONTROL|DELETE|WRITE_DAC|WRITE_OWNER|QUERY|MAP_WRITE|MAP_READ
ReetFPS.exe,15040,DESKTOP-M4PIKSF\dani,0x000054F0,Section,,,READ_CONTROL|DELETE|WRITE_DAC|WRITE_OWNER|QUERY|MAP_WRITE|MAP_READ
ReetFPS.exe,15040,DESKTOP-M4PIKSF\dani,0x000054F4,Section,,,READ_CONTROL|DELETE|WRITE_DAC|WRITE_OWNER|QUERY|MAP_WRITE|MAP_READ
ReetFPS.exe,15040,DESKTOP-M4PIKSF\dani,0x000054F8,Section,,,READ_CONTROL|DELETE|WRITE_DAC|WRITE_OWNER|QUERY|MAP_WRITE|MAP_READ
ReetFPS.exe,15040,DESKTOP-M4PIKSF\dani,0x000054FC,Section,,,READ_CONTROL|DELETE|WRITE_DAC|WRITE_OWNER|QUERY|MAP_WRITE|MAP_READ
ReetFPS.exe,15040,DESKTOP-M4PIKSF\dani,0x00005500,Section,,,READ_CONTROL|DELETE|WRITE_DAC|WRITE_OWNER|QUERY|MAP_WRITE|MAP_READ
ReetFPS.exe,15040,DESKTOP-M4PIKSF\dani,0x00005504,Section,,,READ_CONTROL|DELETE|WRITE_DAC|WRITE_OWNER|QUERY|MAP_WRITE|MAP_READ
ReetFPS.exe,15040,DESKTOP-M4PIKSF\dani,0x00005508,Section,,,READ_CONTROL|DELETE|WRITE_DAC|WRITE_OWNER|QUERY|MAP_WRITE|MAP_READ
ReetFPS.exe,15040,DESKTOP-M4PIKSF\dani,0x0000550C,Section,,,READ_CONTROL|DELETE|WRITE_DAC|WRITE_OWNER|QUERY|MAP_WRITE|MAP_READ
ReetFPS.exe,15040,DESKTOP-M4PIKSF\dani,0x00005510,Section,,,READ_CONTROL|DELETE|WRITE_DAC|WRITE_OWNER|QUERY|MAP_WRITE|MAP_READ
ReetFPS.exe,15040,DESKTOP-M4PIKSF\dani,0x00005514,Section,,,READ_CONTROL|DELETE|WRITE_DAC|WRITE_OWNER|QUERY|MAP_WRITE|MAP_READ
ReetFPS.exe,15040,DESKTOP-M4PIKSF\dani,0x00005518,Section,,,READ_CONTROL|DELETE|WRITE_DAC|WRITE_OWNER|QUERY|MAP_WRITE|MAP_READ
ReetFPS.exe,15040,DESKTOP-M4PIKSF\dani,0x0000551C,Section,,,READ_CONTROL|DELETE|WRITE_DAC|WRITE_OWNER|QUERY|MAP_WRITE|MAP_READ
ReetFPS.exe,15040,DESKTOP-M4PIKSF\dani,0x00005520,Section,,,READ_CONTROL|DELETE|WRITE_DAC|WRITE_OWNER|QUERY|MAP_WRITE|MAP_READ
ReetFPS.exe,15040,DESKTOP-M4PIKSF\dani,0x00005524,Section,,,READ_CONTROL|DELETE|WRITE_DAC|WRITE_OWNER|QUERY|MAP_WRITE|MAP_READ
ReetFPS.exe,15040,DESKTOP-M4PIKSF\dani,0x00005528,Section,,,READ_CONTROL|DELETE|WRITE_DAC|WRITE_OWNER|QUERY|MAP_WRITE|MAP_READ
ReetFPS.exe,15040,DESKTOP-M4PIKSF\dani,0x0000552C,Section,,,READ_CONTROL|DELETE|WRITE_DAC|WRITE_OWNER|QUERY|MAP_WRITE|MAP_READ
ReetFPS.exe,15040,DESKTOP-M4PIKSF\dani,0x00005530,Section,,,READ_CONTROL|DELETE|WRITE_DAC|WRITE_OWNER|QUERY|MAP_WRITE|MAP_READ
ReetFPS.exe,15040,DESKTOP-M4PIKSF\dani,0x00005534,Section,,,READ_CONTROL|DELETE|WRITE_DAC|WRITE_OWNER|QUERY|MAP_WRITE|MAP_READ
ReetFPS.exe,15040,DESKTOP-M4PIKSF\dani,0x00005538,Section,,,READ_CONTROL|DELETE|WRITE_DAC|WRITE_OWNER|QUERY|MAP_WRITE|MAP_READ
ReetFPS.exe,15040,DESKTOP-M4PIKSF\dani,0x0000553C,Section,,,READ_CONTROL|DELETE|WRITE_DAC|WRITE_OWNER|QUERY|MAP_WRITE|MAP_READ
ReetFPS.exe,15040,DESKTOP-M4PIKSF\dani,0x00005540,Section,,,READ_CONTROL|DELETE|WRITE_DAC|WRITE_OWNER|QUERY|MAP_WRITE|MAP_READ
ReetFPS.exe,15040,DESKTOP-M4PIKSF\dani,0x00005544,Section,,,READ_CONTROL|DELETE|WRITE_DAC|WRITE_OWNER|QUERY|MAP_WRITE|MAP_READ
ReetFPS.exe,15040,DESKTOP-M4PIKSF\dani,0x00005548,Section,,,READ_CONTROL|DELETE|WRITE_DAC|WRITE_OWNER|QUERY|MAP_WRITE|MAP_READ
ReetFPS.exe,15040,DESKTOP-M4PIKSF\dani,0x0000554C,Section,,,READ_CONTROL|DELETE|WRITE_DAC|WRITE_OWNER|QUERY|MAP_WRITE|MAP_READ
ReetFPS.exe,15040,DESKTOP-M4PIKSF\dani,0x00005550,Section,,,READ_CONTROL|DELETE|WRITE_DAC|WRITE_OWNER|QUERY|MAP_WRITE|MAP_READ
ReetFPS.exe,15040,DESKTOP-M4PIKSF\dani,0x00005554,Section,,,READ_CONTROL|DELETE|WRITE_DAC|WRITE_OWNER|QUERY|MAP_WRITE|MAP_READ
ReetFPS.exe,15040,DESKTOP-M4PIKSF\dani,0x00005558,Section,,,READ_CONTROL|DELETE|WRITE_DAC|WRITE_OWNER|QUERY|MAP_WRITE|MAP_READ
ReetFPS.exe,15040,DESKTOP-M4PIKSF\dani,0x0000555C,Section,,,READ_CONTROL|DELETE|WRITE_DAC|WRITE_OWNER|QUERY|MAP_WRITE|MAP_READ
ReetFPS.exe,15040,DESKTOP-M4PIKSF\dani,0x00005560,Section,,,READ_CONTROL|DELETE|WRITE_DAC|WRITE_OWNER|QUERY|MAP_WRITE|MAP_READ
ReetFPS.exe,15040,DESKTOP-M4PIKSF\dani,0x00005564,Section,,,READ_CONTROL|DELETE|WRITE_DAC|WRITE_OWNER|QUERY|MAP_WRITE|MAP_READ
ReetFPS.exe,15040,DESKTOP-M4PIKSF\dani,0x00005568,Section,,,READ_CONTROL|DELETE|WRITE_DAC|WRITE_OWNER|QUERY|MAP_WRITE|MAP_READ
ReetFPS.exe,15040,DESKTOP-M4PIKSF\dani,0x0000556C,Section,,,READ_CONTROL|DELETE|WRITE_DAC|WRITE_OWNER|QUERY|MAP_WRITE|MAP_READ
ReetFPS.exe,15040,DESKTOP-M4PIKSF\dani,0x00005570,Section,,,READ_CONTROL|DELETE|WRITE_DAC|WRITE_OWNER|QUERY|MAP_WRITE|MAP_READ
ReetFPS.exe,15040,DESKTOP-M4PIKSF\dani,0x00005574,Section,,,READ_CONTROL|DELETE|WRITE_DAC|WRITE_OWNER|QUERY|MAP_WRITE|MAP_READ
ReetFPS.exe,15040,DESKTOP-M4PIKSF\dani,0x00005578,Section,,,READ_CONTROL|DELETE|WRITE_DAC|WRITE_OWNER|QUERY|MAP_WRITE|MAP_READ
ReetFPS.exe,15040,DESKTOP-M4PIKSF\dani,0x0000557C,Section,,,READ_CONTROL|DELETE|WRITE_DAC|WRITE_OWNER|QUERY|MAP_WRITE|MAP_READ
ReetFPS.exe,15040,DESKTOP-M4PIKSF\dani,0x00005580,Section,,,READ_CONTROL|DELETE|WRITE_DAC|WRITE_OWNER|QUERY|MAP_WRITE|MAP_READ
ReetFPS.exe,15040,DESKTOP-M4PIKSF\dani,0x00005584,Section,,,READ_CONTROL|DELETE|WRITE_DAC|WRITE_OWNER|QUERY|MAP_WRITE|MAP_READ
ReetFPS.exe,15040,DESKTOP-M4PIKSF\dani,0x00005588,Section,,,READ_CONTROL|DELETE|WRITE_DAC|WRITE_OWNER|QUERY|MAP_WRITE|MAP_READ
ReetFPS.exe,15040,DESKTOP-M4PIKSF\dani,0x0000558C,Section,,,READ_CONTROL|DELETE|WRITE_DAC|WRITE_OWNER|QUERY|MAP_WRITE|MAP_READ
ReetFPS.exe,15040,DESKTOP-M4PIKSF\dani,0x00005590,Section,,,READ_CONTROL|DELETE|WRITE_DAC|WRITE_OWNER|QUERY|MAP_WRITE|MAP_READ
ReetFPS.exe,15040,DESKTOP-M4PIKSF\dani,0x00005594,Section,,,READ_CONTROL|DELETE|WRITE_DAC|WRITE_OWNER|QUERY|MAP_WRITE|MAP_READ
ReetFPS.exe,15040,DESKTOP-M4PIKSF\dani,0x00005598,Section,,,READ_CONTROL|DELETE|WRITE_DAC|WRITE_OWNER|QUERY|MAP_WRITE|MAP_READ
ReetFPS.exe,15040,DESKTOP-M4PIKSF\dani,0x0000559C,Section,,,READ_CONTROL|DELETE|WRITE_DAC|WRITE_OWNER|QUERY|MAP_WRITE|MAP_READ
ReetFPS.exe,15040,DESKTOP-M4PIKSF\dani,0x000055A0,Section,,,READ_CONTROL|DELETE|WRITE_DAC|WRITE_OWNER|QUERY|MAP_WRITE|MAP_READ
ReetFPS.exe,15040,DESKTOP-M4PIKSF\dani,0x000055A4,Section,,,READ_CONTROL|DELETE|WRITE_DAC|WRITE_OWNER|QUERY|MAP_WRITE|MAP_READ
ReetFPS.exe,15040,DESKTOP-M4PIKSF\dani,0x000055A8,Section,,,READ_CONTROL|DELETE|WRITE_DAC|WRITE_OWNER|QUERY|MAP_WRITE|MAP_READ
ReetFPS.exe,15040,DESKTOP-M4PIKSF\dani,0x000055AC,Section,,,READ_CONTROL|DELETE|WRITE_DAC|WRITE_OWNER|QUERY|MAP_WRITE|MAP_READ
ReetFPS.exe,15040,DESKTOP-M4PIKSF\dani,0x000055B0,Section,,,READ_CONTROL|DELETE|WRITE_DAC|WRITE_OWNER|QUERY|MAP_WRITE|MAP_READ
ReetFPS.exe,15040,DESKTOP-M4PIKSF\dani,0x000055B4,Section,,,READ_CONTROL|DELETE|WRITE_DAC|WRITE_OWNER|QUERY|MAP_WRITE|MAP_READ
ReetFPS.exe,15040,DESKTOP-M4PIKSF\dani,0x000055B8,Section,,,READ_CONTROL|DELETE|WRITE_DAC|WRITE_OWNER|QUERY|MAP_WRITE|MAP_READ
ReetFPS.exe,15040,DESKTOP-M4PIKSF\dani,0x000055BC,Section,,,READ_CONTROL|DELETE|WRITE_DAC|WRITE_OWNER|QUERY|MAP_WRITE|MAP_READ
ReetFPS.exe,15040,DESKTOP-M4PIKSF\dani,0x000055C0,Section,,,READ_CONTROL|DELETE|WRITE_DAC|WRITE_OWNER|QUERY|MAP_WRITE|MAP_READ
ReetFPS.exe,15040,DESKTOP-M4PIKSF\dani,0x000055C4,Section,,,READ_CONTROL|DELETE|WRITE_DAC|WRITE_OWNER|QUERY|MAP_WRITE|MAP_READ
ReetFPS.exe,15040,DESKTOP-M4PIKSF\dani,0x000055C8,Section,,,READ_CONTROL|DELETE|WRITE_DAC|WRITE_OWNER|QUERY|MAP_WRITE|MAP_READ
ReetFPS.exe,15040,DESKTOP-M4PIKSF\dani,0x000055CC,Section,,,READ_CONTROL|DELETE|WRITE_DAC|WRITE_OWNER|QUERY|MAP_WRITE|MAP_READ
ReetFPS.exe,15040,DESKTOP-M4PIKSF\dani,0x000055D0,Section,,,READ_CONTROL|DELETE|WRITE_DAC|WRITE_OWNER|QUERY|MAP_WRITE|MAP_READ
ReetFPS.exe,15040,DESKTOP-M4PIKSF\dani,0x000055D4,Section,,,READ_CONTROL|DELETE|WRITE_DAC|WRITE_OWNER|QUERY|MAP_WRITE|MAP_READ
ReetFPS.exe,15040,DESKTOP-M4PIKSF\dani,0x000055D8,Section,,,READ_CONTROL|DELETE|WRITE_DAC|WRITE_OWNER|QUERY|MAP_WRITE|MAP_READ
ReetFPS.exe,15040,DESKTOP-M4PIKSF\dani,0x000055DC,Section,,,READ_CONTROL|DELETE|WRITE_DAC|WRITE_OWNER|QUERY|MAP_WRITE|MAP_READ
ReetFPS.exe,15040,DESKTOP-M4PIKSF\dani,0x000055E0,Section,,,READ_CONTROL|DELETE|WRITE_DAC|WRITE_OWNER|QUERY|MAP_WRITE|MAP_READ
ReetFPS.exe,15040,DESKTOP-M4PIKSF\dani,0x000055E4,Section,,,READ_CONTROL|DELETE|WRITE_DAC|WRITE_OWNER|QUERY|MAP_WRITE|MAP_READ
ReetFPS.exe,15040,DESKTOP-M4PIKSF\dani,0x000055E8,Section,,,READ_CONTROL|DELETE|WRITE_DAC|WRITE_OWNER|QUERY|MAP_WRITE|MAP_READ
ReetFPS.exe,15040,DESKTOP-M4PIKSF\dani,0x000055EC,Section,,,READ_CONTROL|DELETE|WRITE_DAC|WRITE_OWNER|QUERY|MAP_WRITE|MAP_READ
ReetFPS.exe,15040,DESKTOP-M4PIKSF\dani,0x000055F0,Section,,,READ_CONTROL|DELETE|WRITE_DAC|WRITE_OWNER|QUERY|MAP_WRITE|MAP_READ
ReetFPS.exe,15040,DESKTOP-M4PIKSF\dani,0x000055F4,Section,,,READ_CONTROL|DELETE|WRITE_DAC|WRITE_OWNER|QUERY|MAP_WRITE|MAP_READ
ReetFPS.exe,15040,DESKTOP-M4PIKSF\dani,0x000055F8,Section,,,READ_CONTROL|DELETE|WRITE_DAC|WRITE_OWNER|QUERY|MAP_WRITE|MAP_READ
ReetFPS.exe,15040,DESKTOP-M4PIKSF\dani,0x000055FC,Section,,,READ_CONTROL|DELETE|WRITE_DAC|WRITE_OWNER|QUERY|MAP_WRITE|MAP_READ
ReetFPS.exe,15040,DESKTOP-M4PIKSF\dani,0x00005600,Section,,,READ_CONTROL|DELETE|WRITE_DAC|WRITE_OWNER|QUERY|MAP_WRITE|MAP_READ
ReetFPS.exe,15040,DESKTOP-M4PIKSF\dani,0x00005604,Section,,,READ_CONTROL|DELETE|WRITE_DAC|WRITE_OWNER|QUERY|MAP_WRITE|MAP_READ
ReetFPS.exe,15040,DESKTOP-M4PIKSF\dani,0x00005608,Section,,,READ_CONTROL|DELETE|WRITE_DAC|WRITE_OWNER|QUERY|MAP_WRITE|MAP_READ
ReetFPS.exe,15040,DESKTOP-M4PIKSF\dani,0x0000560C,Section,,,READ_CONTROL|DELETE|WRITE_DAC|WRITE_OWNER|QUERY|MAP_WRITE|MAP_READ
ReetFPS.exe,15040,DESKTOP-M4PIKSF\dani,0x00005610,Section,,,READ_CONTROL|DELETE|WRITE_DAC|WRITE_OWNER|QUERY|MAP_WRITE|MAP_READ
ReetFPS.exe,15040,DESKTOP-M4PIKSF\dani,0x00005614,Section,,,READ_CONTROL|DELETE|WRITE_DAC|WRITE_OWNER|QUERY|MAP_WRITE|MAP_READ
ReetFPS.exe,15040,DESKTOP-M4PIKSF\dani,0x00005618,Section,,,READ_CONTROL|DELETE|WRITE_DAC|WRITE_OWNER|QUERY|MAP_WRITE|MAP_READ
ReetFPS.exe,15040,DESKTOP-M4PIKSF\dani,0x0000561C,Section,,,READ_CONTROL|DELETE|WRITE_DAC|WRITE_OWNER|QUERY|MAP_WRITE|MAP_READ
ReetFPS.exe,15040,DESKTOP-M4PIKSF\dani,0x00005620,Section,,,READ_CONTROL|DELETE|WRITE_DAC|WRITE_OWNER|QUERY|MAP_WRITE|MAP_READ
ReetFPS.exe,15040,DESKTOP-M4PIKSF\dani,0x00005624,Section,,,READ_CONTROL|DELETE|WRITE_DAC|WRITE_OWNER|QUERY|MAP_WRITE|MAP_READ
ReetFPS.exe,15040,DESKTOP-M4PIKSF\dani,0x00005628,Section,,,READ_CONTROL|DELETE|WRITE_DAC|WRITE_OWNER|QUERY|MAP_WRITE|MAP_READ
ReetFPS.exe,15040,DESKTOP-M4PIKSF\dani,0x0000562C,Section,,,READ_CONTROL|DELETE|WRITE_DAC|WRITE_OWNER|QUERY|MAP_WRITE|MAP_READ
ReetFPS.exe,15040,DESKTOP-M4PIKSF\dani,0x00005630,Section,,,READ_CONTROL|DELETE|WRITE_DAC|WRITE_OWNER|QUERY|MAP_WRITE|MAP_READ
ReetFPS.exe,15040,DESKTOP-M4PIKSF\dani,0x00005634,Section,,,READ_CONTROL|DELETE|WRITE_DAC|WRITE_OWNER|QUERY|MAP_WRITE|MAP_READ
ReetFPS.exe,15040,DESKTOP-M4PIKSF\dani,0x00005638,Section,,,READ_CONTROL|DELETE|WRITE_DAC|WRITE_OWNER|QUERY|MAP_WRITE|MAP_READ
ReetFPS.exe,15040,DESKTOP-M4PIKSF\dani,0x0000563C,Section,,,READ_CONTROL|DELETE|WRITE_DAC|WRITE_OWNER|QUERY|MAP_WRITE|MAP_READ
ReetFPS.exe,15040,DESKTOP-M4PIKSF\dani,0x00005640,Section,,,READ_CONTROL|DELETE|WRITE_DAC|WRITE_OWNER|QUERY|MAP_WRITE|MAP_READ
ReetFPS.exe,15040,DESKTOP-M4PIKSF\dani,0x00005644,Section,,,READ_CONTROL|DELETE|WRITE_DAC|WRITE_OWNER|QUERY|MAP_WRITE|MAP_READ
ReetFPS.exe,15040,DESKTOP-M4PIKSF\dani,0x00005648,Section,,,READ_CONTROL|DELETE|WRITE_DAC|WRITE_OWNER|QUERY|MAP_WRITE|MAP_READ
ReetFPS.exe,15040,DESKTOP-M4PIKSF\dani,0x0000564C,Section,,,READ_CONTROL|DELETE|WRITE_DAC|WRITE_OWNER|QUERY|MAP_WRITE|MAP_READ
ReetFPS.exe,15040,DESKTOP-M4PIKSF\dani,0x00005650,Section,,,READ_CONTROL|DELETE|WRITE_DAC|WRITE_OWNER|QUERY|MAP_WRITE|MAP_READ
ReetFPS.exe,15040,DESKTOP-M4PIKSF\dani,0x00005654,Section,,,READ_CONTROL|DELETE|WRITE_DAC|WRITE_OWNER|QUERY|MAP_WRITE|MAP_READ
ReetFPS.exe,15040,DESKTOP-M4PIKSF\dani,0x00005658,Section,,,READ_CONTROL|DELETE|WRITE_DAC|WRITE_OWNER|QUERY|MAP_WRITE|MAP_READ
ReetFPS.exe,15040,DESKTOP-M4PIKSF\dani,0x0000565C,Section,,,READ_CONTROL|DELETE|WRITE_DAC|WRITE_OWNER|QUERY|MAP_WRITE|MAP_READ
ReetFPS.exe,15040,DESKTOP-M4PIKSF\dani,0x00005660,Section,,,READ_CONTROL|DELETE|WRITE_DAC|WRITE_OWNER|QUERY|MAP_WRITE|MAP_READ
ReetFPS.exe,15040,DESKTOP-M4PIKSF\dani,0x00005664,Section,,,READ_CONTROL|DELETE|WRITE_DAC|WRITE_OWNER|QUERY|MAP_WRITE|MAP_READ
ReetFPS.exe,15040,DESKTOP-M4PIKSF\dani,0x00005668,Section,,,READ_CONTROL|DELETE|WRITE_DAC|WRITE_OWNER|QUERY|MAP_WRITE|MAP_READ
ReetFPS.exe,15040,DESKTOP-M4PIKSF\dani,0x0000566C,Section,,,READ_CONTROL|DELETE|WRITE_DAC|WRITE_OWNER|QUERY|MAP_WRITE|MAP_READ
ReetFPS.exe,15040,DESKTOP-M4PIKSF\dani,0x00005670,Section,,,READ_CONTROL|DELETE|WRITE_DAC|WRITE_OWNER|QUERY|MAP_WRITE|MAP_READ
ReetFPS.exe,15040,DESKTOP-M4PIKSF\dani,0x00005674,Section,,,READ_CONTROL|DELETE|WRITE_DAC|WRITE_OWNER|QUERY|MAP_WRITE|MAP_READ
ReetFPS.exe,15040,DESKTOP-M4PIKSF\dani,0x00005678,Section,,,READ_CONTROL|DELETE|WRITE_DAC|WRITE_OWNER|QUERY|MAP_WRITE|MAP_READ
ReetFPS.exe,15040,DESKTOP-M4PIKSF\dani,0x0000567C,Section,,,READ_CONTROL|DELETE|WRITE_DAC|WRITE_OWNER|QUERY|MAP_WRITE|MAP_READ
ReetFPS.exe,15040,DESKTOP-M4PIKSF\dani,0x00005680,Section,,,READ_CONTROL|DELETE|WRITE_DAC|WRITE_OWNER|QUERY|MAP_WRITE|MAP_READ
ReetFPS.exe,15040,DESKTOP-M4PIKSF\dani,0x00005684,Section,,,READ_CONTROL|DELETE|WRITE_DAC|WRITE_OWNER|QUERY|MAP_WRITE|MAP_READ
ReetFPS.exe,15040,DESKTOP-M4PIKSF\dani,0x00005688,Section,,,READ_CONTROL|DELETE|WRITE_DAC|WRITE_OWNER|QUERY|MAP_WRITE|MAP_READ
ReetFPS.exe,15040,DESKTOP-M4PIKSF\dani,0x0000568C,Section,,,READ_CONTROL|DELETE|WRITE_DAC|WRITE_OWNER|QUERY|MAP_WRITE|MAP_READ
ReetFPS.exe,15040,DESKTOP-M4PIKSF\dani,0x00005690,Section,,,READ_CONTROL|DELETE|WRITE_DAC|WRITE_OWNER|QUERY|MAP_WRITE|MAP_READ
ReetFPS.exe,15040,DESKTOP-M4PIKSF\dani,0x00005694,Section,,,READ_CONTROL|DELETE|WRITE_DAC|WRITE_OWNER|QUERY|MAP_WRITE|MAP_READ
ReetFPS.exe,15040,DESKTOP-M4PIKSF\dani,0x00005698,Section,,,READ_CONTROL|DELETE|WRITE_DAC|WRITE_OWNER|QUERY|MAP_WRITE|MAP_READ
ReetFPS.exe,15040,DESKTOP-M4PIKSF\dani,0x0000569C,Section,,,READ_CONTROL|DELETE|WRITE_DAC|WRITE_OWNER|QUERY|MAP_WRITE|MAP_READ
ReetFPS.exe,15040,DESKTOP-M4PIKSF\dani,0x000056A0,Section,,,READ_CONTROL|DELETE|WRITE_DAC|WRITE_OWNER|QUERY|MAP_WRITE|MAP_READ
ReetFPS.exe,15040,DESKTOP-M4PIKSF\dani,0x000056A4,Section,,,READ_CONTROL|DELETE|WRITE_DAC|WRITE_OWNER|QUERY|MAP_WRITE|MAP_READ
ReetFPS.exe,15040,DESKTOP-M4PIKSF\dani,0x000056A8,Section,,,READ_CONTROL|DELETE|WRITE_DAC|WRITE_OWNER|QUERY|MAP_WRITE|MAP_READ
ReetFPS.exe,15040,DESKTOP-M4PIKSF\dani,0x000056AC,Section,,,READ_CONTROL|DELETE|WRITE_DAC|WRITE_OWNER|QUERY|MAP_WRITE|MAP_READ
ReetFPS.exe,15040,DESKTOP-M4PIKSF\dani,0x000056B0,Section,,,READ_CONTROL|DELETE|WRITE_DAC|WRITE_OWNER|QUERY|MAP_WRITE|MAP_READ
ReetFPS.exe,15040,DESKTOP-M4PIKSF\dani,0x000056B4,Section,,,READ_CONTROL|DELETE|WRITE_DAC|WRITE_OWNER|QUERY|MAP_WRITE|MAP_READ
ReetFPS.exe,15040,DESKTOP-M4PIKSF\dani,0x000056B8,Section,,,READ_CONTROL|DELETE|WRITE_DAC|WRITE_OWNER|QUERY|MAP_WRITE|MAP_READ
ReetFPS.exe,15040,DESKTOP-M4PIKSF\dani,0x000056BC,Section,,,READ_CONTROL|DELETE|WRITE_DAC|WRITE_OWNER|QUERY|MAP_WRITE|MAP_READ
ReetFPS.exe,15040,DESKTOP-M4PIKSF\dani,0x000056C0,Section,,,READ_CONTROL|DELETE|WRITE_DAC|WRITE_OWNER|QUERY|MAP_WRITE|MAP_READ
ReetFPS.exe,15040,DESKTOP-M4PIKSF\dani,0x000056C4,Section,,,READ_CONTROL|DELETE|WRITE_DAC|WRITE_OWNER|QUERY|MAP_WRITE|MAP_READ
ReetFPS.exe,15040,DESKTOP-M4PIKSF\dani,0x000056C8,Section,,,READ_CONTROL|DELETE|WRITE_DAC|WRITE_OWNER|QUERY|MAP_WRITE|MAP_READ
ReetFPS.exe,15040,DESKTOP-M4PIKSF\dani,0x000056CC,Section,,,READ_CONTROL|DELETE|WRITE_DAC|WRITE_OWNER|QUERY|MAP_WRITE|MAP_READ
ReetFPS.exe,15040,DESKTOP-M4PIKSF\dani,0x000056D0,Section,,,READ_CONTROL|DELETE|WRITE_DAC|WRITE_OWNER|QUERY|MAP_WRITE|MAP_READ
ReetFPS.exe,15040,DESKTOP-M4PIKSF\dani,0x000056D4,Section,,,READ_CONTROL|DELETE|WRITE_DAC|WRITE_OWNER|QUERY|MAP_WRITE|MAP_READ
ReetFPS.exe,15040,DESKTOP-M4PIKSF\dani,0x000056D8,Section,,,READ_CONTROL|DELETE|WRITE_DAC|WRITE_OWNER|QUERY|MAP_WRITE|MAP_READ
ReetFPS.exe,15040,DESKTOP-M4PIKSF\dani,0x000056DC,Section,,,READ_CONTROL|DELETE|WRITE_DAC|WRITE_OWNER|QUERY|MAP_WRITE|MAP_READ
ReetFPS.exe,15040,DESKTOP-M4PIKSF\dani,0x000056E0,Section,,,READ_CONTROL|DELETE|WRITE_DAC|WRITE_OWNER|QUERY|MAP_WRITE|MAP_READ
ReetFPS.exe,15040,DESKTOP-M4PIKSF\dani,0x000056E4,Section,,,READ_CONTROL|DELETE|WRITE_DAC|WRITE_OWNER|QUERY|MAP_WRITE|MAP_READ
ReetFPS.exe,15040,DESKTOP-M4PIKSF\dani,0x000056E8,Section,,,READ_CONTROL|DELETE|WRITE_DAC|WRITE_OWNER|QUERY|MAP_WRITE|MAP_READ
ReetFPS.exe,15040,DESKTOP-M4PIKSF\dani,0x000056EC,Section,,,READ_CONTROL|DELETE|WRITE_DAC|WRITE_OWNER|QUERY|MAP_WRITE|MAP_READ
ReetFPS.exe,15040,DESKTOP-M4PIKSF\dani,0x000056F0,Section,,,READ_CONTROL|DELETE|WRITE_DAC|WRITE_OWNER|QUERY|MAP_WRITE|MAP_READ
ReetFPS.exe,15040,DESKTOP-M4PIKSF\dani,0x000056F4,Section,,,READ_CONTROL|DELETE|WRITE_DAC|WRITE_OWNER|QUERY|MAP_WRITE|MAP_READ
ReetFPS.exe,15040,DESKTOP-M4PIKSF\dani,0x000056F8,Section,,,READ_CONTROL|DELETE|WRITE_DAC|WRITE_OWNER|QUERY|MAP_WRITE|MAP_READ
ReetFPS.exe,15040,DESKTOP-M4PIKSF\dani,0x000056FC,Section,,,READ_CONTROL|DELETE|WRITE_DAC|WRITE_OWNER|QUERY|MAP_WRITE|MAP_READ
ReetFPS.exe,15040,DESKTOP-M4PIKSF\dani,0x00005700,Section,,,READ_CONTROL|DELETE|WRITE_DAC|WRITE_OWNER|QUERY|MAP_WRITE|MAP_READ
ReetFPS.exe,15040,DESKTOP-M4PIKSF\dani,0x00005704,Section,,,READ_CONTROL|DELETE|WRITE_DAC|WRITE_OWNER|QUERY|MAP_WRITE|MAP_READ
ReetFPS.exe,15040,DESKTOP-M4PIKSF\dani,0x00005708,Section,,,READ_CONTROL|DELETE|WRITE_DAC|WRITE_OWNER|QUERY|MAP_WRITE|MAP_READ
ReetFPS.exe,15040,DESKTOP-M4PIKSF\dani,0x0000570C,Section,,,READ_CONTROL|DELETE|WRITE_DAC|WRITE_OWNER|QUERY|MAP_WRITE|MAP_READ
ReetFPS.exe,15040,DESKTOP-M4PIKSF\dani,0x00005710,Section,,,READ_CONTROL|DELETE|WRITE_DAC|WRITE_OWNER|QUERY|MAP_WRITE|MAP_READ
ReetFPS.exe,15040,DESKTOP-M4PIKSF\dani,0x00005714,Section,,,READ_CONTROL|DELETE|WRITE_DAC|WRITE_OWNER|QUERY|MAP_WRITE|MAP_READ
ReetFPS.exe,15040,DESKTOP-M4PIKSF\dani,0x00005718,Section,,,READ_CONTROL|DELETE|WRITE_DAC|WRITE_OWNER|QUERY|MAP_WRITE|MAP_READ
ReetFPS.exe,15040,DESKTOP-M4PIKSF\dani,0x0000571C,Section,,,READ_CONTROL|DELETE|WRITE_DAC|WRITE_OWNER|QUERY|MAP_WRITE|MAP_READ
ReetFPS.exe,15040,DESKTOP-M4PIKSF\dani,0x00005720,Section,,,READ_CONTROL|DELETE|WRITE_DAC|WRITE_OWNER|QUERY|MAP_WRITE|MAP_READ
ReetFPS.exe,15040,DESKTOP-M4PIKSF\dani,0x00005724,Section,,,READ_CONTROL|DELETE|WRITE_DAC|WRITE_OWNER|QUERY|MAP_WRITE|MAP_READ
ReetFPS.exe,15040,DESKTOP-M4PIKSF\dani,0x00005728,Section,,,READ_CONTROL|DELETE|WRITE_DAC|WRITE_OWNER|QUERY|MAP_WRITE|MAP_READ
ReetFPS.exe,15040,DESKTOP-M4PIKSF\dani,0x0000572C,Section,,,READ_CONTROL|DELETE|WRITE_DAC|WRITE_OWNER|QUERY|MAP_WRITE|MAP_READ
ReetFPS.exe,15040,DESKTOP-M4PIKSF\dani,0x00005730,Section,,,READ_CONTROL|DELETE|WRITE_DAC|WRITE_OWNER|QUERY|MAP_WRITE|MAP_READ
ReetFPS.exe,15040,DESKTOP-M4PIKSF\dani,0x00005734,Section,,,READ_CONTROL|DELETE|WRITE_DAC|WRITE_OWNER|QUERY|MAP_WRITE|MAP_READ
ReetFPS.exe,15040,DESKTOP-M4PIKSF\dani,0x00005738,Section,,,READ_CONTROL|DELETE|WRITE_DAC|WRITE_OWNER|QUERY|MAP_WRITE|MAP_READ
ReetFPS.exe,15040,DESKTOP-M4PIKSF\dani,0x0000573C,Section,,,READ_CONTROL|DELETE|WRITE_DAC|WRITE_OWNER|QUERY|MAP_WRITE|MAP_READ
ReetFPS.exe,15040,DESKTOP-M4PIKSF\dani,0x00005740,Section,,,READ_CONTROL|DELETE|WRITE_DAC|WRITE_OWNER|QUERY|MAP_WRITE|MAP_READ
ReetFPS.exe,15040,DESKTOP-M4PIKSF\dani,0x00005744,Section,,,READ_CONTROL|DELETE|WRITE_DAC|WRITE_OWNER|QUERY|MAP_WRITE|MAP_READ
ReetFPS.exe,15040,DESKTOP-M4PIKSF\dani,0x00005748,Section,,,READ_CONTROL|DELETE|WRITE_DAC|WRITE_OWNER|QUERY|MAP_WRITE|MAP_READ
ReetFPS.exe,15040,DESKTOP-M4PIKSF\dani,0x0000574C,Section,,,READ_CONTROL|DELETE|WRITE_DAC|WRITE_OWNER|QUERY|MAP_WRITE|MAP_READ
ReetFPS.exe,15040,DESKTOP-M4PIKSF\dani,0x00005750,Section,,,READ_CONTROL|DELETE|WRITE_DAC|WRITE_OWNER|QUERY|MAP_WRITE|MAP_READ
ReetFPS.exe,15040,DESKTOP-M4PIKSF\dani,0x00005754,Section,,,READ_CONTROL|DELETE|WRITE_DAC|WRITE_OWNER|QUERY|MAP_WRITE|MAP_READ
ReetFPS.exe,15040,DESKTOP-M4PIKSF\dani,0x00005758,Section,,,READ_CONTROL|DELETE|WRITE_DAC|WRITE_OWNER|QUERY|MAP_WRITE|MAP_READ
ReetFPS.exe,15040,DESKTOP-M4PIKSF\dani,0x0000575C,Section,,,READ_CONTROL|DELETE|WRITE_DAC|WRITE_OWNER|QUERY|MAP_WRITE|MAP_READ
ReetFPS.exe,15040,DESKTOP-M4PIKSF\dani,0x00005760,Section,,,READ_CONTROL|DELETE|WRITE_DAC|WRITE_OWNER|QUERY|MAP_WRITE|MAP_READ
ReetFPS.exe,15040,DESKTOP-M4PIKSF\dani,0x00005764,Section,,,READ_CONTROL|DELETE|WRITE_DAC|WRITE_OWNER|QUERY|MAP_WRITE|MAP_READ
ReetFPS.exe,15040,DESKTOP-M4PIKSF\dani,0x00005768,Section,,,READ_CONTROL|DELETE|WRITE_DAC|WRITE_OWNER|QUERY|MAP_WRITE|MAP_READ
ReetFPS.exe,15040,DESKTOP-M4PIKSF\dani,0x0000576C,Section,,,READ_CONTROL|DELETE|WRITE_DAC|WRITE_OWNER|QUERY|MAP_WRITE|MAP_READ
ReetFPS.exe,15040,DESKTOP-M4PIKSF\dani,0x00005770,Section,,,READ_CONTROL|DELETE|WRITE_DAC|WRITE_OWNER|QUERY|MAP_WRITE|MAP_READ
ReetFPS.exe,15040,DESKTOP-M4PIKSF\dani,0x00005774,Section,,,READ_CONTROL|DELETE|WRITE_DAC|WRITE_OWNER|QUERY|MAP_WRITE|MAP_READ
ReetFPS.exe,15040,DESKTOP-M4PIKSF\dani,0x00005778,Section,,,READ_CONTROL|DELETE|WRITE_DAC|WRITE_OWNER|QUERY|MAP_WRITE|MAP_READ
ReetFPS.exe,15040,DESKTOP-M4PIKSF\dani,0x0000577C,Section,,,READ_CONTROL|DELETE|WRITE_DAC|WRITE_OWNER|QUERY|MAP_WRITE|MAP_READ
ReetFPS.exe,15040,DESKTOP-M4PIKSF\dani,0x00005780,Section,,,READ_CONTROL|DELETE|WRITE_DAC|WRITE_OWNER|QUERY|MAP_WRITE|MAP_READ
ReetFPS.exe,15040,DESKTOP-M4PIKSF\dani,0x00005784,Section,,,READ_CONTROL|DELETE|WRITE_DAC|WRITE_OWNER|QUERY|MAP_WRITE|MAP_READ
ReetFPS.exe,15040,DESKTOP-M4PIKSF\dani,0x00005788,Section,,,READ_CONTROL|DELETE|WRITE_DAC|WRITE_OWNER|QUERY|MAP_WRITE|MAP_READ
ReetFPS.exe,15040,DESKTOP-M4PIKSF\dani,0x0000578C,Section,,,READ_CONTROL|DELETE|WRITE_DAC|WRITE_OWNER|QUERY|MAP_WRITE|MAP_READ
ReetFPS.exe,15040,DESKTOP-M4PIKSF\dani,0x00005790,Section,,,READ_CONTROL|DELETE|WRITE_DAC|WRITE_OWNER|QUERY|MAP_WRITE|MAP_READ
ReetFPS.exe,15040,DESKTOP-M4PIKSF\dani,0x00005794,Section,,,READ_CONTROL|DELETE|WRITE_DAC|WRITE_OWNER|QUERY|MAP_WRITE|MAP_READ
ReetFPS.exe,15040,DESKTOP-M4PIKSF\dani,0x00005798,Section,,,READ_CONTROL|DELETE|WRITE_DAC|WRITE_OWNER|QUERY|MAP_WRITE|MAP_READ
ReetFPS.exe,15040,DESKTOP-M4PIKSF\dani,0x0000579C,Section,,,READ_CONTROL|DELETE|WRITE_DAC|WRITE_OWNER|QUERY|MAP_WRITE|MAP_READ
ReetFPS.exe,15040,DESKTOP-M4PIKSF\dani,0x000057A0,Section,,,READ_CONTROL|DELETE|WRITE_DAC|WRITE_OWNER|QUERY|MAP_WRITE|MAP_READ
ReetFPS.exe,15040,DESKTOP-M4PIKSF\dani,0x000057A4,Section,,,READ_CONTROL|DELETE|WRITE_DAC|WRITE_OWNER|QUERY|MAP_WRITE|MAP_READ
ReetFPS.exe,15040,DESKTOP-M4PIKSF\dani,0x000057A8,Section,,,READ_CONTROL|DELETE|WRITE_DAC|WRITE_OWNER|QUERY|MAP_WRITE|MAP_READ
ReetFPS.exe,15040,DESKTOP-M4PIKSF\dani,0x000057AC,Section,,,READ_CONTROL|DELETE|WRITE_DAC|WRITE_OWNER|QUERY|MAP_WRITE|MAP_READ
ReetFPS.exe,15040,DESKTOP-M4PIKSF\dani,0x000057B0,Section,,,READ_CONTROL|DELETE|WRITE_DAC|WRITE_OWNER|QUERY|MAP_WRITE|MAP_READ
ReetFPS.exe,15040,DESKTOP-M4PIKSF\dani,0x000057B4,Section,,,READ_CONTROL|DELETE|WRITE_DAC|WRITE_OWNER|QUERY|MAP_WRITE|MAP_READ
ReetFPS.exe,15040,DESKTOP-M4PIKSF\dani,0x000057B8,Section,,,READ_CONTROL|DELETE|WRITE_DAC|WRITE_OWNER|QUERY|MAP_WRITE|MAP_READ
ReetFPS.exe,15040,DESKTOP-M4PIKSF\dani,0x000057BC,Section,,,READ_CONTROL|DELETE|WRITE_DAC|WRITE_OWNER|QUERY|MAP_WRITE|MAP_READ
ReetFPS.exe,15040,DESKTOP-M4PIKSF\dani,0x000057C0,Section,,,READ_CONTROL|DELETE|WRITE_DAC|WRITE_OWNER|QUERY|MAP_WRITE|MAP_READ
ReetFPS.exe,15040,DESKTOP-M4PIKSF\dani,0x000057C4,Section,,,READ_CONTROL|DELETE|WRITE_DAC|WRITE_OWNER|QUERY|MAP_WRITE|MAP_READ
ReetFPS.exe,15040,DESKTOP-M4PIKSF\dani,0x000057C8,Section,,,READ_CONTROL|DELETE|WRITE_DAC|WRITE_OWNER|QUERY|MAP_WRITE|MAP_READ
ReetFPS.exe,15040,DESKTOP-M4PIKSF\dani,0x000057CC,Section,,,READ_CONTROL|DELETE|WRITE_DAC|WRITE_OWNER|QUERY|MAP_WRITE|MAP_READ
ReetFPS.exe,15040,DESKTOP-M4PIKSF\dani,0x000057D0,Section,,,READ_CONTROL|DELETE|WRITE_DAC|WRITE_OWNER|QUERY|MAP_WRITE|MAP_READ
ReetFPS.exe,15040,DESKTOP-M4PIKSF\dani,0x000057D4,Section,,,READ_CONTROL|DELETE|WRITE_DAC|WRITE_OWNER|QUERY|MAP_WRITE|MAP_READ
ReetFPS.exe,15040,DESKTOP-M4PIKSF\dani,0x000057D8,Section,,,READ_CONTROL|DELETE|WRITE_DAC|WRITE_OWNER|QUERY|MAP_WRITE|MAP_READ
ReetFPS.exe,15040,DESKTOP-M4PIKSF\dani,0x000057DC,Section,,,READ_CONTROL|DELETE|WRITE_DAC|WRITE_OWNER|QUERY|MAP_WRITE|MAP_READ
ReetFPS.exe,15040,DESKTOP-M4PIKSF\dani,0x000057E0,Section,,,READ_CONTROL|DELETE|WRITE_DAC|WRITE_OWNER|QUERY|MAP_WRITE|MAP_READ
ReetFPS.exe,15040,DESKTOP-M4PIKSF\dani,0x000057E4,Section,,,READ_CONTROL|DELETE|WRITE_DAC|WRITE_OWNER|QUERY|MAP_WRITE|MAP_READ
ReetFPS.exe,15040,DESKTOP-M4PIKSF\dani,0x000057E8,Section,,,READ_CONTROL|DELETE|WRITE_DAC|WRITE_OWNER|QUERY|MAP_WRITE|MAP_READ
ReetFPS.exe,15040,DESKTOP-M4PIKSF\dani,0x000057EC,Section,,,READ_CONTROL|DELETE|WRITE_DAC|WRITE_OWNER|QUERY|MAP_WRITE|MAP_READ
ReetFPS.exe,15040,DESKTOP-M4PIKSF\dani,0x000057F0,Section,,,READ_CONTROL|DELETE|WRITE_DAC|WRITE_OWNER|QUERY|MAP_WRITE|MAP_READ
ReetFPS.exe,15040,DESKTOP-M4PIKSF\dani,0x000057F4,Section,,,READ_CONTROL|DELETE|WRITE_DAC|WRITE_OWNER|QUERY|MAP_WRITE|MAP_READ
ReetFPS.exe,15040,DESKTOP-M4PIKSF\dani,0x000057F8,Section,,,READ_CONTROL|DELETE|WRITE_DAC|WRITE_OWNER|QUERY|MAP_WRITE|MAP_READ
ReetFPS.exe,15040,DESKTOP-M4PIKSF\dani,0x000057FC,Section,,,READ_CONTROL|DELETE|WRITE_DAC|WRITE_OWNER|QUERY|MAP_WRITE|MAP_READ
ReetFPS.exe,15040,DESKTOP-M4PIKSF\dani,0x00005804,Section,,,READ_CONTROL|DELETE|WRITE_DAC|WRITE_OWNER|QUERY|MAP_WRITE|MAP_READ
ReetFPS.exe,15040,DESKTOP-M4PIKSF\dani,0x00005808,Section,,,READ_CONTROL|DELETE|WRITE_DAC|WRITE_OWNER|QUERY|MAP_WRITE|MAP_READ
ReetFPS.exe,15040,DESKTOP-M4PIKSF\dani,0x0000580C,Section,,,READ_CONTROL|DELETE|WRITE_DAC|WRITE_OWNER|QUERY|MAP_WRITE|MAP_READ
ReetFPS.exe,15040,DESKTOP-M4PIKSF\dani,0x00005810,Section,,,READ_CONTROL|DELETE|WRITE_DAC|WRITE_OWNER|QUERY|MAP_WRITE|MAP_READ
ReetFPS.exe,15040,DESKTOP-M4PIKSF\dani,0x00005814,Section,,,READ_CONTROL|DELETE|WRITE_DAC|WRITE_OWNER|QUERY|MAP_WRITE|MAP_READ
ReetFPS.exe,15040,DESKTOP-M4PIKSF\dani,0x00005818,Section,,,READ_CONTROL|DELETE|WRITE_DAC|WRITE_OWNER|QUERY|MAP_WRITE|MAP_READ
ReetFPS.exe,15040,DESKTOP-M4PIKSF\dani,0x0000581C,Section,,,READ_CONTROL|DELETE|WRITE_DAC|WRITE_OWNER|QUERY|MAP_WRITE|MAP_READ
ReetFPS.exe,15040,DESKTOP-M4PIKSF\dani,0x00005820,Section,,,READ_CONTROL|DELETE|WRITE_DAC|WRITE_OWNER|QUERY|MAP_WRITE|MAP_READ
ReetFPS.exe,15040,DESKTOP-M4PIKSF\dani,0x00005824,Section,,,READ_CONTROL|DELETE|WRITE_DAC|WRITE_OWNER|QUERY|MAP_WRITE|MAP_READ
ReetFPS.exe,15040,DESKTOP-M4PIKSF\dani,0x00005828,Thread,,ReetFPS.exe(15040): 23060,READ_CONTROL|DELETE|SYNCHRONIZE|WRITE_DAC|WRITE_OWNER|THREAD_ALL_ACCESS
ReetFPS.exe,15040,DESKTOP-M4PIKSF\dani,0x0000582C,Section,,,READ_CONTROL|DELETE|WRITE_DAC|WRITE_OWNER|QUERY|MAP_WRITE|MAP_READ
ReetFPS.exe,15040,DESKTOP-M4PIKSF\dani,0x00005830,Section,,,READ_CONTROL|DELETE|WRITE_DAC|WRITE_OWNER|QUERY|MAP_WRITE|MAP_READ
ReetFPS.exe,15040,DESKTOP-M4PIKSF\dani,0x00005834,Section,,,READ_CONTROL|DELETE|WRITE_DAC|WRITE_OWNER|QUERY|MAP_WRITE|MAP_READ
ReetFPS.exe,15040,DESKTOP-M4PIKSF\dani,0x00005838,Section,,,READ_CONTROL|DELETE|WRITE_DAC|WRITE_OWNER|QUERY|MAP_WRITE|MAP_READ
ReetFPS.exe,15040,DESKTOP-M4PIKSF\dani,0x0000583C,Section,,,READ_CONTROL|DELETE|WRITE_DAC|WRITE_OWNER|QUERY|MAP_WRITE|MAP_READ
ReetFPS.exe,15040,DESKTOP-M4PIKSF\dani,0x00005840,Section,,,READ_CONTROL|DELETE|WRITE_DAC|WRITE_OWNER|QUERY|MAP_WRITE|MAP_READ
ReetFPS.exe,15040,DESKTOP-M4PIKSF\dani,0x00005844,Section,,,READ_CONTROL|DELETE|WRITE_DAC|WRITE_OWNER|QUERY|MAP_WRITE|MAP_READ
ReetFPS.exe,15040,DESKTOP-M4PIKSF\dani,0x00005848,Section,,,READ_CONTROL|DELETE|WRITE_DAC|WRITE_OWNER|QUERY|MAP_WRITE|MAP_READ
ReetFPS.exe,15040,DESKTOP-M4PIKSF\dani,0x0000584C,Section,,,READ_CONTROL|DELETE|WRITE_DAC|WRITE_OWNER|QUERY|MAP_WRITE|MAP_READ
ReetFPS.exe,15040,DESKTOP-M4PIKSF\dani,0x00005850,Section,,,READ_CONTROL|DELETE|WRITE_DAC|WRITE_OWNER|QUERY|MAP_WRITE|MAP_READ
ReetFPS.exe,15040,DESKTOP-M4PIKSF\dani,0x00005854,Section,,,READ_CONTROL|DELETE|WRITE_DAC|WRITE_OWNER|QUERY|MAP_WRITE|MAP_READ
ReetFPS.exe,15040,DESKTOP-M4PIKSF\dani,0x00005858,Section,,,READ_CONTROL|DELETE|WRITE_DAC|WRITE_OWNER|QUERY|MAP_WRITE|MAP_READ
ReetFPS.exe,15040,DESKTOP-M4PIKSF\dani,0x0000585C,Section,,,READ_CONTROL|DELETE|WRITE_DAC|WRITE_OWNER|QUERY|MAP_WRITE|MAP_READ
ReetFPS.exe,15040,DESKTOP-M4PIKSF\dani,0x00005860,Section,,,READ_CONTROL|DELETE|WRITE_DAC|WRITE_OWNER|QUERY|MAP_WRITE|MAP_READ
ReetFPS.exe,15040,DESKTOP-M4PIKSF\dani,0x00005864,Section,,,READ_CONTROL|DELETE|WRITE_DAC|WRITE_OWNER|QUERY|MAP_WRITE|MAP_READ
ReetFPS.exe,15040,DESKTOP-M4PIKSF\dani,0x00005868,Section,,,READ_CONTROL|DELETE|WRITE_DAC|WRITE_OWNER|QUERY|MAP_WRITE|MAP_READ
ReetFPS.exe,15040,DESKTOP-M4PIKSF\dani,0x0000586C,Event,,,READ_CONTROL|DELETE|SYNCHRONIZE|WRITE_DAC|WRITE_OWNER|EVENT_ALL_ACCESS
ReetFPS.exe,15040,DESKTOP-M4PIKSF\dani,0x00005870,Section,,,READ_CONTROL|DELETE|WRITE_DAC|WRITE_OWNER|QUERY|MAP_WRITE|MAP_READ
ReetFPS.exe,15040,DESKTOP-M4PIKSF\dani,0x00005874,Section,,,READ_CONTROL|DELETE|WRITE_DAC|WRITE_OWNER|QUERY|MAP_WRITE|MAP_READ
ReetFPS.exe,15040,DESKTOP-M4PIKSF\dani,0x00005878,Section,,,READ_CONTROL|DELETE|WRITE_DAC|WRITE_OWNER|QUERY|MAP_WRITE|MAP_READ
ReetFPS.exe,15040,DESKTOP-M4PIKSF\dani,0x0000587C,Section,,,READ_CONTROL|DELETE|WRITE_DAC|WRITE_OWNER|QUERY|MAP_WRITE|MAP_READ
ReetFPS.exe,15040,DESKTOP-M4PIKSF\dani,0x00005880,Section,,,READ_CONTROL|DELETE|WRITE_DAC|WRITE_OWNER|QUERY|MAP_WRITE|MAP_READ
ReetFPS.exe,15040,DESKTOP-M4PIKSF\dani,0x00005884,Section,,,READ_CONTROL|DELETE|WRITE_DAC|WRITE_OWNER|QUERY|MAP_WRITE|MAP_READ
ReetFPS.exe,15040,DESKTOP-M4PIKSF\dani,0x00005888,Section,,,READ_CONTROL|DELETE|WRITE_DAC|WRITE_OWNER|QUERY|MAP_WRITE|MAP_READ
ReetFPS.exe,15040,DESKTOP-M4PIKSF\dani,0x0000588C,Section,,,READ_CONTROL|DELETE|WRITE_DAC|WRITE_OWNER|QUERY|MAP_WRITE|MAP_READ
ReetFPS.exe,15040,DESKTOP-M4PIKSF\dani,0x00005890,Section,,,READ_CONTROL|DELETE|WRITE_DAC|WRITE_OWNER|QUERY|MAP_WRITE|MAP_READ
ReetFPS.exe,15040,DESKTOP-M4PIKSF\dani,0x00005894,Section,,,READ_CONTROL|DELETE|WRITE_DAC|WRITE_OWNER|QUERY|MAP_WRITE|MAP_READ
ReetFPS.exe,15040,DESKTOP-M4PIKSF\dani,0x00005898,Section,,,READ_CONTROL|DELETE|WRITE_DAC|WRITE_OWNER|QUERY|MAP_WRITE|MAP_READ
ReetFPS.exe,15040,DESKTOP-M4PIKSF\dani,0x0000589C,Section,,,READ_CONTROL|DELETE|WRITE_DAC|WRITE_OWNER|QUERY|MAP_WRITE|MAP_READ
ReetFPS.exe,15040,DESKTOP-M4PIKSF\dani,0x000058A0,Section,,,READ_CONTROL|DELETE|WRITE_DAC|WRITE_OWNER|QUERY|MAP_WRITE|MAP_READ
ReetFPS.exe,15040,DESKTOP-M4PIKSF\dani,0x000058A4,Section,,,READ_CONTROL|DELETE|WRITE_DAC|WRITE_OWNER|QUERY|MAP_WRITE|MAP_READ
ReetFPS.exe,15040,DESKTOP-M4PIKSF\dani,0x000058A8,Section,,,READ_CONTROL|DELETE|WRITE_DAC|WRITE_OWNER|QUERY|MAP_WRITE|MAP_READ
ReetFPS.exe,15040,DESKTOP-M4PIKSF\dani,0x000058AC,Section,,,READ_CONTROL|DELETE|WRITE_DAC|WRITE_OWNER|QUERY|MAP_WRITE|MAP_READ
ReetFPS.exe,15040,DESKTOP-M4PIKSF\dani,0x000058B0,Section,,,READ_CONTROL|DELETE|WRITE_DAC|WRITE_OWNER|QUERY|MAP_WRITE|MAP_READ
ReetFPS.exe,15040,DESKTOP-M4PIKSF\dani,0x000058B4,Section,,,READ_CONTROL|DELETE|WRITE_DAC|WRITE_OWNER|QUERY|MAP_WRITE|MAP_READ
ReetFPS.exe,15040,DESKTOP-M4PIKSF\dani,0x000058B8,Section,,,READ_CONTROL|DELETE|WRITE_DAC|WRITE_OWNER|QUERY|MAP_WRITE|MAP_READ
ReetFPS.exe,15040,DESKTOP-M4PIKSF\dani,0x000058BC,Section,,,READ_CONTROL|DELETE|WRITE_DAC|WRITE_OWNER|QUERY|MAP_WRITE|MAP_READ
ReetFPS.exe,15040,DESKTOP-M4PIKSF\dani,0x000058C0,Section,,,READ_CONTROL|DELETE|WRITE_DAC|WRITE_OWNER|QUERY|MAP_WRITE|MAP_READ
ReetFPS.exe,15040,DESKTOP-M4PIKSF\dani,0x000058C4,Thread,,ReetFPS.exe(15040): 23060,READ_CONTROL|DELETE|SYNCHRONIZE|WRITE_DAC|WRITE_OWNER|THREAD_ALL_ACCESS
ReetFPS.exe,15040,DESKTOP-M4PIKSF\dani,0x000058C8,Section,,,READ_CONTROL|DELETE|WRITE_DAC|WRITE_OWNER|QUERY|MAP_WRITE|MAP_READ
ReetFPS.exe,15040,DESKTOP-M4PIKSF\dani,0x000058CC,Section,,,READ_CONTROL|DELETE|WRITE_DAC|WRITE_OWNER|QUERY|MAP_WRITE|MAP_READ
ReetFPS.exe,15040,DESKTOP-M4PIKSF\dani,0x000058D0,Section,,,READ_CONTROL|DELETE|WRITE_DAC|WRITE_OWNER|QUERY|MAP_WRITE|MAP_READ
ReetFPS.exe,15040,DESKTOP-M4PIKSF\dani,0x000058D4,Section,,,READ_CONTROL|DELETE|WRITE_DAC|WRITE_OWNER|QUERY|MAP_WRITE|MAP_READ
ReetFPS.exe,15040,DESKTOP-M4PIKSF\dani,0x000058D8,Section,,,READ_CONTROL|DELETE|WRITE_DAC|WRITE_OWNER|QUERY|MAP_WRITE|MAP_READ
ReetFPS.exe,15040,DESKTOP-M4PIKSF\dani,0x000058DC,Section,,,READ_CONTROL|DELETE|WRITE_DAC|WRITE_OWNER|QUERY|MAP_WRITE|MAP_READ
ReetFPS.exe,15040,DESKTOP-M4PIKSF\dani,0x000058E0,Section,,,READ_CONTROL|DELETE|WRITE_DAC|WRITE_OWNER|QUERY|MAP_WRITE|MAP_READ
ReetFPS.exe,15040,DESKTOP-M4PIKSF\dani,0x000058E4,Section,,,READ_CONTROL|DELETE|WRITE_DAC|WRITE_OWNER|QUERY|MAP_WRITE|MAP_READ
ReetFPS.exe,15040,DESKTOP-M4PIKSF\dani,0x000058E8,Section,,,READ_CONTROL|DELETE|WRITE_DAC|WRITE_OWNER|QUERY|MAP_WRITE|MAP_READ
ReetFPS.exe,15040,DESKTOP-M4PIKSF\dani,0x000058EC,Section,,,READ_CONTROL|DELETE|WRITE_DAC|WRITE_OWNER|QUERY|MAP_WRITE|MAP_READ
ReetFPS.exe,15040,DESKTOP-M4PIKSF\dani,0x000058F0,Section,,,READ_CONTROL|DELETE|WRITE_DAC|WRITE_OWNER|QUERY|MAP_WRITE|MAP_READ
ReetFPS.exe,15040,DESKTOP-M4PIKSF\dani,0x000058F4,Section,,,READ_CONTROL|DELETE|WRITE_DAC|WRITE_OWNER|QUERY|MAP_WRITE|MAP_READ
ReetFPS.exe,15040,DESKTOP-M4PIKSF\dani,0x000058F8,Section,,,READ_CONTROL|DELETE|WRITE_DAC|WRITE_OWNER|QUERY|MAP_WRITE|MAP_READ
ReetFPS.exe,15040,DESKTOP-M4PIKSF\dani,0x000058FC,Section,,,READ_CONTROL|DELETE|WRITE_DAC|WRITE_OWNER|QUERY|MAP_WRITE|MAP_READ
ReetFPS.exe,15040,DESKTOP-M4PIKSF\dani,0x00005900,Event,,,READ_CONTROL|DELETE|SYNCHRONIZE|WRITE_DAC|WRITE_OWNER|EVENT_ALL_ACCESS
ReetFPS.exe,15040,DESKTOP-M4PIKSF\dani,0x00005904,Section,,,READ_CONTROL|DELETE|WRITE_DAC|WRITE_OWNER|QUERY|MAP_WRITE|MAP_READ
ReetFPS.exe,15040,DESKTOP-M4PIKSF\dani,0x00005908,Section,,,READ_CONTROL|DELETE|WRITE_DAC|WRITE_OWNER|QUERY|MAP_WRITE|MAP_READ
ReetFPS.exe,15040,DESKTOP-M4PIKSF\dani,0x0000590C,Section,,,READ_CONTROL|DELETE|WRITE_DAC|WRITE_OWNER|QUERY|MAP_WRITE|MAP_READ
ReetFPS.exe,15040,DESKTOP-M4PIKSF\dani,0x00005910,Section,,,READ_CONTROL|DELETE|WRITE_DAC|WRITE_OWNER|QUERY|MAP_WRITE|MAP_READ
ReetFPS.exe,15040,DESKTOP-M4PIKSF\dani,0x00005914,Section,,,READ_CONTROL|DELETE|WRITE_DAC|WRITE_OWNER|QUERY|MAP_WRITE|MAP_READ
ReetFPS.exe,15040,DESKTOP-M4PIKSF\dani,0x00005918,Section,,,READ_CONTROL|DELETE|WRITE_DAC|WRITE_OWNER|QUERY|MAP_WRITE|MAP_READ
ReetFPS.exe,15040,DESKTOP-M4PIKSF\dani,0x0000591C,Section,,,READ_CONTROL|DELETE|WRITE_DAC|WRITE_OWNER|QUERY|MAP_WRITE|MAP_READ
ReetFPS.exe,15040,DESKTOP-M4PIKSF\dani,0x00005920,Section,,,READ_CONTROL|DELETE|WRITE_DAC|WRITE_OWNER|QUERY|MAP_WRITE|MAP_READ
ReetFPS.exe,15040,DESKTOP-M4PIKSF\dani,0x00005924,Section,,,READ_CONTROL|DELETE|WRITE_DAC|WRITE_OWNER|QUERY|MAP_WRITE|MAP_READ
ReetFPS.exe,15040,DESKTOP-M4PIKSF\dani,0x00005928,Section,,,READ_CONTROL|DELETE|WRITE_DAC|WRITE_OWNER|QUERY|MAP_WRITE|MAP_READ
ReetFPS.exe,15040,DESKTOP-M4PIKSF\dani,0x0000592C,Section,,,READ_CONTROL|DELETE|WRITE_DAC|WRITE_OWNER|QUERY|MAP_WRITE|MAP_READ
ReetFPS.exe,15040,DESKTOP-M4PIKSF\dani,0x00005930,Section,,,READ_CONTROL|DELETE|WRITE_DAC|WRITE_OWNER|QUERY|MAP_WRITE|MAP_READ
ReetFPS.exe,15040,DESKTOP-M4PIKSF\dani,0x00005934,Section,,,READ_CONTROL|DELETE|WRITE_DAC|WRITE_OWNER|QUERY|MAP_WRITE|MAP_READ
ReetFPS.exe,15040,DESKTOP-M4PIKSF\dani,0x00005938,Section,,,READ_CONTROL|DELETE|WRITE_DAC|WRITE_OWNER|QUERY|MAP_WRITE|MAP_READ
ReetFPS.exe,15040,DESKTOP-M4PIKSF\dani,0x0000593C,Section,,,READ_CONTROL|DELETE|WRITE_DAC|WRITE_OWNER|QUERY|MAP_WRITE|MAP_READ
ReetFPS.exe,15040,DESKTOP-M4PIKSF\dani,0x00005940,Section,,,READ_CONTROL|DELETE|WRITE_DAC|WRITE_OWNER|QUERY|MAP_WRITE|MAP_READ
ReetFPS.exe,15040,DESKTOP-M4PIKSF\dani,0x00005944,Section,,,READ_CONTROL|DELETE|WRITE_DAC|WRITE_OWNER|QUERY|MAP_WRITE|MAP_READ
ReetFPS.exe,15040,DESKTOP-M4PIKSF\dani,0x00005948,Section,,,READ_CONTROL|DELETE|WRITE_DAC|WRITE_OWNER|QUERY|MAP_WRITE|MAP_READ
ReetFPS.exe,15040,DESKTOP-M4PIKSF\dani,0x0000594C,Section,,,READ_CONTROL|DELETE|WRITE_DAC|WRITE_OWNER|QUERY|MAP_WRITE|MAP_READ
ReetFPS.exe,15040,DESKTOP-M4PIKSF\dani,0x00005950,Section,,,READ_CONTROL|DELETE|WRITE_DAC|WRITE_OWNER|QUERY|MAP_WRITE|MAP_READ
ReetFPS.exe,15040,DESKTOP-M4PIKSF\dani,0x00005954,Section,,,READ_CONTROL|DELETE|WRITE_DAC|WRITE_OWNER|QUERY|MAP_WRITE|MAP_READ
ReetFPS.exe,15040,DESKTOP-M4PIKSF\dani,0x00005958,Section,,,READ_CONTROL|DELETE|WRITE_DAC|WRITE_OWNER|QUERY|MAP_WRITE|MAP_READ
ReetFPS.exe,15040,DESKTOP-M4PIKSF\dani,0x0000595C,Section,,,READ_CONTROL|DELETE|WRITE_DAC|WRITE_OWNER|QUERY|MAP_WRITE|MAP_READ
ReetFPS.exe,15040,DESKTOP-M4PIKSF\dani,0x00005960,Section,,,READ_CONTROL|DELETE|WRITE_DAC|WRITE_OWNER|QUERY|MAP_WRITE|MAP_READ
ReetFPS.exe,15040,DESKTOP-M4PIKSF\dani,0x00005964,Section,,,READ_CONTROL|DELETE|WRITE_DAC|WRITE_OWNER|QUERY|MAP_WRITE|MAP_READ
ReetFPS.exe,15040,DESKTOP-M4PIKSF\dani,0x00005968,Section,,,READ_CONTROL|DELETE|WRITE_DAC|WRITE_OWNER|QUERY|MAP_WRITE|MAP_READ
ReetFPS.exe,15040,DESKTOP-M4PIKSF\dani,0x0000596C,Section,,,READ_CONTROL|DELETE|WRITE_DAC|WRITE_OWNER|QUERY|MAP_WRITE|MAP_READ
ReetFPS.exe,15040,DESKTOP-M4PIKSF\dani,0x00005970,Section,,,READ_CONTROL|DELETE|WRITE_DAC|WRITE_OWNER|QUERY|MAP_WRITE|MAP_READ
ReetFPS.exe,15040,DESKTOP-M4PIKSF\dani,0x00005974,Section,,,READ_CONTROL|DELETE|WRITE_DAC|WRITE_OWNER|QUERY|MAP_WRITE|MAP_READ
ReetFPS.exe,15040,DESKTOP-M4PIKSF\dani,0x00005978,Section,,,READ_CONTROL|DELETE|WRITE_DAC|WRITE_OWNER|QUERY|MAP_WRITE|MAP_READ
ReetFPS.exe,15040,DESKTOP-M4PIKSF\dani,0x0000597C,Section,,,READ_CONTROL|DELETE|WRITE_DAC|WRITE_OWNER|QUERY|MAP_WRITE|MAP_READ
ReetFPS.exe,15040,DESKTOP-M4PIKSF\dani,0x00005980,Section,,,READ_CONTROL|DELETE|WRITE_DAC|WRITE_OWNER|QUERY|MAP_WRITE|MAP_READ
ReetFPS.exe,15040,DESKTOP-M4PIKSF\dani,0x00005984,Section,,,READ_CONTROL|DELETE|WRITE_DAC|WRITE_OWNER|QUERY|MAP_WRITE|MAP_READ
ReetFPS.exe,15040,DESKTOP-M4PIKSF\dani,0x00005988,Section,,,READ_CONTROL|DELETE|WRITE_DAC|WRITE_OWNER|QUERY|MAP_WRITE|MAP_READ
ReetFPS.exe,15040,DESKTOP-M4PIKSF\dani,0x0000598C,Section,,,READ_CONTROL|DELETE|WRITE_DAC|WRITE_OWNER|QUERY|MAP_WRITE|MAP_READ
ReetFPS.exe,15040,DESKTOP-M4PIKSF\dani,0x00005990,Section,,,READ_CONTROL|DELETE|WRITE_DAC|WRITE_OWNER|QUERY|MAP_WRITE|MAP_READ
ReetFPS.exe,15040,DESKTOP-M4PIKSF\dani,0x00005994,Section,,,READ_CONTROL|DELETE|WRITE_DAC|WRITE_OWNER|QUERY|MAP_WRITE|MAP_READ
ReetFPS.exe,15040,DESKTOP-M4PIKSF\dani,0x00005998,Section,,,READ_CONTROL|DELETE|WRITE_DAC|WRITE_OWNER|QUERY|MAP_WRITE|MAP_READ
ReetFPS.exe,15040,DESKTOP-M4PIKSF\dani,0x0000599C,Section,,,READ_CONTROL|DELETE|WRITE_DAC|WRITE_OWNER|QUERY|MAP_WRITE|MAP_READ
ReetFPS.exe,15040,DESKTOP-M4PIKSF\dani,0x000059A0,Section,,,READ_CONTROL|DELETE|WRITE_DAC|WRITE_OWNER|QUERY|MAP_WRITE|MAP_READ
ReetFPS.exe,15040,DESKTOP-M4PIKSF\dani,0x000059A4,Section,,,READ_CONTROL|DELETE|WRITE_DAC|WRITE_OWNER|QUERY|MAP_WRITE|MAP_READ
ReetFPS.exe,15040,DESKTOP-M4PIKSF\dani,0x000059A8,Section,,,READ_CONTROL|DELETE|WRITE_DAC|WRITE_OWNER|QUERY|MAP_WRITE|MAP_READ
ReetFPS.exe,15040,DESKTOP-M4PIKSF\dani,0x000059AC,Section,,,READ_CONTROL|DELETE|WRITE_DAC|WRITE_OWNER|QUERY|MAP_WRITE|MAP_READ
ReetFPS.exe,15040,DESKTOP-M4PIKSF\dani,0x000059B0,Section,,,READ_CONTROL|DELETE|WRITE_DAC|WRITE_OWNER|QUERY|MAP_WRITE|MAP_READ
ReetFPS.exe,15040,DESKTOP-M4PIKSF\dani,0x000059B4,Section,,,READ_CONTROL|DELETE|WRITE_DAC|WRITE_OWNER|QUERY|MAP_WRITE|MAP_READ
ReetFPS.exe,15040,DESKTOP-M4PIKSF\dani,0x000059B8,Section,,,READ_CONTROL|DELETE|WRITE_DAC|WRITE_OWNER|QUERY|MAP_WRITE|MAP_READ
ReetFPS.exe,15040,DESKTOP-M4PIKSF\dani,0x000059BC,Section,,,READ_CONTROL|DELETE|WRITE_DAC|WRITE_OWNER|QUERY|MAP_WRITE|MAP_READ
ReetFPS.exe,15040,DESKTOP-M4PIKSF\dani,0x000059C0,Section,,,READ_CONTROL|DELETE|WRITE_DAC|WRITE_OWNER|QUERY|MAP_WRITE|MAP_READ
ReetFPS.exe,15040,DESKTOP-M4PIKSF\dani,0x000059C4,Section,,,READ_CONTROL|DELETE|WRITE_DAC|WRITE_OWNER|QUERY|MAP_WRITE|MAP_READ
ReetFPS.exe,15040,DESKTOP-M4PIKSF\dani,0x000059C8,Section,,,READ_CONTROL|DELETE|WRITE_DAC|WRITE_OWNER|QUERY|MAP_WRITE|MAP_READ
ReetFPS.exe,15040,DESKTOP-M4PIKSF\dani,0x000059CC,Section,,,READ_CONTROL|DELETE|WRITE_DAC|WRITE_OWNER|QUERY|MAP_WRITE|MAP_READ
ReetFPS.exe,15040,DESKTOP-M4PIKSF\dani,0x000059D0,Section,,,READ_CONTROL|DELETE|WRITE_DAC|WRITE_OWNER|QUERY|MAP_WRITE|MAP_READ
ReetFPS.exe,15040,DESKTOP-M4PIKSF\dani,0x000059D4,Section,,,READ_CONTROL|DELETE|WRITE_DAC|WRITE_OWNER|QUERY|MAP_WRITE|MAP_READ
ReetFPS.exe,15040,DESKTOP-M4PIKSF\dani,0x000059D8,Section,,,READ_CONTROL|DELETE|WRITE_DAC|WRITE_OWNER|QUERY|MAP_WRITE|MAP_READ
ReetFPS.exe,15040,DESKTOP-M4PIKSF\dani,0x000059DC,Section,,,READ_CONTROL|DELETE|WRITE_DAC|WRITE_OWNER|QUERY|MAP_WRITE|MAP_READ
ReetFPS.exe,15040,DESKTOP-M4PIKSF\dani,0x000059E0,Section,,,READ_CONTROL|DELETE|WRITE_DAC|WRITE_OWNER|QUERY|MAP_WRITE|MAP_READ
ReetFPS.exe,15040,DESKTOP-M4PIKSF\dani,0x000059E4,Section,,,READ_CONTROL|DELETE|WRITE_DAC|WRITE_OWNER|QUERY|MAP_WRITE|MAP_READ
ReetFPS.exe,15040,DESKTOP-M4PIKSF\dani,0x000059E8,Section,,,READ_CONTROL|DELETE|WRITE_DAC|WRITE_OWNER|QUERY|MAP_WRITE|MAP_READ
ReetFPS.exe,15040,DESKTOP-M4PIKSF\dani,0x000059EC,Section,,,READ_CONTROL|DELETE|WRITE_DAC|WRITE_OWNER|QUERY|MAP_WRITE|MAP_READ
ReetFPS.exe,15040,DESKTOP-M4PIKSF\dani,0x000059F0,Section,,,READ_CONTROL|DELETE|WRITE_DAC|WRITE_OWNER|QUERY|MAP_WRITE|MAP_READ
ReetFPS.exe,15040,DESKTOP-M4PIKSF\dani,0x000059F4,Section,,,READ_CONTROL|DELETE|WRITE_DAC|WRITE_OWNER|QUERY|MAP_WRITE|MAP_READ
ReetFPS.exe,15040,DESKTOP-M4PIKSF\dani,0x000059F8,Section,,,READ_CONTROL|DELETE|WRITE_DAC|WRITE_OWNER|QUERY|MAP_WRITE|MAP_READ
ReetFPS.exe,15040,DESKTOP-M4PIKSF\dani,0x000059FC,Section,,,READ_CONTROL|DELETE|WRITE_DAC|WRITE_OWNER|QUERY|MAP_WRITE|MAP_READ
ReetFPS.exe,15040,DESKTOP-M4PIKSF\dani,0x00005A00,Section,,,READ_CONTROL|DELETE|WRITE_DAC|WRITE_OWNER|QUERY|MAP_WRITE|MAP_READ
ReetFPS.exe,15040,DESKTOP-M4PIKSF\dani,0x00005A04,Section,,,READ_CONTROL|DELETE|WRITE_DAC|WRITE_OWNER|QUERY|MAP_WRITE|MAP_READ
ReetFPS.exe,15040,DESKTOP-M4PIKSF\dani,0x00005A08,Section,,,READ_CONTROL|DELETE|WRITE_DAC|WRITE_OWNER|QUERY|MAP_WRITE|MAP_READ
ReetFPS.exe,15040,DESKTOP-M4PIKSF\dani,0x00005A0C,Section,,,READ_CONTROL|DELETE|WRITE_DAC|WRITE_OWNER|QUERY|MAP_WRITE|MAP_READ
ReetFPS.exe,15040,DESKTOP-M4PIKSF\dani,0x00005A10,Section,,,READ_CONTROL|DELETE|WRITE_DAC|WRITE_OWNER|QUERY|MAP_WRITE|MAP_READ
ReetFPS.exe,15040,DESKTOP-M4PIKSF\dani,0x00005A14,Section,,,READ_CONTROL|DELETE|WRITE_DAC|WRITE_OWNER|QUERY|MAP_WRITE|MAP_READ
ReetFPS.exe,15040,DESKTOP-M4PIKSF\dani,0x00005A18,Section,,,READ_CONTROL|DELETE|WRITE_DAC|WRITE_OWNER|QUERY|MAP_WRITE|MAP_READ
ReetFPS.exe,15040,DESKTOP-M4PIKSF\dani,0x00005A1C,Section,,,READ_CONTROL|DELETE|WRITE_DAC|WRITE_OWNER|QUERY|MAP_WRITE|MAP_READ
ReetFPS.exe,15040,DESKTOP-M4PIKSF\dani,0x00005A20,Section,,,READ_CONTROL|DELETE|WRITE_DAC|WRITE_OWNER|QUERY|MAP_WRITE|MAP_READ
ReetFPS.exe,15040,DESKTOP-M4PIKSF\dani,0x00005A24,Section,,,READ_CONTROL|DELETE|WRITE_DAC|WRITE_OWNER|QUERY|MAP_WRITE|MAP_READ
ReetFPS.exe,15040,DESKTOP-M4PIKSF\dani,0x00005A28,Section,,,READ_CONTROL|DELETE|WRITE_DAC|WRITE_OWNER|QUERY|MAP_WRITE|MAP_READ
ReetFPS.exe,15040,DESKTOP-M4PIKSF\dani,0x00005A2C,Section,,,READ_CONTROL|DELETE|WRITE_DAC|WRITE_OWNER|QUERY|MAP_WRITE|MAP_READ
ReetFPS.exe,15040,DESKTOP-M4PIKSF\dani,0x00005A30,Section,,,READ_CONTROL|DELETE|WRITE_DAC|WRITE_OWNER|QUERY|MAP_WRITE|MAP_READ
ReetFPS.exe,15040,DESKTOP-M4PIKSF\dani,0x00005A34,Section,,,READ_CONTROL|DELETE|WRITE_DAC|WRITE_OWNER|QUERY|MAP_WRITE|MAP_READ
ReetFPS.exe,15040,DESKTOP-M4PIKSF\dani,0x00005A38,Section,,,READ_CONTROL|DELETE|WRITE_DAC|WRITE_OWNER|QUERY|MAP_WRITE|MAP_READ
ReetFPS.exe,15040,DESKTOP-M4PIKSF\dani,0x00005A3C,Section,,,READ_CONTROL|DELETE|WRITE_DAC|WRITE_OWNER|QUERY|MAP_WRITE|MAP_READ
ReetFPS.exe,15040,DESKTOP-M4PIKSF\dani,0x00005A40,Section,,,READ_CONTROL|DELETE|WRITE_DAC|WRITE_OWNER|QUERY|MAP_WRITE|MAP_READ
ReetFPS.exe,15040,DESKTOP-M4PIKSF\dani,0x00005A44,Section,,,READ_CONTROL|DELETE|WRITE_DAC|WRITE_OWNER|QUERY|MAP_WRITE|MAP_READ
ReetFPS.exe,15040,DESKTOP-M4PIKSF\dani,0x00005A48,Section,,,READ_CONTROL|DELETE|WRITE_DAC|WRITE_OWNER|QUERY|MAP_WRITE|MAP_READ
ReetFPS.exe,15040,DESKTOP-M4PIKSF\dani,0x00005A4C,Section,,,READ_CONTROL|DELETE|WRITE_DAC|WRITE_OWNER|QUERY|MAP_WRITE|MAP_READ
ReetFPS.exe,15040,DESKTOP-M4PIKSF\dani,0x00005A50,Section,,,READ_CONTROL|DELETE|WRITE_DAC|WRITE_OWNER|QUERY|MAP_WRITE|MAP_READ
ReetFPS.exe,15040,DESKTOP-M4PIKSF\dani,0x00005A54,Section,,,READ_CONTROL|DELETE|WRITE_DAC|WRITE_OWNER|QUERY|MAP_WRITE|MAP_READ
ReetFPS.exe,15040,DESKTOP-M4PIKSF\dani,0x00005A58,Section,,,READ_CONTROL|DELETE|WRITE_DAC|WRITE_OWNER|QUERY|MAP_WRITE|MAP_READ
ReetFPS.exe,15040,DESKTOP-M4PIKSF\dani,0x00005A5C,Section,,,READ_CONTROL|DELETE|WRITE_DAC|WRITE_OWNER|QUERY|MAP_WRITE|MAP_READ
ReetFPS.exe,15040,DESKTOP-M4PIKSF\dani,0x00005A60,Section,,,READ_CONTROL|DELETE|WRITE_DAC|WRITE_OWNER|QUERY|MAP_WRITE|MAP_READ
ReetFPS.exe,15040,DESKTOP-M4PIKSF\dani,0x00005A64,Section,,,READ_CONTROL|DELETE|WRITE_DAC|WRITE_OWNER|QUERY|MAP_WRITE|MAP_READ
ReetFPS.exe,15040,DESKTOP-M4PIKSF\dani,0x00005A68,Section,,,READ_CONTROL|DELETE|WRITE_DAC|WRITE_OWNER|QUERY|MAP_WRITE|MAP_READ
ReetFPS.exe,15040,DESKTOP-M4PIKSF\dani,0x00005A6C,Section,,,READ_CONTROL|DELETE|WRITE_DAC|WRITE_OWNER|QUERY|MAP_WRITE|MAP_READ
ReetFPS.exe,15040,DESKTOP-M4PIKSF\dani,0x00005A70,Section,,,READ_CONTROL|DELETE|WRITE_DAC|WRITE_OWNER|QUERY|MAP_WRITE|MAP_READ
ReetFPS.exe,15040,DESKTOP-M4PIKSF\dani,0x00005A74,Section,,,READ_CONTROL|DELETE|WRITE_DAC|WRITE_OWNER|QUERY|MAP_WRITE|MAP_READ
ReetFPS.exe,15040,DESKTOP-M4PIKSF\dani,0x00005A78,Section,,,READ_CONTROL|DELETE|WRITE_DAC|WRITE_OWNER|QUERY|MAP_WRITE|MAP_READ
ReetFPS.exe,15040,DESKTOP-M4PIKSF\dani,0x00005A7C,Section,,,READ_CONTROL|DELETE|WRITE_DAC|WRITE_OWNER|QUERY|MAP_WRITE|MAP_READ
ReetFPS.exe,15040,DESKTOP-M4PIKSF\dani,0x00005A80,Section,,,READ_CONTROL|DELETE|WRITE_DAC|WRITE_OWNER|QUERY|MAP_WRITE|MAP_READ
ReetFPS.exe,15040,DESKTOP-M4PIKSF\dani,0x00005A84,Section,,,READ_CONTROL|DELETE|WRITE_DAC|WRITE_OWNER|QUERY|MAP_WRITE|MAP_READ
ReetFPS.exe,15040,DESKTOP-M4PIKSF\dani,0x00005A88,Section,,,READ_CONTROL|DELETE|WRITE_DAC|WRITE_OWNER|QUERY|MAP_WRITE|MAP_READ
ReetFPS.exe,15040,DESKTOP-M4PIKSF\dani,0x00005A8C,Section,,,READ_CONTROL|DELETE|WRITE_DAC|WRITE_OWNER|QUERY|MAP_WRITE|MAP_READ
ReetFPS.exe,15040,DESKTOP-M4PIKSF\dani,0x00005A90,Section,,,READ_CONTROL|DELETE|WRITE_DAC|WRITE_OWNER|QUERY|MAP_WRITE|MAP_READ
ReetFPS.exe,15040,DESKTOP-M4PIKSF\dani,0x00005A94,Section,,,READ_CONTROL|DELETE|WRITE_DAC|WRITE_OWNER|QUERY|MAP_WRITE|MAP_READ
ReetFPS.exe,15040,DESKTOP-M4PIKSF\dani,0x00005A98,Section,,,READ_CONTROL|DELETE|WRITE_DAC|WRITE_OWNER|QUERY|MAP_WRITE|MAP_READ
ReetFPS.exe,15040,DESKTOP-M4PIKSF\dani,0x00005A9C,Section,,,READ_CONTROL|DELETE|WRITE_DAC|WRITE_OWNER|QUERY|MAP_WRITE|MAP_READ
ReetFPS.exe,15040,DESKTOP-M4PIKSF\dani,0x00005AA0,Section,,,READ_CONTROL|DELETE|WRITE_DAC|WRITE_OWNER|QUERY|MAP_WRITE|MAP_READ
ReetFPS.exe,15040,DESKTOP-M4PIKSF\dani,0x00005AA4,Section,,,READ_CONTROL|DELETE|WRITE_DAC|WRITE_OWNER|QUERY|MAP_WRITE|MAP_READ
ReetFPS.exe,15040,DESKTOP-M4PIKSF\dani,0x00005AA8,Section,,,READ_CONTROL|DELETE|WRITE_DAC|WRITE_OWNER|QUERY|MAP_WRITE|MAP_READ
ReetFPS.exe,15040,DESKTOP-M4PIKSF\dani,0x00005AAC,Section,,,READ_CONTROL|DELETE|WRITE_DAC|WRITE_OWNER|QUERY|MAP_WRITE|MAP_READ
ReetFPS.exe,15040,DESKTOP-M4PIKSF\dani,0x00005AB0,Section,,,READ_CONTROL|DELETE|WRITE_DAC|WRITE_OWNER|QUERY|MAP_WRITE|MAP_READ
ReetFPS.exe,15040,DESKTOP-M4PIKSF\dani,0x00005AB4,Section,,,READ_CONTROL|DELETE|WRITE_DAC|WRITE_OWNER|QUERY|MAP_WRITE|MAP_READ
ReetFPS.exe,15040,DESKTOP-M4PIKSF\dani,0x00005AB8,Section,,,READ_CONTROL|DELETE|WRITE_DAC|WRITE_OWNER|QUERY|MAP_WRITE|MAP_READ
ReetFPS.exe,15040,DESKTOP-M4PIKSF\dani,0x00005ABC,Section,,,READ_CONTROL|DELETE|WRITE_DAC|WRITE_OWNER|QUERY|MAP_WRITE|MAP_READ
ReetFPS.exe,15040,DESKTOP-M4PIKSF\dani,0x00005AC0,Section,,,READ_CONTROL|DELETE|WRITE_DAC|WRITE_OWNER|QUERY|MAP_WRITE|MAP_READ
ReetFPS.exe,15040,DESKTOP-M4PIKSF\dani,0x00005AC4,Section,,,READ_CONTROL|DELETE|WRITE_DAC|WRITE_OWNER|QUERY|MAP_WRITE|MAP_READ
ReetFPS.exe,15040,DESKTOP-M4PIKSF\dani,0x00005AC8,Section,,,READ_CONTROL|DELETE|WRITE_DAC|WRITE_OWNER|QUERY|MAP_WRITE|MAP_READ
ReetFPS.exe,15040,DESKTOP-M4PIKSF\dani,0x00005ACC,Section,,,READ_CONTROL|DELETE|WRITE_DAC|WRITE_OWNER|QUERY|MAP_WRITE|MAP_READ
ReetFPS.exe,15040,DESKTOP-M4PIKSF\dani,0x00005AD0,Section,,,READ_CONTROL|DELETE|WRITE_DAC|WRITE_OWNER|QUERY|MAP_WRITE|MAP_READ
ReetFPS.exe,15040,DESKTOP-M4PIKSF\dani,0x00005AD4,Section,,,READ_CONTROL|DELETE|WRITE_DAC|WRITE_OWNER|QUERY|MAP_WRITE|MAP_READ
ReetFPS.exe,15040,DESKTOP-M4PIKSF\dani,0x00005AD8,Section,,,READ_CONTROL|DELETE|WRITE_DAC|WRITE_OWNER|QUERY|MAP_WRITE|MAP_READ
ReetFPS.exe,15040,DESKTOP-M4PIKSF\dani,0x00005ADC,Section,,,READ_CONTROL|DELETE|WRITE_DAC|WRITE_OWNER|QUERY|MAP_WRITE|MAP_READ
ReetFPS.exe,15040,DESKTOP-M4PIKSF\dani,0x00005AE0,Section,,,READ_CONTROL|DELETE|WRITE_DAC|WRITE_OWNER|QUERY|MAP_WRITE|MAP_READ
ReetFPS.exe,15040,DESKTOP-M4PIKSF\dani,0x00005AE4,Section,,,READ_CONTROL|DELETE|WRITE_DAC|WRITE_OWNER|QUERY|MAP_WRITE|MAP_READ
ReetFPS.exe,15040,DESKTOP-M4PIKSF\dani,0x00005AE8,Section,,,READ_CONTROL|DELETE|WRITE_DAC|WRITE_OWNER|QUERY|MAP_WRITE|MAP_READ
ReetFPS.exe,15040,DESKTOP-M4PIKSF\dani,0x00005AEC,Section,,,READ_CONTROL|DELETE|WRITE_DAC|WRITE_OWNER|QUERY|MAP_WRITE|MAP_READ
ReetFPS.exe,15040,DESKTOP-M4PIKSF\dani,0x00005AF0,Section,,,READ_CONTROL|DELETE|WRITE_DAC|WRITE_OWNER|QUERY|MAP_WRITE|MAP_READ
ReetFPS.exe,15040,DESKTOP-M4PIKSF\dani,0x00005AF4,Section,,,READ_CONTROL|DELETE|WRITE_DAC|WRITE_OWNER|QUERY|MAP_WRITE|MAP_READ
ReetFPS.exe,15040,DESKTOP-M4PIKSF\dani,0x00005AF8,Section,,,READ_CONTROL|DELETE|WRITE_DAC|WRITE_OWNER|QUERY|MAP_WRITE|MAP_READ
ReetFPS.exe,15040,DESKTOP-M4PIKSF\dani,0x00005AFC,Section,,,READ_CONTROL|DELETE|WRITE_DAC|WRITE_OWNER|QUERY|MAP_WRITE|MAP_READ
ReetFPS.exe,15040,DESKTOP-M4PIKSF\dani,0x00005B00,Section,,,READ_CONTROL|DELETE|WRITE_DAC|WRITE_OWNER|QUERY|MAP_WRITE|MAP_READ
ReetFPS.exe,15040,DESKTOP-M4PIKSF\dani,0x00005B04,Section,,,READ_CONTROL|DELETE|WRITE_DAC|WRITE_OWNER|QUERY|MAP_WRITE|MAP_READ
ReetFPS.exe,15040,DESKTOP-M4PIKSF\dani,0x00005B08,Section,,,READ_CONTROL|DELETE|WRITE_DAC|WRITE_OWNER|QUERY|MAP_WRITE|MAP_READ
ReetFPS.exe,15040,DESKTOP-M4PIKSF\dani,0x00005B0C,Section,,,READ_CONTROL|DELETE|WRITE_DAC|WRITE_OWNER|QUERY|MAP_WRITE|MAP_READ
ReetFPS.exe,15040,DESKTOP-M4PIKSF\dani,0x00005B10,Section,,,READ_CONTROL|DELETE|WRITE_DAC|WRITE_OWNER|QUERY|MAP_WRITE|MAP_READ
ReetFPS.exe,15040,DESKTOP-M4PIKSF\dani,0x00005B14,Section,,,READ_CONTROL|DELETE|WRITE_DAC|WRITE_OWNER|QUERY|MAP_WRITE|MAP_READ
ReetFPS.exe,15040,DESKTOP-M4PIKSF\dani,0x00005B18,Section,,,READ_CONTROL|DELETE|WRITE_DAC|WRITE_OWNER|QUERY|MAP_WRITE|MAP_READ
ReetFPS.exe,15040,DESKTOP-M4PIKSF\dani,0x00005B1C,Section,,,READ_CONTROL|DELETE|WRITE_DAC|WRITE_OWNER|QUERY|MAP_WRITE|MAP_READ
ReetFPS.exe,15040,DESKTOP-M4PIKSF\dani,0x00005B20,Section,,,READ_CONTROL|DELETE|WRITE_DAC|WRITE_OWNER|QUERY|MAP_WRITE|MAP_READ
ReetFPS.exe,15040,DESKTOP-M4PIKSF\dani,0x00005B24,Section,,,READ_CONTROL|DELETE|WRITE_DAC|WRITE_OWNER|QUERY|MAP_WRITE|MAP_READ
ReetFPS.exe,15040,DESKTOP-M4PIKSF\dani,0x00005B28,Section,,,READ_CONTROL|DELETE|WRITE_DAC|WRITE_OWNER|QUERY|MAP_WRITE|MAP_READ
ReetFPS.exe,15040,DESKTOP-M4PIKSF\dani,0x00005B2C,Section,,,READ_CONTROL|DELETE|WRITE_DAC|WRITE_OWNER|QUERY|MAP_WRITE|MAP_READ
ReetFPS.exe,15040,DESKTOP-M4PIKSF\dani,0x00005B30,Section,,,READ_CONTROL|DELETE|WRITE_DAC|WRITE_OWNER|QUERY|MAP_WRITE|MAP_READ
ReetFPS.exe,15040,DESKTOP-M4PIKSF\dani,0x00005B34,Section,,,READ_CONTROL|DELETE|WRITE_DAC|WRITE_OWNER|QUERY|MAP_WRITE|MAP_READ
ReetFPS.exe,15040,DESKTOP-M4PIKSF\dani,0x00005B38,Section,,,READ_CONTROL|DELETE|WRITE_DAC|WRITE_OWNER|QUERY|MAP_WRITE|MAP_READ
ReetFPS.exe,15040,DESKTOP-M4PIKSF\dani,0x00005B3C,Section,,,READ_CONTROL|DELETE|WRITE_DAC|WRITE_OWNER|QUERY|MAP_WRITE|MAP_READ
ReetFPS.exe,15040,DESKTOP-M4PIKSF\dani,0x00005B40,Section,,,READ_CONTROL|DELETE|WRITE_DAC|WRITE_OWNER|QUERY|MAP_WRITE|MAP_READ
ReetFPS.exe,15040,DESKTOP-M4PIKSF\dani,0x00005B44,Section,,,READ_CONTROL|DELETE|WRITE_DAC|WRITE_OWNER|QUERY|MAP_WRITE|MAP_READ
ReetFPS.exe,15040,DESKTOP-M4PIKSF\dani,0x00005B48,Section,,,READ_CONTROL|DELETE|WRITE_DAC|WRITE_OWNER|QUERY|MAP_WRITE|MAP_READ
ReetFPS.exe,15040,DESKTOP-M4PIKSF\dani,0x00005B4C,Section,,,READ_CONTROL|DELETE|WRITE_DAC|WRITE_OWNER|QUERY|MAP_WRITE|MAP_READ
ReetFPS.exe,15040,DESKTOP-M4PIKSF\dani,0x00005B50,Section,,,READ_CONTROL|DELETE|WRITE_DAC|WRITE_OWNER|QUERY|MAP_WRITE|MAP_READ
ReetFPS.exe,15040,DESKTOP-M4PIKSF\dani,0x00005B54,Section,,,READ_CONTROL|DELETE|WRITE_DAC|WRITE_OWNER|QUERY|MAP_WRITE|MAP_READ
ReetFPS.exe,15040,DESKTOP-M4PIKSF\dani,0x00005B5C,Section,,,READ_CONTROL|DELETE|WRITE_DAC|WRITE_OWNER|QUERY|MAP_WRITE|MAP_READ
ReetFPS.exe,15040,DESKTOP-M4PIKSF\dani,0x00005B60,Section,,,READ_CONTROL|DELETE|WRITE_DAC|WRITE_OWNER|QUERY|MAP_WRITE|MAP_READ
ReetFPS.exe,15040,DESKTOP-M4PIKSF\dani,0x00005B64,Section,,,READ_CONTROL|DELETE|WRITE_DAC|WRITE_OWNER|QUERY|MAP_WRITE|MAP_READ
ReetFPS.exe,15040,DESKTOP-M4PIKSF\dani,0x00005B68,Section,,,READ_CONTROL|DELETE|WRITE_DAC|WRITE_OWNER|QUERY|MAP_WRITE|MAP_READ
ReetFPS.exe,15040,DESKTOP-M4PIKSF\dani,0x00005B6C,Section,,,READ_CONTROL|DELETE|WRITE_DAC|WRITE_OWNER|QUERY|MAP_WRITE|MAP_READ
ReetFPS.exe,15040,DESKTOP-M4PIKSF\dani,0x00005B70,Section,,,READ_CONTROL|DELETE|WRITE_DAC|WRITE_OWNER|QUERY|MAP_WRITE|MAP_READ
ReetFPS.exe,15040,DESKTOP-M4PIKSF\dani,0x00005B74,Section,,,READ_CONTROL|DELETE|WRITE_DAC|WRITE_OWNER|QUERY|MAP_WRITE|MAP_READ
ReetFPS.exe,15040,DESKTOP-M4PIKSF\dani,0x00005B78,Section,,,READ_CONTROL|DELETE|WRITE_DAC|WRITE_OWNER|QUERY|MAP_WRITE|MAP_READ
ReetFPS.exe,15040,DESKTOP-M4PIKSF\dani,0x00005B7C,Section,,,READ_CONTROL|DELETE|WRITE_DAC|WRITE_OWNER|QUERY|MAP_WRITE|MAP_READ
ReetFPS.exe,15040,DESKTOP-M4PIKSF\dani,0x00005B80,Section,,,READ_CONTROL|DELETE|WRITE_DAC|WRITE_OWNER|QUERY|MAP_WRITE|MAP_READ
ReetFPS.exe,15040,DESKTOP-M4PIKSF\dani,0x00005B84,Section,,,READ_CONTROL|DELETE|WRITE_DAC|WRITE_OWNER|QUERY|MAP_WRITE|MAP_READ
ReetFPS.exe,15040,DESKTOP-M4PIKSF\dani,0x00005B88,Section,,,READ_CONTROL|DELETE|WRITE_DAC|WRITE_OWNER|QUERY|MAP_WRITE|MAP_READ
ReetFPS.exe,15040,DESKTOP-M4PIKSF\dani,0x00005B8C,Section,,,READ_CONTROL|DELETE|WRITE_DAC|WRITE_OWNER|QUERY|MAP_WRITE|MAP_READ
ReetFPS.exe,15040,DESKTOP-M4PIKSF\dani,0x00005B90,Section,,,READ_CONTROL|DELETE|WRITE_DAC|WRITE_OWNER|QUERY|MAP_WRITE|MAP_READ
ReetFPS.exe,15040,DESKTOP-M4PIKSF\dani,0x00005B94,Section,,,READ_CONTROL|DELETE|WRITE_DAC|WRITE_OWNER|QUERY|MAP_WRITE|MAP_READ
ReetFPS.exe,15040,DESKTOP-M4PIKSF\dani,0x00005B98,Section,,,READ_CONTROL|DELETE|WRITE_DAC|WRITE_OWNER|QUERY|MAP_WRITE|MAP_READ
ReetFPS.exe,15040,DESKTOP-M4PIKSF\dani,0x00005B9C,Section,,,READ_CONTROL|DELETE|WRITE_DAC|WRITE_OWNER|QUERY|MAP_WRITE|MAP_READ
ReetFPS.exe,15040,DESKTOP-M4PIKSF\dani,0x00005BA0,Section,,,READ_CONTROL|DELETE|WRITE_DAC|WRITE_OWNER|QUERY|MAP_WRITE|MAP_READ
ReetFPS.exe,15040,DESKTOP-M4PIKSF\dani,0x00005BA4,Section,,,READ_CONTROL|DELETE|WRITE_DAC|WRITE_OWNER|QUERY|MAP_WRITE|MAP_READ
ReetFPS.exe,15040,DESKTOP-M4PIKSF\dani,0x00005BA8,Section,,,READ_CONTROL|DELETE|WRITE_DAC|WRITE_OWNER|QUERY|MAP_WRITE|MAP_READ
ReetFPS.exe,15040,DESKTOP-M4PIKSF\dani,0x00005BAC,Section,,,READ_CONTROL|DELETE|WRITE_DAC|WRITE_OWNER|QUERY|MAP_WRITE|MAP_READ
ReetFPS.exe,15040,DESKTOP-M4PIKSF\dani,0x00005BB0,Section,,,READ_CONTROL|DELETE|WRITE_DAC|WRITE_OWNER|QUERY|MAP_WRITE|MAP_READ
ReetFPS.exe,15040,DESKTOP-M4PIKSF\dani,0x00005BB4,Section,,,READ_CONTROL|DELETE|WRITE_DAC|WRITE_OWNER|QUERY|MAP_WRITE|MAP_READ
ReetFPS.exe,15040,DESKTOP-M4PIKSF\dani,0x00005BB8,Section,,,READ_CONTROL|DELETE|WRITE_DAC|WRITE_OWNER|QUERY|MAP_WRITE|MAP_READ
ReetFPS.exe,15040,DESKTOP-M4PIKSF\dani,0x00005BBC,Section,,,READ_CONTROL|DELETE|WRITE_DAC|WRITE_OWNER|QUERY|MAP_WRITE|MAP_READ
ReetFPS.exe,15040,DESKTOP-M4PIKSF\dani,0x00005BC0,Section,,,READ_CONTROL|DELETE|WRITE_DAC|WRITE_OWNER|QUERY|MAP_WRITE|MAP_READ
ReetFPS.exe,15040,DESKTOP-M4PIKSF\dani,0x00005BC4,Section,,,READ_CONTROL|DELETE|WRITE_DAC|WRITE_OWNER|QUERY|MAP_WRITE|MAP_READ
ReetFPS.exe,15040,DESKTOP-M4PIKSF\dani,0x00005BC8,Section,,,READ_CONTROL|DELETE|WRITE_DAC|WRITE_OWNER|QUERY|MAP_WRITE|MAP_READ
ReetFPS.exe,15040,DESKTOP-M4PIKSF\dani,0x00005BCC,Section,,,READ_CONTROL|DELETE|WRITE_DAC|WRITE_OWNER|QUERY|MAP_WRITE|MAP_READ
ReetFPS.exe,15040,DESKTOP-M4PIKSF\dani,0x00005BD0,Section,,,READ_CONTROL|DELETE|WRITE_DAC|WRITE_OWNER|QUERY|MAP_WRITE|MAP_READ
ReetFPS.exe,15040,DESKTOP-M4PIKSF\dani,0x00005BD4,Section,,,READ_CONTROL|DELETE|WRITE_DAC|WRITE_OWNER|QUERY|MAP_WRITE|MAP_READ
ReetFPS.exe,15040,DESKTOP-M4PIKSF\dani,0x00005BD8,Section,,,READ_CONTROL|DELETE|WRITE_DAC|WRITE_OWNER|QUERY|MAP_WRITE|MAP_READ
ReetFPS.exe,15040,DESKTOP-M4PIKSF\dani,0x00005BDC,Section,,,READ_CONTROL|DELETE|WRITE_DAC|WRITE_OWNER|QUERY|MAP_WRITE|MAP_READ
ReetFPS.exe,15040,DESKTOP-M4PIKSF\dani,0x00005BE0,Section,,,READ_CONTROL|DELETE|WRITE_DAC|WRITE_OWNER|QUERY|MAP_WRITE|MAP_READ
ReetFPS.exe,15040,DESKTOP-M4PIKSF\dani,0x00005BE4,Section,,,READ_CONTROL|DELETE|WRITE_DAC|WRITE_OWNER|QUERY|MAP_WRITE|MAP_READ
ReetFPS.exe,15040,DESKTOP-M4PIKSF\dani,0x00005BE8,Section,,,READ_CONTROL|DELETE|WRITE_DAC|WRITE_OWNER|QUERY|MAP_WRITE|MAP_READ
ReetFPS.exe,15040,DESKTOP-M4PIKSF\dani,0x00005BEC,Section,,,READ_CONTROL|DELETE|WRITE_DAC|WRITE_OWNER|QUERY|MAP_WRITE|MAP_READ
ReetFPS.exe,15040,DESKTOP-M4PIKSF\dani,0x00005BF0,Section,,,READ_CONTROL|DELETE|WRITE_DAC|WRITE_OWNER|QUERY|MAP_WRITE|MAP_READ
ReetFPS.exe,15040,DESKTOP-M4PIKSF\dani,0x00005BF4,Section,,,READ_CONTROL|DELETE|WRITE_DAC|WRITE_OWNER|QUERY|MAP_WRITE|MAP_READ
ReetFPS.exe,15040,DESKTOP-M4PIKSF\dani,0x00005BF8,Section,,,READ_CONTROL|DELETE|WRITE_DAC|WRITE_OWNER|QUERY|MAP_WRITE|MAP_READ
ReetFPS.exe,15040,DESKTOP-M4PIKSF\dani,0x00005BFC,Section,,,READ_CONTROL|DELETE|WRITE_DAC|WRITE_OWNER|QUERY|MAP_WRITE|MAP_READ
ReetFPS.exe,15040,DESKTOP-M4PIKSF\dani,0x00005C04,Section,,,READ_CONTROL|DELETE|WRITE_DAC|WRITE_OWNER|QUERY|MAP_WRITE|MAP_READ
ReetFPS.exe,15040,DESKTOP-M4PIKSF\dani,0x00005C08,Section,,,READ_CONTROL|DELETE|WRITE_DAC|WRITE_OWNER|QUERY|MAP_WRITE|MAP_READ
ReetFPS.exe,15040,DESKTOP-M4PIKSF\dani,0x00005C0C,Section,,,READ_CONTROL|DELETE|WRITE_DAC|WRITE_OWNER|QUERY|MAP_WRITE|MAP_READ
ReetFPS.exe,15040,DESKTOP-M4PIKSF\dani,0x00005C10,Section,,,READ_CONTROL|DELETE|WRITE_DAC|WRITE_OWNER|QUERY|MAP_WRITE|MAP_READ
ReetFPS.exe,15040,DESKTOP-M4PIKSF\dani,0x00005C14,Section,,,READ_CONTROL|DELETE|WRITE_DAC|WRITE_OWNER|QUERY|MAP_WRITE|MAP_READ
ReetFPS.exe,15040,DESKTOP-M4PIKSF\dani,0x00005C18,Section,,,READ_CONTROL|DELETE|WRITE_DAC|WRITE_OWNER|QUERY|MAP_WRITE|MAP_READ
ReetFPS.exe,15040,DESKTOP-M4PIKSF\dani,0x00005C1C,Section,,,READ_CONTROL|DELETE|WRITE_DAC|WRITE_OWNER|QUERY|MAP_WRITE|MAP_READ
ReetFPS.exe,15040,DESKTOP-M4PIKSF\dani,0x00005C20,File,---,\Device\Afd,READ_CONTROL|SYNCHRONIZE|WRITE_DAC|FILE_GENERIC_WRITE|FILE_GENERIC_READ
ReetFPS.exe,15040,DESKTOP-M4PIKSF\dani,0x00005C24,Section,,,READ_CONTROL|DELETE|WRITE_DAC|WRITE_OWNER|QUERY|MAP_WRITE|MAP_READ
ReetFPS.exe,15040,DESKTOP-M4PIKSF\dani,0x00005C28,Section,,,READ_CONTROL|DELETE|WRITE_DAC|WRITE_OWNER|QUERY|MAP_WRITE|MAP_READ
ReetFPS.exe,15040,DESKTOP-M4PIKSF\dani,0x00005C2C,Section,,,READ_CONTROL|DELETE|WRITE_DAC|WRITE_OWNER|QUERY|MAP_WRITE|MAP_READ
ReetFPS.exe,15040,DESKTOP-M4PIKSF\dani,0x00005C30,Section,,,READ_CONTROL|DELETE|WRITE_DAC|WRITE_OWNER|QUERY|MAP_WRITE|MAP_READ
ReetFPS.exe,15040,DESKTOP-M4PIKSF\dani,0x00005C34,Section,,,READ_CONTROL|DELETE|WRITE_DAC|WRITE_OWNER|QUERY|MAP_WRITE|MAP_READ
ReetFPS.exe,15040,DESKTOP-M4PIKSF\dani,0x00005C38,Section,,,READ_CONTROL|DELETE|WRITE_DAC|WRITE_OWNER|QUERY|MAP_WRITE|MAP_READ
ReetFPS.exe,15040,DESKTOP-M4PIKSF\dani,0x00005C3C,Section,,,READ_CONTROL|DELETE|WRITE_DAC|WRITE_OWNER|QUERY|MAP_WRITE|MAP_READ
ReetFPS.exe,15040,DESKTOP-M4PIKSF\dani,0x00005C40,Section,,,READ_CONTROL|DELETE|WRITE_DAC|WRITE_OWNER|QUERY|MAP_WRITE|MAP_READ
ReetFPS.exe,15040,DESKTOP-M4PIKSF\dani,0x00005C44,Section,,,READ_CONTROL|DELETE|WRITE_DAC|WRITE_OWNER|QUERY|MAP_WRITE|MAP_READ
ReetFPS.exe,15040,DESKTOP-M4PIKSF\dani,0x00005C48,Section,,,READ_CONTROL|DELETE|WRITE_DAC|WRITE_OWNER|QUERY|MAP_WRITE|MAP_READ
ReetFPS.exe,15040,DESKTOP-M4PIKSF\dani,0x00005C4C,Section,,,READ_CONTROL|DELETE|WRITE_DAC|WRITE_OWNER|QUERY|MAP_WRITE|MAP_READ
ReetFPS.exe,15040,DESKTOP-M4PIKSF\dani,0x00005C50,Section,,,READ_CONTROL|DELETE|WRITE_DAC|WRITE_OWNER|QUERY|MAP_WRITE|MAP_READ
ReetFPS.exe,15040,DESKTOP-M4PIKSF\dani,0x00005C54,Section,,,READ_CONTROL|DELETE|WRITE_DAC|WRITE_OWNER|QUERY|MAP_WRITE|MAP_READ
ReetFPS.exe,15040,DESKTOP-M4PIKSF\dani,0x00005C58,Section,,,READ_CONTROL|DELETE|WRITE_DAC|WRITE_OWNER|QUERY|MAP_WRITE|MAP_READ
ReetFPS.exe,15040,DESKTOP-M4PIKSF\dani,0x00005C5C,Section,,,READ_CONTROL|DELETE|WRITE_DAC|WRITE_OWNER|QUERY|MAP_WRITE|MAP_READ
ReetFPS.exe,15040,DESKTOP-M4PIKSF\dani,0x00005C60,Section,,,READ_CONTROL|DELETE|WRITE_DAC|WRITE_OWNER|QUERY|MAP_WRITE|MAP_READ
ReetFPS.exe,15040,DESKTOP-M4PIKSF\dani,0x00005C64,Section,,,READ_CONTROL|DELETE|WRITE_DAC|WRITE_OWNER|QUERY|MAP_WRITE|MAP_READ
ReetFPS.exe,15040,DESKTOP-M4PIKSF\dani,0x00005C68,Section,,,READ_CONTROL|DELETE|WRITE_DAC|WRITE_OWNER|QUERY|MAP_WRITE|MAP_READ
ReetFPS.exe,15040,DESKTOP-M4PIKSF\dani,0x00005C6C,Section,,,READ_CONTROL|DELETE|WRITE_DAC|WRITE_OWNER|QUERY|MAP_WRITE|MAP_READ
ReetFPS.exe,15040,DESKTOP-M4PIKSF\dani,0x00005C70,Section,,,READ_CONTROL|DELETE|WRITE_DAC|WRITE_OWNER|QUERY|MAP_WRITE|MAP_READ
ReetFPS.exe,15040,DESKTOP-M4PIKSF\dani,0x00005C74,Section,,,READ_CONTROL|DELETE|WRITE_DAC|WRITE_OWNER|QUERY|MAP_WRITE|MAP_READ
ReetFPS.exe,15040,DESKTOP-M4PIKSF\dani,0x00005C78,Section,,,READ_CONTROL|DELETE|WRITE_DAC|WRITE_OWNER|QUERY|MAP_WRITE|MAP_READ
ReetFPS.exe,15040,DESKTOP-M4PIKSF\dani,0x00005C7C,Section,,,READ_CONTROL|DELETE|WRITE_DAC|WRITE_OWNER|QUERY|MAP_WRITE|MAP_READ
ReetFPS.exe,15040,DESKTOP-M4PIKSF\dani,0x00005C80,Section,,,READ_CONTROL|DELETE|WRITE_DAC|WRITE_OWNER|QUERY|MAP_WRITE|MAP_READ
ReetFPS.exe,15040,DESKTOP-M4PIKSF\dani,0x00005C84,Section,,,READ_CONTROL|DELETE|WRITE_DAC|WRITE_OWNER|QUERY|MAP_WRITE|MAP_READ
ReetFPS.exe,15040,DESKTOP-M4PIKSF\dani,0x00005C88,Section,,,READ_CONTROL|DELETE|WRITE_DAC|WRITE_OWNER|QUERY|MAP_WRITE|MAP_READ
ReetFPS.exe,15040,DESKTOP-M4PIKSF\dani,0x00005C8C,Section,,,READ_CONTROL|DELETE|WRITE_DAC|WRITE_OWNER|QUERY|MAP_WRITE|MAP_READ
ReetFPS.exe,15040,DESKTOP-M4PIKSF\dani,0x00005C90,Section,,,READ_CONTROL|DELETE|WRITE_DAC|WRITE_OWNER|QUERY|MAP_WRITE|MAP_READ
ReetFPS.exe,15040,DESKTOP-M4PIKSF\dani,0x00005C94,Section,,,READ_CONTROL|DELETE|WRITE_DAC|WRITE_OWNER|QUERY|MAP_WRITE|MAP_READ
ReetFPS.exe,15040,DESKTOP-M4PIKSF\dani,0x00005C98,Section,,,READ_CONTROL|DELETE|WRITE_DAC|WRITE_OWNER|QUERY|MAP_WRITE|MAP_READ
ReetFPS.exe,15040,DESKTOP-M4PIKSF\dani,0x00005C9C,Section,,,READ_CONTROL|DELETE|WRITE_DAC|WRITE_OWNER|QUERY|MAP_WRITE|MAP_READ
ReetFPS.exe,15040,DESKTOP-M4PIKSF\dani,0x00005CA0,Section,,,READ_CONTROL|DELETE|WRITE_DAC|WRITE_OWNER|QUERY|MAP_WRITE|MAP_READ
ReetFPS.exe,15040,DESKTOP-M4PIKSF\dani,0x00005CA4,Event,,,READ_CONTROL|DELETE|SYNCHRONIZE|WRITE_DAC|WRITE_OWNER|EVENT_ALL_ACCESS
ReetFPS.exe,15040,DESKTOP-M4PIKSF\dani,0x00005CA8,Section,,,READ_CONTROL|DELETE|WRITE_DAC|WRITE_OWNER|QUERY|MAP_WRITE|MAP_READ
ReetFPS.exe,15040,DESKTOP-M4PIKSF\dani,0x00005CAC,Section,,,READ_CONTROL|DELETE|WRITE_DAC|WRITE_OWNER|QUERY|MAP_WRITE|MAP_READ
ReetFPS.exe,15040,DESKTOP-M4PIKSF\dani,0x00005CB0,Section,,,READ_CONTROL|DELETE|WRITE_DAC|WRITE_OWNER|QUERY|MAP_WRITE|MAP_READ
ReetFPS.exe,15040,DESKTOP-M4PIKSF\dani,0x00005CB4,Section,,,READ_CONTROL|DELETE|WRITE_DAC|WRITE_OWNER|QUERY|MAP_WRITE|MAP_READ
ReetFPS.exe,15040,DESKTOP-M4PIKSF\dani,0x00005CB8,Section,,,READ_CONTROL|DELETE|WRITE_DAC|WRITE_OWNER|QUERY|MAP_WRITE|MAP_READ
ReetFPS.exe,15040,DESKTOP-M4PIKSF\dani,0x00005CBC,Section,,,READ_CONTROL|DELETE|WRITE_DAC|WRITE_OWNER|QUERY|MAP_WRITE|MAP_READ
ReetFPS.exe,15040,DESKTOP-M4PIKSF\dani,0x00005CC0,Section,,,READ_CONTROL|DELETE|WRITE_DAC|WRITE_OWNER|QUERY|MAP_WRITE|MAP_READ
ReetFPS.exe,15040,DESKTOP-M4PIKSF\dani,0x00005CC4,Section,,,READ_CONTROL|DELETE|WRITE_DAC|WRITE_OWNER|QUERY|MAP_WRITE|MAP_READ
ReetFPS.exe,15040,DESKTOP-M4PIKSF\dani,0x00005CC8,Section,,,READ_CONTROL|DELETE|WRITE_DAC|WRITE_OWNER|QUERY|MAP_WRITE|MAP_READ
ReetFPS.exe,15040,DESKTOP-M4PIKSF\dani,0x00005CCC,Section,,,READ_CONTROL|DELETE|WRITE_DAC|WRITE_OWNER|QUERY|MAP_WRITE|MAP_READ
ReetFPS.exe,15040,DESKTOP-M4PIKSF\dani,0x00005CD0,Section,,,READ_CONTROL|DELETE|WRITE_DAC|WRITE_OWNER|QUERY|MAP_WRITE|MAP_READ
ReetFPS.exe,15040,DESKTOP-M4PIKSF\dani,0x00005CD4,Section,,,READ_CONTROL|DELETE|WRITE_DAC|WRITE_OWNER|QUERY|MAP_WRITE|MAP_READ
ReetFPS.exe,15040,DESKTOP-M4PIKSF\dani,0x00005CD8,Section,,,READ_CONTROL|DELETE|WRITE_DAC|WRITE_OWNER|QUERY|MAP_WRITE|MAP_READ
ReetFPS.exe,15040,DESKTOP-M4PIKSF\dani,0x00005CDC,Section,,,READ_CONTROL|DELETE|WRITE_DAC|WRITE_OWNER|QUERY|MAP_WRITE|MAP_READ
ReetFPS.exe,15040,DESKTOP-M4PIKSF\dani,0x00005CE0,Section,,,READ_CONTROL|DELETE|WRITE_DAC|WRITE_OWNER|QUERY|MAP_WRITE|MAP_READ
ReetFPS.exe,15040,DESKTOP-M4PIKSF\dani,0x00005CE4,Section,,,READ_CONTROL|DELETE|WRITE_DAC|WRITE_OWNER|QUERY|MAP_WRITE|MAP_READ
ReetFPS.exe,15040,DESKTOP-M4PIKSF\dani,0x00005CE8,Section,,,READ_CONTROL|DELETE|WRITE_DAC|WRITE_OWNER|QUERY|MAP_WRITE|MAP_READ
ReetFPS.exe,15040,DESKTOP-M4PIKSF\dani,0x00005CEC,Section,,,READ_CONTROL|DELETE|WRITE_DAC|WRITE_OWNER|QUERY|MAP_WRITE|MAP_READ
ReetFPS.exe,15040,DESKTOP-M4PIKSF\dani,0x00005CF0,Section,,,READ_CONTROL|DELETE|WRITE_DAC|WRITE_OWNER|QUERY|MAP_WRITE|MAP_READ
ReetFPS.exe,15040,DESKTOP-M4PIKSF\dani,0x00005CF4,Section,,,READ_CONTROL|DELETE|WRITE_DAC|WRITE_OWNER|QUERY|MAP_WRITE|MAP_READ
ReetFPS.exe,15040,DESKTOP-M4PIKSF\dani,0x00005CF8,Section,,,READ_CONTROL|DELETE|WRITE_DAC|WRITE_OWNER|QUERY|MAP_WRITE|MAP_READ
ReetFPS.exe,15040,DESKTOP-M4PIKSF\dani,0x00005CFC,Section,,,READ_CONTROL|DELETE|WRITE_DAC|WRITE_OWNER|QUERY|MAP_WRITE|MAP_READ
ReetFPS.exe,15040,DESKTOP-M4PIKSF\dani,0x00005D00,Section,,,READ_CONTROL|DELETE|WRITE_DAC|WRITE_OWNER|QUERY|MAP_WRITE|MAP_READ
ReetFPS.exe,15040,DESKTOP-M4PIKSF\dani,0x00005D04,Section,,,READ_CONTROL|DELETE|WRITE_DAC|WRITE_OWNER|QUERY|MAP_WRITE|MAP_READ
ReetFPS.exe,15040,DESKTOP-M4PIKSF\dani,0x00005D08,Section,,,READ_CONTROL|DELETE|WRITE_DAC|WRITE_OWNER|QUERY|MAP_WRITE|MAP_READ
ReetFPS.exe,15040,DESKTOP-M4PIKSF\dani,0x00005D0C,Section,,,READ_CONTROL|DELETE|WRITE_DAC|WRITE_OWNER|QUERY|MAP_WRITE|MAP_READ
ReetFPS.exe,15040,DESKTOP-M4PIKSF\dani,0x00005D10,Section,,,READ_CONTROL|DELETE|WRITE_DAC|WRITE_OWNER|QUERY|MAP_WRITE|MAP_READ
ReetFPS.exe,15040,DESKTOP-M4PIKSF\dani,0x00005D14,Section,,,READ_CONTROL|DELETE|WRITE_DAC|WRITE_OWNER|QUERY|MAP_WRITE|MAP_READ
ReetFPS.exe,15040,DESKTOP-M4PIKSF\dani,0x00005D18,Section,,,READ_CONTROL|DELETE|WRITE_DAC|WRITE_OWNER|QUERY|MAP_WRITE|MAP_READ
ReetFPS.exe,15040,DESKTOP-M4PIKSF\dani,0x00005D1C,Section,,,READ_CONTROL|DELETE|WRITE_DAC|WRITE_OWNER|QUERY|MAP_WRITE|MAP_READ
ReetFPS.exe,15040,DESKTOP-M4PIKSF\dani,0x00005D20,Section,,,READ_CONTROL|DELETE|WRITE_DAC|WRITE_OWNER|QUERY|MAP_WRITE|MAP_READ
ReetFPS.exe,15040,DESKTOP-M4PIKSF\dani,0x00005D28,Section,,,READ_CONTROL|DELETE|WRITE_DAC|WRITE_OWNER|QUERY|MAP_WRITE|MAP_READ
ReetFPS.exe,15040,DESKTOP-M4PIKSF\dani,0x00005D2C,Section,,,READ_CONTROL|DELETE|WRITE_DAC|WRITE_OWNER|QUERY|MAP_WRITE|MAP_READ
ReetFPS.exe,15040,DESKTOP-M4PIKSF\dani,0x00005D30,Section,,,READ_CONTROL|DELETE|WRITE_DAC|WRITE_OWNER|QUERY|MAP_WRITE|MAP_READ
ReetFPS.exe,15040,DESKTOP-M4PIKSF\dani,0x00005D34,Section,,,READ_CONTROL|DELETE|WRITE_DAC|WRITE_OWNER|QUERY|MAP_WRITE|MAP_READ
ReetFPS.exe,15040,DESKTOP-M4PIKSF\dani,0x00005D38,Section,,,READ_CONTROL|DELETE|WRITE_DAC|WRITE_OWNER|QUERY|MAP_WRITE|MAP_READ
ReetFPS.exe,15040,DESKTOP-M4PIKSF\dani,0x00005D3C,Section,,,READ_CONTROL|DELETE|WRITE_DAC|WRITE_OWNER|QUERY|MAP_WRITE|MAP_READ
ReetFPS.exe,15040,DESKTOP-M4PIKSF\dani,0x00005D40,Section,,,READ_CONTROL|DELETE|WRITE_DAC|WRITE_OWNER|QUERY|MAP_WRITE|MAP_READ
ReetFPS.exe,15040,DESKTOP-M4PIKSF\dani,0x00005D44,Section,,,READ_CONTROL|DELETE|WRITE_DAC|WRITE_OWNER|QUERY|MAP_WRITE|MAP_READ
ReetFPS.exe,15040,DESKTOP-M4PIKSF\dani,0x00005D48,Section,,,READ_CONTROL|DELETE|WRITE_DAC|WRITE_OWNER|QUERY|MAP_WRITE|MAP_READ
ReetFPS.exe,15040,DESKTOP-M4PIKSF\dani,0x00005D4C,Section,,,READ_CONTROL|DELETE|WRITE_DAC|WRITE_OWNER|QUERY|MAP_WRITE|MAP_READ
ReetFPS.exe,15040,DESKTOP-M4PIKSF\dani,0x00005D50,Section,,,READ_CONTROL|DELETE|WRITE_DAC|WRITE_OWNER|QUERY|MAP_WRITE|MAP_READ
ReetFPS.exe,15040,DESKTOP-M4PIKSF\dani,0x00005D54,Section,,,READ_CONTROL|DELETE|WRITE_DAC|WRITE_OWNER|QUERY|MAP_WRITE|MAP_READ
ReetFPS.exe,15040,DESKTOP-M4PIKSF\dani,0x00005D58,Section,,,READ_CONTROL|DELETE|WRITE_DAC|WRITE_OWNER|QUERY|MAP_WRITE|MAP_READ
ReetFPS.exe,15040,DESKTOP-M4PIKSF\dani,0x00005D5C,Section,,,READ_CONTROL|DELETE|WRITE_DAC|WRITE_OWNER|QUERY|MAP_WRITE|MAP_READ
ReetFPS.exe,15040,DESKTOP-M4PIKSF\dani,0x00005D60,Section,,,READ_CONTROL|DELETE|WRITE_DAC|WRITE_OWNER|QUERY|MAP_WRITE|MAP_READ
ReetFPS.exe,15040,DESKTOP-M4PIKSF\dani,0x00005D64,Section,,,READ_CONTROL|DELETE|WRITE_DAC|WRITE_OWNER|QUERY|MAP_WRITE|MAP_READ
ReetFPS.exe,15040,DESKTOP-M4PIKSF\dani,0x00005D68,Section,,,READ_CONTROL|DELETE|WRITE_DAC|WRITE_OWNER|QUERY|MAP_WRITE|MAP_READ
ReetFPS.exe,15040,DESKTOP-M4PIKSF\dani,0x00005D6C,Section,,,READ_CONTROL|DELETE|WRITE_DAC|WRITE_OWNER|QUERY|MAP_WRITE|MAP_READ
ReetFPS.exe,15040,DESKTOP-M4PIKSF\dani,0x00005D70,Section,,,READ_CONTROL|DELETE|WRITE_DAC|WRITE_OWNER|QUERY|MAP_WRITE|MAP_READ
ReetFPS.exe,15040,DESKTOP-M4PIKSF\dani,0x00005D74,Section,,,READ_CONTROL|DELETE|WRITE_DAC|WRITE_OWNER|QUERY|MAP_WRITE|MAP_READ
ReetFPS.exe,15040,DESKTOP-M4PIKSF\dani,0x00005D78,Section,,,READ_CONTROL|DELETE|WRITE_DAC|WRITE_OWNER|QUERY|MAP_WRITE|MAP_READ
ReetFPS.exe,15040,DESKTOP-M4PIKSF\dani,0x00005D80,Section,,,READ_CONTROL|DELETE|WRITE_DAC|WRITE_OWNER|QUERY|MAP_WRITE|MAP_READ
ReetFPS.exe,15040,DESKTOP-M4PIKSF\dani,0x00005D84,Section,,,READ_CONTROL|DELETE|WRITE_DAC|WRITE_OWNER|QUERY|MAP_WRITE|MAP_READ
ReetFPS.exe,15040,DESKTOP-M4PIKSF\dani,0x00005D88,Section,,,READ_CONTROL|DELETE|WRITE_DAC|WRITE_OWNER|QUERY|MAP_WRITE|MAP_READ
ReetFPS.exe,15040,DESKTOP-M4PIKSF\dani,0x00005D8C,Section,,,READ_CONTROL|DELETE|WRITE_DAC|WRITE_OWNER|QUERY|MAP_WRITE|MAP_READ
ReetFPS.exe,15040,DESKTOP-M4PIKSF\dani,0x00005D90,Section,,,READ_CONTROL|DELETE|WRITE_DAC|WRITE_OWNER|QUERY|MAP_WRITE|MAP_READ
ReetFPS.exe,15040,DESKTOP-M4PIKSF\dani,0x00005D94,Section,,,READ_CONTROL|DELETE|WRITE_DAC|WRITE_OWNER|QUERY|MAP_WRITE|MAP_READ
ReetFPS.exe,15040,DESKTOP-M4PIKSF\dani,0x00005D98,Section,,,READ_CONTROL|DELETE|WRITE_DAC|WRITE_OWNER|QUERY|MAP_WRITE|MAP_READ
ReetFPS.exe,15040,DESKTOP-M4PIKSF\dani,0x00005D9C,Section,,,READ_CONTROL|DELETE|WRITE_DAC|WRITE_OWNER|QUERY|MAP_WRITE|MAP_READ
ReetFPS.exe,15040,DESKTOP-M4PIKSF\dani,0x00005DA0,Section,,,READ_CONTROL|DELETE|WRITE_DAC|WRITE_OWNER|QUERY|MAP_WRITE|MAP_READ
ReetFPS.exe,15040,DESKTOP-M4PIKSF\dani,0x00005DA4,Section,,,READ_CONTROL|DELETE|WRITE_DAC|WRITE_OWNER|QUERY|MAP_WRITE|MAP_READ
ReetFPS.exe,15040,DESKTOP-M4PIKSF\dani,0x00005DA8,Section,,,READ_CONTROL|DELETE|WRITE_DAC|WRITE_OWNER|QUERY|MAP_WRITE|MAP_READ
ReetFPS.exe,15040,DESKTOP-M4PIKSF\dani,0x00005DAC,Section,,,READ_CONTROL|DELETE|WRITE_DAC|WRITE_OWNER|QUERY|MAP_WRITE|MAP_READ
ReetFPS.exe,15040,DESKTOP-M4PIKSF\dani,0x00005DB0,Section,,,READ_CONTROL|DELETE|WRITE_DAC|WRITE_OWNER|QUERY|MAP_WRITE|MAP_READ
ReetFPS.exe,15040,DESKTOP-M4PIKSF\dani,0x00005DB4,Section,,,READ_CONTROL|DELETE|WRITE_DAC|WRITE_OWNER|QUERY|MAP_WRITE|MAP_READ
ReetFPS.exe,15040,DESKTOP-M4PIKSF\dani,0x00005DB8,Section,,,READ_CONTROL|DELETE|WRITE_DAC|WRITE_OWNER|QUERY|MAP_WRITE|MAP_READ
ReetFPS.exe,15040,DESKTOP-M4PIKSF\dani,0x00005DBC,Section,,,READ_CONTROL|DELETE|WRITE_DAC|WRITE_OWNER|QUERY|MAP_WRITE|MAP_READ
ReetFPS.exe,15040,DESKTOP-M4PIKSF\dani,0x00005DC0,Section,,,READ_CONTROL|DELETE|WRITE_DAC|WRITE_OWNER|QUERY|MAP_WRITE|MAP_READ
ReetFPS.exe,15040,DESKTOP-M4PIKSF\dani,0x00005DC4,Section,,,READ_CONTROL|DELETE|WRITE_DAC|WRITE_OWNER|QUERY|MAP_WRITE|MAP_READ
ReetFPS.exe,15040,DESKTOP-M4PIKSF\dani,0x00005DC8,Section,,,READ_CONTROL|DELETE|WRITE_DAC|WRITE_OWNER|QUERY|MAP_WRITE|MAP_READ
ReetFPS.exe,15040,DESKTOP-M4PIKSF\dani,0x00005DCC,Section,,,READ_CONTROL|DELETE|WRITE_DAC|WRITE_OWNER|QUERY|MAP_WRITE|MAP_READ
ReetFPS.exe,15040,DESKTOP-M4PIKSF\dani,0x00005DD0,Section,,,READ_CONTROL|DELETE|WRITE_DAC|WRITE_OWNER|QUERY|MAP_WRITE|MAP_READ
ReetFPS.exe,15040,DESKTOP-M4PIKSF\dani,0x00005DD4,Section,,,READ_CONTROL|DELETE|WRITE_DAC|WRITE_OWNER|QUERY|MAP_WRITE|MAP_READ
ReetFPS.exe,15040,DESKTOP-M4PIKSF\dani,0x00005DD8,Section,,,READ_CONTROL|DELETE|WRITE_DAC|WRITE_OWNER|QUERY|MAP_WRITE|MAP_READ
ReetFPS.exe,15040,DESKTOP-M4PIKSF\dani,0x00005DDC,Section,,,READ_CONTROL|DELETE|WRITE_DAC|WRITE_OWNER|QUERY|MAP_WRITE|MAP_READ
ReetFPS.exe,15040,DESKTOP-M4PIKSF\dani,0x00005DE0,Section,,,READ_CONTROL|DELETE|WRITE_DAC|WRITE_OWNER|QUERY|MAP_WRITE|MAP_READ
ReetFPS.exe,15040,DESKTOP-M4PIKSF\dani,0x00005DE4,Section,,,READ_CONTROL|DELETE|WRITE_DAC|WRITE_OWNER|QUERY|MAP_WRITE|MAP_READ
ReetFPS.exe,15040,DESKTOP-M4PIKSF\dani,0x00005DE8,Section,,,READ_CONTROL|DELETE|WRITE_DAC|WRITE_OWNER|QUERY|MAP_WRITE|MAP_READ
ReetFPS.exe,15040,DESKTOP-M4PIKSF\dani,0x00005DEC,Section,,,READ_CONTROL|DELETE|WRITE_DAC|WRITE_OWNER|QUERY|MAP_WRITE|MAP_READ
ReetFPS.exe,15040,DESKTOP-M4PIKSF\dani,0x00005DF4,Section,,,READ_CONTROL|DELETE|WRITE_DAC|WRITE_OWNER|QUERY|MAP_WRITE|MAP_READ
ReetFPS.exe,15040,DESKTOP-M4PIKSF\dani,0x00005DF8,Section,,,READ_CONTROL|DELETE|WRITE_DAC|WRITE_OWNER|QUERY|MAP_WRITE|MAP_READ
ReetFPS.exe,15040,DESKTOP-M4PIKSF\dani,0x00005DFC,Section,,,READ_CONTROL|DELETE|WRITE_DAC|WRITE_OWNER|QUERY|MAP_WRITE|MAP_READ
ReetFPS.exe,15040,DESKTOP-M4PIKSF\dani,0x00005E00,Section,,,READ_CONTROL|DELETE|WRITE_DAC|WRITE_OWNER|QUERY|MAP_WRITE|MAP_READ
ReetFPS.exe,15040,DESKTOP-M4PIKSF\dani,0x00005E04,Section,,,READ_CONTROL|DELETE|WRITE_DAC|WRITE_OWNER|QUERY|MAP_WRITE|MAP_READ
ReetFPS.exe,15040,DESKTOP-M4PIKSF\dani,0x00005E08,Section,,,READ_CONTROL|DELETE|WRITE_DAC|WRITE_OWNER|QUERY|MAP_WRITE|MAP_READ
ReetFPS.exe,15040,DESKTOP-M4PIKSF\dani,0x00005E0C,Section,,,READ_CONTROL|DELETE|WRITE_DAC|WRITE_OWNER|QUERY|MAP_WRITE|MAP_READ
ReetFPS.exe,15040,DESKTOP-M4PIKSF\dani,0x00005E14,Section,,,READ_CONTROL|DELETE|WRITE_DAC|WRITE_OWNER|QUERY|MAP_WRITE|MAP_READ
ReetFPS.exe,15040,DESKTOP-M4PIKSF\dani,0x00005E18,Section,,,READ_CONTROL|DELETE|WRITE_DAC|WRITE_OWNER|QUERY|MAP_WRITE|MAP_READ
ReetFPS.exe,15040,DESKTOP-M4PIKSF\dani,0x00005E1C,Section,,,READ_CONTROL|DELETE|WRITE_DAC|WRITE_OWNER|QUERY|MAP_WRITE|MAP_READ
ReetFPS.exe,15040,DESKTOP-M4PIKSF\dani,0x00005E20,Section,,,READ_CONTROL|DELETE|WRITE_DAC|WRITE_OWNER|QUERY|MAP_WRITE|MAP_READ
ReetFPS.exe,15040,DESKTOP-M4PIKSF\dani,0x00005E24,Section,,,READ_CONTROL|DELETE|WRITE_DAC|WRITE_OWNER|QUERY|MAP_WRITE|MAP_READ
ReetFPS.exe,15040,DESKTOP-M4PIKSF\dani,0x00005E28,Section,,,READ_CONTROL|DELETE|WRITE_DAC|WRITE_OWNER|QUERY|MAP_WRITE|MAP_READ
ReetFPS.exe,15040,DESKTOP-M4PIKSF\dani,0x00005E2C,Section,,,READ_CONTROL|DELETE|WRITE_DAC|WRITE_OWNER|QUERY|MAP_WRITE|MAP_READ
ReetFPS.exe,15040,DESKTOP-M4PIKSF\dani,0x00005E30,Section,,,READ_CONTROL|DELETE|WRITE_DAC|WRITE_OWNER|QUERY|MAP_WRITE|MAP_READ
ReetFPS.exe,15040,DESKTOP-M4PIKSF\dani,0x00005E34,Section,,,READ_CONTROL|DELETE|WRITE_DAC|WRITE_OWNER|QUERY|MAP_WRITE|MAP_READ
ReetFPS.exe,15040,DESKTOP-M4PIKSF\dani,0x00005E38,Section,,,READ_CONTROL|DELETE|WRITE_DAC|WRITE_OWNER|QUERY|MAP_WRITE|MAP_READ
ReetFPS.exe,15040,DESKTOP-M4PIKSF\dani,0x00005E3C,Section,,,READ_CONTROL|DELETE|WRITE_DAC|WRITE_OWNER|QUERY|MAP_WRITE|MAP_READ
ReetFPS.exe,15040,DESKTOP-M4PIKSF\dani,0x00005E40,Section,,,READ_CONTROL|DELETE|WRITE_DAC|WRITE_OWNER|QUERY|MAP_WRITE|MAP_READ
ReetFPS.exe,15040,DESKTOP-M4PIKSF\dani,0x00005E44,Section,,,READ_CONTROL|DELETE|WRITE_DAC|WRITE_OWNER|QUERY|MAP_WRITE|MAP_READ
ReetFPS.exe,15040,DESKTOP-M4PIKSF\dani,0x00005E48,Section,,,READ_CONTROL|DELETE|WRITE_DAC|WRITE_OWNER|QUERY|MAP_WRITE|MAP_READ
ReetFPS.exe,15040,DESKTOP-M4PIKSF\dani,0x00005E4C,Section,,,READ_CONTROL|DELETE|WRITE_DAC|WRITE_OWNER|QUERY|MAP_WRITE|MAP_READ
ReetFPS.exe,15040,DESKTOP-M4PIKSF\dani,0x00005E50,Section,,,READ_CONTROL|DELETE|WRITE_DAC|WRITE_OWNER|QUERY|MAP_WRITE|MAP_READ
ReetFPS.exe,15040,DESKTOP-M4PIKSF\dani,0x00005E54,Section,,,READ_CONTROL|DELETE|WRITE_DAC|WRITE_OWNER|QUERY|MAP_WRITE|MAP_READ
ReetFPS.exe,15040,DESKTOP-M4PIKSF\dani,0x00005E58,Section,,,READ_CONTROL|DELETE|WRITE_DAC|WRITE_OWNER|QUERY|MAP_WRITE|MAP_READ
ReetFPS.exe,15040,DESKTOP-M4PIKSF\dani,0x00005E5C,Section,,,READ_CONTROL|DELETE|WRITE_DAC|WRITE_OWNER|QUERY|MAP_WRITE|MAP_READ
ReetFPS.exe,15040,DESKTOP-M4PIKSF\dani,0x00005E60,Section,,,READ_CONTROL|DELETE|WRITE_DAC|WRITE_OWNER|QUERY|MAP_WRITE|MAP_READ
ReetFPS.exe,15040,DESKTOP-M4PIKSF\dani,0x00005E64,Section,,,READ_CONTROL|DELETE|WRITE_DAC|WRITE_OWNER|QUERY|MAP_WRITE|MAP_READ
ReetFPS.exe,15040,DESKTOP-M4PIKSF\dani,0x00005E68,Section,,,READ_CONTROL|DELETE|WRITE_DAC|WRITE_OWNER|QUERY|MAP_WRITE|MAP_READ
ReetFPS.exe,15040,DESKTOP-M4PIKSF\dani,0x00005E6C,Section,,,READ_CONTROL|DELETE|WRITE_DAC|WRITE_OWNER|QUERY|MAP_WRITE|MAP_READ
ReetFPS.exe,15040,DESKTOP-M4PIKSF\dani,0x00005E70,Section,,,READ_CONTROL|DELETE|WRITE_DAC|WRITE_OWNER|QUERY|MAP_WRITE|MAP_READ
ReetFPS.exe,15040,DESKTOP-M4PIKSF\dani,0x00005E78,Section,,,READ_CONTROL|DELETE|WRITE_DAC|WRITE_OWNER|QUERY|MAP_WRITE|MAP_READ
ReetFPS.exe,15040,DESKTOP-M4PIKSF\dani,0x00005E7C,Section,,,READ_CONTROL|DELETE|WRITE_DAC|WRITE_OWNER|QUERY|MAP_WRITE|MAP_READ
ReetFPS.exe,15040,DESKTOP-M4PIKSF\dani,0x00005E80,Section,,,READ_CONTROL|DELETE|WRITE_DAC|WRITE_OWNER|QUERY|MAP_WRITE|MAP_READ
ReetFPS.exe,15040,DESKTOP-M4PIKSF\dani,0x00005E84,Section,,,READ_CONTROL|DELETE|WRITE_DAC|WRITE_OWNER|QUERY|MAP_WRITE|MAP_READ
ReetFPS.exe,15040,DESKTOP-M4PIKSF\dani,0x00005E88,Section,,,READ_CONTROL|DELETE|WRITE_DAC|WRITE_OWNER|QUERY|MAP_WRITE|MAP_READ
ReetFPS.exe,15040,DESKTOP-M4PIKSF\dani,0x00005E8C,Section,,,READ_CONTROL|DELETE|WRITE_DAC|WRITE_OWNER|QUERY|MAP_WRITE|MAP_READ
ReetFPS.exe,15040,DESKTOP-M4PIKSF\dani,0x00005E90,Section,,,READ_CONTROL|DELETE|WRITE_DAC|WRITE_OWNER|QUERY|MAP_WRITE|MAP_READ
ReetFPS.exe,15040,DESKTOP-M4PIKSF\dani,0x00005E98,Section,,,READ_CONTROL|DELETE|WRITE_DAC|WRITE_OWNER|QUERY|MAP_WRITE|MAP_READ
ReetFPS.exe,15040,DESKTOP-M4PIKSF\dani,0x00005E9C,Section,,,READ_CONTROL|DELETE|WRITE_DAC|WRITE_OWNER|QUERY|MAP_WRITE|MAP_READ
ReetFPS.exe,15040,DESKTOP-M4PIKSF\dani,0x00005EA0,Thread,,ReetFPS.exe(15040): 21760,READ_CONTROL|DELETE|SYNCHRONIZE|WRITE_DAC|WRITE_OWNER|THREAD_ALL_ACCESS
ReetFPS.exe,15040,DESKTOP-M4PIKSF\dani,0x00005EA4,Section,,,READ_CONTROL|DELETE|WRITE_DAC|WRITE_OWNER|QUERY|MAP_WRITE|MAP_READ
ReetFPS.exe,15040,DESKTOP-M4PIKSF\dani,0x00005EA8,Section,,,READ_CONTROL|DELETE|WRITE_DAC|WRITE_OWNER|QUERY|MAP_WRITE|MAP_READ
ReetFPS.exe,15040,DESKTOP-M4PIKSF\dani,0x00005EAC,Section,,,READ_CONTROL|DELETE|WRITE_DAC|WRITE_OWNER|QUERY|MAP_WRITE|MAP_READ
ReetFPS.exe,15040,DESKTOP-M4PIKSF\dani,0x00005EB0,Section,,,READ_CONTROL|DELETE|WRITE_DAC|WRITE_OWNER|QUERY|MAP_WRITE|MAP_READ
ReetFPS.exe,15040,DESKTOP-M4PIKSF\dani,0x00005EB4,Section,,,READ_CONTROL|DELETE|WRITE_DAC|WRITE_OWNER|QUERY|MAP_WRITE|MAP_READ
ReetFPS.exe,15040,DESKTOP-M4PIKSF\dani,0x00005EB8,Section,,,READ_CONTROL|DELETE|WRITE_DAC|WRITE_OWNER|QUERY|MAP_WRITE|MAP_READ
ReetFPS.exe,15040,DESKTOP-M4PIKSF\dani,0x00005EBC,Section,,,READ_CONTROL|DELETE|WRITE_DAC|WRITE_OWNER|QUERY|MAP_WRITE|MAP_READ
ReetFPS.exe,15040,DESKTOP-M4PIKSF\dani,0x00005EC0,Section,,,READ_CONTROL|DELETE|WRITE_DAC|WRITE_OWNER|QUERY|MAP_WRITE|MAP_READ
ReetFPS.exe,15040,DESKTOP-M4PIKSF\dani,0x00005EC4,Section,,,READ_CONTROL|DELETE|WRITE_DAC|WRITE_OWNER|QUERY|MAP_WRITE|MAP_READ
ReetFPS.exe,15040,DESKTOP-M4PIKSF\dani,0x00005EC8,Section,,,READ_CONTROL|DELETE|WRITE_DAC|WRITE_OWNER|QUERY|MAP_WRITE|MAP_READ
ReetFPS.exe,15040,DESKTOP-M4PIKSF\dani,0x00005ECC,Section,,,READ_CONTROL|DELETE|WRITE_DAC|WRITE_OWNER|QUERY|MAP_WRITE|MAP_READ
ReetFPS.exe,15040,DESKTOP-M4PIKSF\dani,0x00005ED0,Section,,,READ_CONTROL|DELETE|WRITE_DAC|WRITE_OWNER|QUERY|MAP_WRITE|MAP_READ
ReetFPS.exe,15040,DESKTOP-M4PIKSF\dani,0x00005ED4,Section,,,READ_CONTROL|DELETE|WRITE_DAC|WRITE_OWNER|QUERY|MAP_WRITE|MAP_READ
ReetFPS.exe,15040,DESKTOP-M4PIKSF\dani,0x00005ED8,Section,,,READ_CONTROL|DELETE|WRITE_DAC|WRITE_OWNER|QUERY|MAP_WRITE|MAP_READ
ReetFPS.exe,15040,DESKTOP-M4PIKSF\dani,0x00005EDC,Section,,,READ_CONTROL|DELETE|WRITE_DAC|WRITE_OWNER|QUERY|MAP_WRITE|MAP_READ
ReetFPS.exe,15040,DESKTOP-M4PIKSF\dani,0x00005EE0,Section,,,READ_CONTROL|DELETE|WRITE_DAC|WRITE_OWNER|QUERY|MAP_WRITE|MAP_READ
ReetFPS.exe,15040,DESKTOP-M4PIKSF\dani,0x00005EE4,Section,,,READ_CONTROL|DELETE|WRITE_DAC|WRITE_OWNER|QUERY|MAP_WRITE|MAP_READ
ReetFPS.exe,15040,DESKTOP-M4PIKSF\dani,0x00005EE8,Section,,,READ_CONTROL|DELETE|WRITE_DAC|WRITE_OWNER|QUERY|MAP_WRITE|MAP_READ
ReetFPS.exe,15040,DESKTOP-M4PIKSF\dani,0x00005EEC,Section,,,READ_CONTROL|DELETE|WRITE_DAC|WRITE_OWNER|QUERY|MAP_WRITE|MAP_READ
ReetFPS.exe,15040,DESKTOP-M4PIKSF\dani,0x00005EF0,Section,,,READ_CONTROL|DELETE|WRITE_DAC|WRITE_OWNER|QUERY|MAP_WRITE|MAP_READ
ReetFPS.exe,15040,DESKTOP-M4PIKSF\dani,0x00005EF4,Section,,,READ_CONTROL|DELETE|WRITE_DAC|WRITE_OWNER|QUERY|MAP_WRITE|MAP_READ
ReetFPS.exe,15040,DESKTOP-M4PIKSF\dani,0x00005EF8,Section,,,READ_CONTROL|DELETE|WRITE_DAC|WRITE_OWNER|QUERY|MAP_WRITE|MAP_READ
ReetFPS.exe,15040,DESKTOP-M4PIKSF\dani,0x00005F00,Section,,,READ_CONTROL|DELETE|WRITE_DAC|WRITE_OWNER|QUERY|MAP_WRITE|MAP_READ
ReetFPS.exe,15040,DESKTOP-M4PIKSF\dani,0x00005F04,Section,,,READ_CONTROL|DELETE|WRITE_DAC|WRITE_OWNER|QUERY|MAP_WRITE|MAP_READ
ReetFPS.exe,15040,DESKTOP-M4PIKSF\dani,0x00005F0C,Section,,,READ_CONTROL|DELETE|WRITE_DAC|WRITE_OWNER|QUERY|MAP_WRITE|MAP_READ
ReetFPS.exe,15040,DESKTOP-M4PIKSF\dani,0x00005F10,Section,,,READ_CONTROL|DELETE|WRITE_DAC|WRITE_OWNER|QUERY|MAP_WRITE|MAP_READ
ReetFPS.exe,15040,DESKTOP-M4PIKSF\dani,0x00005F14,Section,,,READ_CONTROL|DELETE|WRITE_DAC|WRITE_OWNER|QUERY|MAP_WRITE|MAP_READ
ReetFPS.exe,15040,DESKTOP-M4PIKSF\dani,0x00005F1C,Section,,,READ_CONTROL|DELETE|WRITE_DAC|WRITE_OWNER|QUERY|MAP_WRITE|MAP_READ
ReetFPS.exe,15040,DESKTOP-M4PIKSF\dani,0x00005F24,Section,,,READ_CONTROL|DELETE|WRITE_DAC|WRITE_OWNER|QUERY|MAP_WRITE|MAP_READ
ReetFPS.exe,15040,DESKTOP-M4PIKSF\dani,0x00005F28,Section,,,READ_CONTROL|DELETE|WRITE_DAC|WRITE_OWNER|QUERY|MAP_WRITE|MAP_READ
ReetFPS.exe,15040,DESKTOP-M4PIKSF\dani,0x00005F30,Section,,,READ_CONTROL|DELETE|WRITE_DAC|WRITE_OWNER|QUERY|MAP_WRITE|MAP_READ
ReetFPS.exe,15040,DESKTOP-M4PIKSF\dani,0x00005F34,Section,,,READ_CONTROL|DELETE|WRITE_DAC|WRITE_OWNER|QUERY|MAP_WRITE|MAP_READ
ReetFPS.exe,15040,DESKTOP-M4PIKSF\dani,0x00005F38,Section,,,READ_CONTROL|DELETE|WRITE_DAC|WRITE_OWNER|QUERY|MAP_WRITE|MAP_READ
ReetFPS.exe,15040,DESKTOP-M4PIKSF\dani,0x00005F3C,Section,,,READ_CONTROL|DELETE|WRITE_DAC|WRITE_OWNER|QUERY|MAP_WRITE|MAP_READ
ReetFPS.exe,15040,DESKTOP-M4PIKSF\dani,0x00005F40,Section,,,READ_CONTROL|DELETE|WRITE_DAC|WRITE_OWNER|QUERY|MAP_WRITE|MAP_READ
ReetFPS.exe,15040,DESKTOP-M4PIKSF\dani,0x00005F48,Section,,,READ_CONTROL|DELETE|WRITE_DAC|WRITE_OWNER|QUERY|MAP_WRITE|MAP_READ
ReetFPS.exe,15040,DESKTOP-M4PIKSF\dani,0x00005F4C,Section,,,READ_CONTROL|DELETE|WRITE_DAC|WRITE_OWNER|QUERY|MAP_WRITE|MAP_READ
ReetFPS.exe,15040,DESKTOP-M4PIKSF\dani,0x00005F54,Section,,,READ_CONTROL|DELETE|WRITE_DAC|WRITE_OWNER|QUERY|MAP_WRITE|MAP_READ
ReetFPS.exe,15040,DESKTOP-M4PIKSF\dani,0x00005F58,Section,,,READ_CONTROL|DELETE|WRITE_DAC|WRITE_OWNER|QUERY|MAP_WRITE|MAP_READ
ReetFPS.exe,15040,DESKTOP-M4PIKSF\dani,0x00005F64,Section,,,READ_CONTROL|DELETE|WRITE_DAC|WRITE_OWNER|QUERY|MAP_WRITE|MAP_READ
ReetFPS.exe,15040,DESKTOP-M4PIKSF\dani,0x00005F70,Section,,,READ_CONTROL|DELETE|WRITE_DAC|WRITE_OWNER|QUERY|MAP_WRITE|MAP_READ
ReetFPS.exe,15040,DESKTOP-M4PIKSF\dani,0x00005F7C,Section,,,READ_CONTROL|DELETE|WRITE_DAC|WRITE_OWNER|QUERY|MAP_WRITE|MAP_READ
ReetFPS.exe,15040,DESKTOP-M4PIKSF\dani,0x00005F84,Section,,,READ_CONTROL|DELETE|WRITE_DAC|WRITE_OWNER|QUERY|MAP_WRITE|MAP_READ
ReetFPS.exe,15040,DESKTOP-M4PIKSF\dani,0x00005F8C,Section,,,READ_CONTROL|DELETE|WRITE_DAC|WRITE_OWNER|QUERY|MAP_WRITE|MAP_READ
ReetFPS.exe,15040,DESKTOP-M4PIKSF\dani,0x00005F90,Section,,,READ_CONTROL|DELETE|WRITE_DAC|WRITE_OWNER|QUERY|MAP_WRITE|MAP_READ
ReetFPS.exe,15040,DESKTOP-M4PIKSF\dani,0x00005F94,Section,,,READ_CONTROL|DELETE|WRITE_DAC|WRITE_OWNER|QUERY|MAP_WRITE|MAP_READ
ReetFPS.exe,15040,DESKTOP-M4PIKSF\dani,0x00005FA0,Section,,,READ_CONTROL|DELETE|WRITE_DAC|WRITE_OWNER|QUERY|MAP_WRITE|MAP_READ
ReetFPS.exe,15040,DESKTOP-M4PIKSF\dani,0x00005FB0,Section,,,READ_CONTROL|DELETE|WRITE_DAC|WRITE_OWNER|QUERY|MAP_WRITE|MAP_READ
ReetFPS.exe,15040,DESKTOP-M4PIKSF\dani,0x00005FB4,Section,,,READ_CONTROL|DELETE|WRITE_DAC|WRITE_OWNER|QUERY|MAP_WRITE|MAP_READ
ReetFPS.exe,15040,DESKTOP-M4PIKSF\dani,0x00005FB8,Section,,,READ_CONTROL|DELETE|WRITE_DAC|WRITE_OWNER|QUERY|MAP_WRITE|MAP_READ
ReetFPS.exe,15040,DESKTOP-M4PIKSF\dani,0x00005FC0,Section,,,READ_CONTROL|DELETE|WRITE_DAC|WRITE_OWNER|QUERY|MAP_WRITE|MAP_READ
ReetFPS.exe,15040,DESKTOP-M4PIKSF\dani,0x00005FC4,Section,,,READ_CONTROL|DELETE|WRITE_DAC|WRITE_OWNER|QUERY|MAP_WRITE|MAP_READ
ReetFPS.exe,15040,DESKTOP-M4PIKSF\dani,0x00005FC8,Section,,,READ_CONTROL|DELETE|WRITE_DAC|WRITE_OWNER|QUERY|MAP_WRITE|MAP_READ
ReetFPS.exe,15040,DESKTOP-M4PIKSF\dani,0x00005FE8,Section,,,READ_CONTROL|DELETE|WRITE_DAC|WRITE_OWNER|QUERY|MAP_WRITE|MAP_READ
ReetFPS.exe,15040,DESKTOP-M4PIKSF\dani,0x00005FF0,Section,,,READ_CONTROL|DELETE|WRITE_DAC|WRITE_OWNER|QUERY|MAP_WRITE|MAP_READ
ReetFPS.exe,15040,DESKTOP-M4PIKSF\dani,0x00005FF8,Section,,,READ_CONTROL|DELETE|WRITE_DAC|WRITE_OWNER|QUERY|MAP_WRITE|MAP_READ
ReetFPS.exe,15040,DESKTOP-M4PIKSF\dani,0x00005FFC,Section,,,READ_CONTROL|DELETE|WRITE_DAC|WRITE_OWNER|QUERY|MAP_WRITE|MAP_READ
